Date,Strategy,Is_Rebalance_Date,Asset_Count,Nonzero_Weight_Count,Weight_Sum,Min_Weight,Max_Weight,Long_Only,Sum_To_One,Cap_Check_Applies,Max_Weight_Cap,Cap_Respected_On_Rebalance,Top_Ticker,Top_Asset_Class,Top_Weight
2019-10-17,Asset-Class Momentum Rotation,True,37,37,1.0,0.00491127468596661,0.25,True,True,True,0.25,True,VNQI,reits,0.25
2019-10-18,Asset-Class Momentum Rotation,False,37,37,1.0,0.00494904834324918,0.2494940460025729,True,True,False,0.25,True,VNQI,reits,0.2494940460025729
2019-10-21,Asset-Class Momentum Rotation,False,37,37,1.0,0.004925084884004406,0.2488332973514134,True,True,False,0.25,True,VNQI,reits,0.2488332973514134
2019-10-22,Asset-Class Momentum Rotation,False,37,37,0.9999999999999998,0.00489976253690005,0.24949255186364472,True,True,False,0.25,True,VNQI,reits,0.24949255186364472
2019-10-23,Asset-Class Momentum Rotation,False,37,37,1.0,0.004966246993137061,0.2492413008771691,True,True,False,0.25,True,VNQI,reits,0.2492413008771691
2019-10-24,Asset-Class Momentum Rotation,False,37,37,1.0,0.005076352553410233,0.25021131710032074,True,True,False,0.25,True,VNQI,reits,0.25021131710032074
2019-10-25,Asset-Class Momentum Rotation,False,37,37,1.0,0.005151804813527145,0.24929994621338114,True,True,False,0.25,True,VNQI,reits,0.24929994621338114
2019-10-28,Asset-Class Momentum Rotation,False,37,37,1.0,0.005171582949920273,0.24748702082656743,True,True,False,0.25,True,VNQI,reits,0.24748702082656743
2019-10-29,Asset-Class Momentum Rotation,False,37,37,1.0,0.0050885201966518285,0.24747886012446996,True,True,False,0.25,True,VNQI,reits,0.24747886012446996
2019-10-30,Asset-Class Momentum Rotation,False,37,37,1.0,0.005040255291010167,0.2468169412002827,True,True,False,0.25,True,VNQI,reits,0.2468169412002827
2019-10-31,Asset-Class Momentum Rotation,False,37,37,0.9999999999999998,0.004987862591463346,0.24720413028846402,True,True,False,0.25,True,VNQI,reits,0.24720413028846402
2019-11-01,Asset-Class Momentum Rotation,False,37,37,1.0000000000000002,0.004913058589538738,0.24777025077537487,True,True,False,0.25,True,VNQI,reits,0.24777025077537487
2019-11-04,Asset-Class Momentum Rotation,False,37,37,0.9999999999999999,0.005062509928057692,0.24853224346007055,True,True,False,0.25,True,VNQI,reits,0.24853224346007055
2019-11-05,Asset-Class Momentum Rotation,False,37,37,1.0,0.005109933869993376,0.24899969160076424,True,True,False,0.25,True,VNQI,reits,0.24899969160076424
2019-11-06,Asset-Class Momentum Rotation,False,37,37,1.0,0.0051895898886177875,0.24891289749676157,True,True,False,0.25,True,VNQI,reits,0.24891289749676157
2019-11-07,Asset-Class Momentum Rotation,False,37,37,0.9999999999999999,0.005127572306471425,0.24884351090705628,True,True,False,0.25,True,VNQI,reits,0.24884351090705628
2019-11-08,Asset-Class Momentum Rotation,False,37,37,1.0,0.005188182298119936,0.24968841226336197,True,True,False,0.25,True,VNQI,reits,0.24968841226336197
2019-11-11,Asset-Class Momentum Rotation,False,37,37,1.0,0.0052677015345709574,0.24954507100548667,True,True,False,0.25,True,VNQI,reits,0.24954507100548667
2019-11-12,Asset-Class Momentum Rotation,False,37,37,1.0,0.005234228400458577,0.24810872164892003,True,True,False,0.25,True,VNQI,reits,0.24810872164892003
2019-11-13,Asset-Class Momentum Rotation,False,37,37,1.0,0.005241234166594692,0.2465455742394313,True,True,False,0.25,True,VNQI,reits,0.2465455742394313
2019-11-14,Asset-Class Momentum Rotation,False,37,37,0.9999999999999999,0.005275537961677065,0.2448471579129209,True,True,False,0.25,True,VNQI,reits,0.2448471579129209
2019-11-15,Asset-Class Momentum Rotation,False,37,37,1.0,0.0052382098202660154,0.24524653506922067,True,True,False,0.25,True,VNQI,reits,0.24524653506922067
2019-11-18,Asset-Class Momentum Rotation,False,37,37,1.0,0.005303408119671234,0.24616044173161478,True,True,False,0.25,True,VNQI,reits,0.24616044173161478
2019-11-19,Asset-Class Momentum Rotation,False,37,37,1.0000000000000002,0.005222664682292064,0.24690079671838866,True,True,False,0.25,True,VNQI,reits,0.24690079671838866
2019-11-20,Asset-Class Momentum Rotation,False,37,37,1.0,0.005071937338493562,0.24841898332765788,True,True,False,0.25,True,VNQI,reits,0.24841898332765788
2019-11-21,Asset-Class Momentum Rotation,False,37,37,1.0000000000000002,0.0052264351177112155,0.24831200025211309,True,True,False,0.25,True,VNQI,reits,0.24831200025211309
2019-11-22,Asset-Class Momentum Rotation,False,37,37,1.0,0.005365501525985946,0.2492333439038655,True,True,False,0.25,True,VNQI,reits,0.2492333439038655
2019-11-25,Asset-Class Momentum Rotation,False,37,37,1.0,0.005369874600723368,0.250103748262381,True,True,False,0.25,True,VNQI,reits,0.250103748262381
2019-11-26,Asset-Class Momentum Rotation,False,37,37,0.9999999999999998,0.005364054845159807,0.25149393204109355,True,True,False,0.25,True,VNQI,reits,0.25149393204109355
2019-11-27,Asset-Class Momentum Rotation,False,37,37,1.0,0.005285049434725746,0.2509955109529157,True,True,False,0.25,True,VNQI,reits,0.2509955109529157
2019-11-28,Asset-Class Momentum Rotation,False,37,37,1.0,0.005282178746730926,0.25043266541236164,True,True,False,0.25,True,VNQI,reits,0.25043266541236164
2019-11-29,Asset-Class Momentum Rotation,False,37,37,1.0,0.005284880689487647,0.2505607668566333,True,True,False,0.25,True,VNQI,reits,0.2505607668566333
2019-12-02,Asset-Class Momentum Rotation,False,37,37,0.9999999999999999,0.005129286955117596,0.2497338249889286,True,True,False,0.25,True,VNQI,reits,0.2497338249889286
2019-12-03,Asset-Class Momentum Rotation,False,37,37,0.9999999999999998,0.005196535999573819,0.25138236060358987,True,True,False,0.25,True,VNQI,reits,0.25138236060358987
2019-12-04,Asset-Class Momentum Rotation,False,37,37,1.0,0.00519560607359078,0.25099207047888544,True,True,False,0.25,True,VNQI,reits,0.25099207047888544
2019-12-05,Asset-Class Momentum Rotation,False,37,37,1.0,0.005267600598914448,0.25083450314427364,True,True,False,0.25,True,VNQI,reits,0.25083450314427364
2019-12-06,Asset-Class Momentum Rotation,False,37,37,1.0,0.005235495532749721,0.2503725611364865,True,True,False,0.25,True,VNQI,reits,0.2503725611364865
2019-12-09,Asset-Class Momentum Rotation,False,37,37,1.0,0.005316702326133338,0.2514704171052044,True,True,False,0.25,True,VNQI,reits,0.2514704171052044
2019-12-10,Asset-Class Momentum Rotation,False,37,37,1.0,0.0052795128534715175,0.25183685287570245,True,True,False,0.25,True,VNQI,reits,0.25183685287570245
2019-12-11,Asset-Class Momentum Rotation,False,37,37,1.0,0.005310373890854991,0.2523295200074817,True,True,False,0.25,True,VNQI,reits,0.2523295200074817
2019-12-12,Asset-Class Momentum Rotation,False,37,37,1.0000000000000002,0.005267914144907738,0.25274101104440744,True,True,False,0.25,True,VNQI,reits,0.25274101104440744
2019-12-13,Asset-Class Momentum Rotation,False,37,37,1.0,0.005437296219420973,0.2532288889443214,True,True,False,0.25,True,VNQI,reits,0.2532288889443214
2019-12-16,Asset-Class Momentum Rotation,False,37,37,1.0000000000000002,0.005392461378895266,0.2526414566940563,True,True,False,0.25,True,VNQI,reits,0.2526414566940563
2019-12-17,Asset-Class Momentum Rotation,False,37,37,0.9999999999999999,0.00546092680425785,0.254531294224548,True,True,False,0.25,True,VNQI,reits,0.254531294224548
2019-12-18,Asset-Class Momentum Rotation,False,37,37,1.0,0.005481651265595348,0.25569582945673314,True,True,False,0.25,True,VNQI,reits,0.25569582945673314
2019-12-19,Asset-Class Momentum Rotation,False,37,37,1.0,0.005365660413041581,0.2539842951512438,True,True,False,0.25,True,VNQI,reits,0.2539842951512438
2019-12-20,Asset-Class Momentum Rotation,False,37,37,1.0,0.00537615104040433,0.2543045355763387,True,True,False,0.25,True,VNQI,reits,0.2543045355763387
2019-12-23,Asset-Class Momentum Rotation,False,37,37,1.0,0.0054330429456129785,0.2545470723319193,True,True,False,0.25,True,VNQI,reits,0.2545470723319193
2019-12-24,Asset-Class Momentum Rotation,False,37,37,1.0,0.0052363288595610935,0.2549477636754541,True,True,False,0.25,True,VNQI,reits,0.2549477636754541
2019-12-25,Asset-Class Momentum Rotation,False,37,37,1.0,0.005178178261501558,0.25508325688393757,True,True,False,0.25,True,VNQI,reits,0.25508325688393757
2019-12-26,Asset-Class Momentum Rotation,False,37,37,0.9999999999999998,0.005181794994513279,0.2552614214795384,True,True,False,0.25,True,VNQI,reits,0.2552614214795384
2019-12-27,Asset-Class Momentum Rotation,False,37,37,1.0000000000000002,0.005304525644661148,0.25568299413659407,True,True,False,0.25,True,VNQI,reits,0.25568299413659407
2019-12-30,Asset-Class Momentum Rotation,False,37,37,1.0,0.00524456096960485,0.25680874646029794,True,True,False,0.25,True,VNQI,reits,0.25680874646029794
2019-12-31,Asset-Class Momentum Rotation,False,37,37,1.0,0.005113120849273777,0.2558019263903869,True,True,False,0.25,True,VNQI,reits,0.2558019263903869
2020-01-01,Asset-Class Momentum Rotation,False,37,37,1.0,0.005089177956340888,0.2568599509790066,True,True,False,0.25,True,VNQI,reits,0.2568599509790066
2020-01-02,Asset-Class Momentum Rotation,False,37,37,0.9999999999999998,0.005087866774012503,0.25679377325217473,True,True,False,0.25,True,VNQI,reits,0.25679377325217473
2020-01-03,Asset-Class Momentum Rotation,False,37,37,1.0000000000000002,0.004972252779818801,0.25846623489398074,True,True,False,0.25,True,VNQI,reits,0.25846623489398074
2020-01-06,Asset-Class Momentum Rotation,False,37,37,1.0,0.00493948496885305,0.25684438033383616,True,True,False,0.25,True,VNQI,reits,0.25684438033383616
2020-01-07,Asset-Class Momentum Rotation,False,37,37,1.0,0.004981434252010398,0.2546057096935694,True,True,False,0.25,True,VNQI,reits,0.2546057096935694
2020-01-08,Asset-Class Momentum Rotation,False,37,37,1.0,0.005003920951846883,0.25516329801248555,True,True,False,0.25,True,VNQI,reits,0.25516329801248555
2020-01-09,Asset-Class Momentum Rotation,False,37,37,1.0,0.005018883948957718,0.2541643457872211,True,True,False,0.25,True,VNQI,reits,0.2541643457872211
2020-01-10,Asset-Class Momentum Rotation,False,37,37,1.0,0.005030663376256958,0.2541930269144379,True,True,False,0.25,True,VNQI,reits,0.2541930269144379
2020-01-13,Asset-Class Momentum Rotation,False,37,37,0.9999999999999999,0.005119948397596855,0.25317360446525883,True,True,False,0.25,True,VNQI,reits,0.25317360446525883
2020-01-14,Asset-Class Momentum Rotation,True,37,37,1.0,0.002341142115312124,0.0629606934610753,True,True,True,0.25,True,XLU,us_equity_sectors,0.0629606934610753
2020-01-15,Asset-Class Momentum Rotation,False,37,37,1.0,0.0023374179650127976,0.06272220005090477,True,True,False,0.25,True,XLU,us_equity_sectors,0.06272220005090477
2020-01-16,Asset-Class Momentum Rotation,False,37,37,1.0,0.0023462854495382387,0.06342127758529816,True,True,False,0.25,True,XLU,us_equity_sectors,0.06342127758529816
2020-01-17,Asset-Class Momentum Rotation,False,37,37,0.9999999999999999,0.0023314590770578516,0.06361307117856153,True,True,False,0.25,True,XLU,us_equity_sectors,0.06361307117856153
2020-01-20,Asset-Class Momentum Rotation,False,37,37,1.0000000000000002,0.002297768505041698,0.06367315923111275,True,True,False,0.25,True,XLU,us_equity_sectors,0.06367315923111275
2020-01-21,Asset-Class Momentum Rotation,False,37,37,1.0,0.0023027786473385223,0.06381199462185654,True,True,False,0.25,True,XLU,us_equity_sectors,0.06381199462185654
2020-01-22,Asset-Class Momentum Rotation,False,37,37,0.9999999999999999,0.002336425814747296,0.06465668038554943,True,True,False,0.25,True,XLU,us_equity_sectors,0.06465668038554943
2020-01-23,Asset-Class Momentum Rotation,False,37,37,1.0,0.002345375774179737,0.06487873702042565,True,True,False,0.25,True,XLU,us_equity_sectors,0.06487873702042565
2020-01-24,Asset-Class Momentum Rotation,False,37,37,1.0000000000000002,0.0023693027743893666,0.06566270082899234,True,True,False,0.25,True,XLU,us_equity_sectors,0.06566270082899234
2020-01-27,Asset-Class Momentum Rotation,False,37,37,0.9999999999999999,0.0023997073551577834,0.06614589875585587,True,True,False,0.25,True,XLU,us_equity_sectors,0.06614589875585587
2020-01-28,Asset-Class Momentum Rotation,False,37,37,0.9999999999999999,0.002461495598683673,0.0666437085534852,True,True,False,0.25,True,XLU,us_equity_sectors,0.0666437085534852
2020-01-29,Asset-Class Momentum Rotation,False,37,37,0.9999999999999999,0.0024203667477523333,0.06631860929574354,True,True,False,0.25,True,XLU,us_equity_sectors,0.06631860929574354
2020-01-30,Asset-Class Momentum Rotation,False,37,37,1.0,0.002445524989457908,0.06653345147688258,True,True,False,0.25,True,XLU,us_equity_sectors,0.06653345147688258
2020-01-31,Asset-Class Momentum Rotation,False,37,37,1.0,0.0024383112923417752,0.06694635063213161,True,True,False,0.25,True,XLU,us_equity_sectors,0.06694635063213161
2020-02-03,Asset-Class Momentum Rotation,False,37,37,1.0,0.0024975680769637617,0.06764895922210391,True,True,False,0.25,True,XLU,us_equity_sectors,0.06764895922210391
2020-02-04,Asset-Class Momentum Rotation,False,37,37,1.0,0.0024810600783875232,0.0674707486745541,True,True,False,0.25,True,XLU,us_equity_sectors,0.0674707486745541
2020-02-05,Asset-Class Momentum Rotation,False,37,37,1.0,0.002421327053408786,0.06607973360240227,True,True,False,0.25,True,XLU,us_equity_sectors,0.06607973360240227
2020-02-06,Asset-Class Momentum Rotation,False,37,37,0.9999999999999999,0.0023644774854929334,0.06550828022292943,True,True,False,0.25,True,XLU,us_equity_sectors,0.06550828022292943
2020-02-07,Asset-Class Momentum Rotation,False,37,37,1.0,0.0023653675070656605,0.06525791946718192,True,True,False,0.25,True,XLU,us_equity_sectors,0.06525791946718192
2020-02-10,Asset-Class Momentum Rotation,False,37,37,0.9999999999999998,0.0024023609703163204,0.06525239230761845,True,True,False,0.25,True,XLU,us_equity_sectors,0.06525239230761845
2020-02-11,Asset-Class Momentum Rotation,False,37,37,0.9999999999999998,0.0023940296780431726,0.06509229296252284,True,True,False,0.25,True,XLU,us_equity_sectors,0.06509229296252284
2020-02-12,Asset-Class Momentum Rotation,False,37,37,0.9999999999999998,0.0023622729169365865,0.06478860519531643,True,True,False,0.25,True,XLU,us_equity_sectors,0.06478860519531643
2020-02-13,Asset-Class Momentum Rotation,False,37,37,0.9999999999999999,0.002324187192317809,0.06411496809143061,True,True,False,0.25,True,XLU,us_equity_sectors,0.06411496809143061
2020-02-14,Asset-Class Momentum Rotation,False,37,37,0.9999999999999999,0.00233486608070449,0.06487791708405084,True,True,False,0.25,True,XLU,us_equity_sectors,0.06487791708405084
2020-02-17,Asset-Class Momentum Rotation,False,37,37,1.0,0.0023338637756975147,0.06500145426804413,True,True,False,0.25,True,XLU,us_equity_sectors,0.06500145426804413
2020-02-18,Asset-Class Momentum Rotation,False,37,37,1.0,0.0023599215835931023,0.06572720159995268,True,True,False,0.25,True,XLU,us_equity_sectors,0.06572720159995268
2020-02-19,Asset-Class Momentum Rotation,False,37,37,1.0000000000000002,0.0023708221465542786,0.0661313018534213,True,True,False,0.25,True,XLU,us_equity_sectors,0.0661313018534213
2020-02-20,Asset-Class Momentum Rotation,False,37,37,0.9999999999999999,0.0023839744599920706,0.06578133173411028,True,True,False,0.25,True,XLU,us_equity_sectors,0.06578133173411028
2020-02-21,Asset-Class Momentum Rotation,False,37,37,1.0000000000000002,0.0024099883598360607,0.06621724339871599,True,True,False,0.25,True,XLU,us_equity_sectors,0.06621724339871599
2020-02-24,Asset-Class Momentum Rotation,False,37,37,0.9999999999999998,0.0024372982886328824,0.06622545396135951,True,True,False,0.25,True,XLU,us_equity_sectors,0.06622545396135951
2020-02-25,Asset-Class Momentum Rotation,False,37,37,0.9999999999999999,0.002534308899720237,0.06705745838449469,True,True,False,0.25,True,XLU,us_equity_sectors,0.06705745838449469
2020-02-26,Asset-Class Momentum Rotation,False,37,37,0.9999999999999998,0.002611817426014147,0.06729842196537292,True,True,False,0.25,True,XLU,us_equity_sectors,0.06729842196537292
2020-02-27,Asset-Class Momentum Rotation,False,37,37,1.0,0.0026270319329964238,0.0673608659236035,True,True,False,0.25,True,XLU,us_equity_sectors,0.0673608659236035
2020-02-28,Asset-Class Momentum Rotation,False,37,37,1.0,0.0027352576645284883,0.0662622211769716,True,True,False,0.25,True,XLU,us_equity_sectors,0.0662622211769716
2020-03-02,Asset-Class Momentum Rotation,False,37,37,0.9999999999999999,0.0028332245938536846,0.06487643353768695,True,True,False,0.25,True,XLU,us_equity_sectors,0.06487643353768695
2020-03-03,Asset-Class Momentum Rotation,False,37,37,1.0,0.0027325634233598107,0.06674556768794478,True,True,False,0.25,True,XLU,us_equity_sectors,0.06674556768794478
2020-03-04,Asset-Class Momentum Rotation,False,37,37,1.0,0.0028050289581275038,0.06663811023176691,True,True,False,0.25,True,XLU,us_equity_sectors,0.06663811023176691
2020-03-05,Asset-Class Momentum Rotation,False,37,37,1.0,0.002700001010423333,0.06851012100652586,True,True,False,0.25,True,XLU,us_equity_sectors,0.06851012100652586
2020-03-06,Asset-Class Momentum Rotation,False,37,37,0.9999999999999998,0.0028171909414959214,0.06867174246341412,True,True,False,0.25,True,XLU,us_equity_sectors,0.06867174246341412
2020-03-09,Asset-Class Momentum Rotation,False,37,37,1.0,0.0029944327442371524,0.06881732004790693,True,True,False,0.25,True,XLU,us_equity_sectors,0.06881732004790693
2020-03-10,Asset-Class Momentum Rotation,False,37,37,1.0000000000000002,0.0031692398998128877,0.07027897434236761,True,True,False,0.25,True,XLU,us_equity_sectors,0.07027897434236761
2020-03-11,Asset-Class Momentum Rotation,False,37,37,1.0,0.0030589756771646744,0.06885396933282675,True,True,False,0.25,True,XLU,us_equity_sectors,0.06885396933282675
2020-03-12,Asset-Class Momentum Rotation,False,37,37,1.0,0.0030738697782980518,0.0682212736835916,True,True,False,0.25,True,XLU,us_equity_sectors,0.0682212736835916
2020-03-13,Asset-Class Momentum Rotation,False,37,37,0.9999999999999998,0.003491169743536858,0.06923287650363388,True,True,False,0.25,True,XLU,us_equity_sectors,0.06923287650363388
2020-03-16,Asset-Class Momentum Rotation,False,37,37,0.9999999999999998,0.0031982152586187045,0.06842582594287745,True,True,False,0.25,True,XLU,us_equity_sectors,0.06842582594287745
2020-03-17,Asset-Class Momentum Rotation,False,37,37,1.0000000000000002,0.003521870913767843,0.06779952887718826,True,True,False,0.25,True,XLU,us_equity_sectors,0.06779952887718826
2020-03-18,Asset-Class Momentum Rotation,False,37,37,1.0000000000000002,0.0031677025735229523,0.07287871087783686,True,True,False,0.25,True,XLU,us_equity_sectors,0.07287871087783686
2020-03-19,Asset-Class Momentum Rotation,False,37,37,1.0,0.002759449244677423,0.07361474056603262,True,True,False,0.25,True,XLU,us_equity_sectors,0.07361474056603262
2020-03-20,Asset-Class Momentum Rotation,False,37,37,1.0,0.0031178190045075063,0.0687062699553308,True,True,False,0.25,True,XLU,us_equity_sectors,0.0687062699553308
2020-03-23,Asset-Class Momentum Rotation,False,37,37,0.9999999999999999,0.002940740098880198,0.06545714094746731,True,True,False,0.25,True,XLP,us_equity_sectors,0.06545714094746731
2020-03-24,Asset-Class Momentum Rotation,False,37,37,1.0000000000000002,0.0029705429416054807,0.06495270237600857,True,True,False,0.25,True,XLP,us_equity_sectors,0.06495270237600857
2020-03-25,Asset-Class Momentum Rotation,False,37,37,1.0,0.002820492526286124,0.06485150781693985,True,True,False,0.25,True,XLU,us_equity_sectors,0.06485150781693985
2020-03-26,Asset-Class Momentum Rotation,False,37,37,1.0,0.002814731512894484,0.06506433711321588,True,True,False,0.25,True,XLU,us_equity_sectors,0.06506433711321588
2020-03-27,Asset-Class Momentum Rotation,False,37,37,1.0,0.0025584306218780564,0.06750308888161737,True,True,False,0.25,True,XLU,us_equity_sectors,0.06750308888161737
2020-03-30,Asset-Class Momentum Rotation,False,37,37,1.0000000000000002,0.0024252153578453186,0.06951620559258437,True,True,False,0.25,True,XLU,us_equity_sectors,0.06951620559258437
2020-03-31,Asset-Class Momentum Rotation,False,37,37,1.0000000000000002,0.002251842106691599,0.0707324156906939,True,True,False,0.25,True,XLU,us_equity_sectors,0.0707324156906939
2020-04-01,Asset-Class Momentum Rotation,False,37,37,1.0,0.0022644012547062007,0.06858096002994685,True,True,False,0.25,True,XLU,us_equity_sectors,0.06858096002994685
2020-04-02,Asset-Class Momentum Rotation,False,37,37,1.0,0.0024442546674525094,0.06687863830710485,True,True,False,0.25,True,XLU,us_equity_sectors,0.06687863830710485
2020-04-03,Asset-Class Momentum Rotation,False,37,37,1.0,0.002792565376658834,0.06754321668445025,True,True,False,0.25,True,XLU,us_equity_sectors,0.06754321668445025
2020-04-06,Asset-Class Momentum Rotation,False,37,37,1.0000000000000002,0.0032657154658154294,0.06722345971955006,True,True,False,0.25,True,XLP,us_equity_sectors,0.06722345971955006
2020-04-07,Asset-Class Momentum Rotation,False,37,37,0.9999999999999999,0.0028671976604227284,0.06717034422455762,True,True,False,0.25,True,XLU,us_equity_sectors,0.06717034422455762
2020-04-08,Asset-Class Momentum Rotation,False,37,37,1.0000000000000002,0.0026579877283392666,0.06619909646402021,True,True,False,0.25,True,XLU,us_equity_sectors,0.06619909646402021
2020-04-09,Asset-Class Momentum Rotation,False,37,37,1.0,0.002729245615155086,0.06793817796296947,True,True,False,0.25,True,XLU,us_equity_sectors,0.06793817796296947
2020-04-10,Asset-Class Momentum Rotation,True,37,37,1.0,0.0036968363923782577,0.25,True,True,True,0.25,True,SHY,fixed_income,0.25
2020-04-13,Asset-Class Momentum Rotation,False,37,37,0.9999999999999998,0.003714945303267872,0.2512246221476659,True,True,False,0.25,True,SHY,fixed_income,0.2512246221476659
2020-04-14,Asset-Class Momentum Rotation,False,37,37,1.0,0.0037023646755107056,0.2529423605353458,True,True,False,0.25,True,SHY,fixed_income,0.2529423605353458
2020-04-15,Asset-Class Momentum Rotation,False,37,37,0.9999999999999999,0.0034627729985398834,0.2502807211227725,True,True,False,0.25,True,SHY,fixed_income,0.2502807211227725
2020-04-16,Asset-Class Momentum Rotation,False,37,37,1.0,0.0033399609308560883,0.2540254645362703,True,True,False,0.25,True,SHY,fixed_income,0.2540254645362703
2020-04-17,Asset-Class Momentum Rotation,False,37,37,1.0000000000000002,0.003271269924031466,0.2528538050665595,True,True,False,0.25,True,SHY,fixed_income,0.2528538050665595
2020-04-20,Asset-Class Momentum Rotation,False,37,37,1.0000000000000002,0.003119938286841314,0.24966259199983395,True,True,False,0.25,True,SHY,fixed_income,0.24966259199983395
2020-04-21,Asset-Class Momentum Rotation,False,37,37,1.0,0.002809846791056963,0.25242998632828967,True,True,False,0.25,True,SHY,fixed_income,0.25242998632828967
2020-04-22,Asset-Class Momentum Rotation,False,37,37,0.9999999999999999,0.002130007358521284,0.2554256987519926,True,True,False,0.25,True,SHY,fixed_income,0.2554256987519926
2020-04-23,Asset-Class Momentum Rotation,False,37,37,1.0,0.0018810261323499446,0.2524413490999946,True,True,False,0.25,True,SHY,fixed_income,0.2524413490999946
2020-04-24,Asset-Class Momentum Rotation,False,37,37,1.0000000000000002,0.001972013672852976,0.25159108923186585,True,True,False,0.25,True,SHY,fixed_income,0.25159108923186585
2020-04-27,Asset-Class Momentum Rotation,False,37,37,1.0,0.0019112314175361005,0.25047791617108633,True,True,False,0.25,True,SHY,fixed_income,0.25047791617108633
2020-04-28,Asset-Class Momentum Rotation,False,37,37,1.0,0.0016123456088546653,0.24797236877676676,True,True,False,0.25,True,SHY,fixed_income,0.24797236877676676
2020-04-29,Asset-Class Momentum Rotation,False,37,37,0.9999999999999999,0.0015612606307745295,0.24696497129134937,True,True,False,0.25,True,SHY,fixed_income,0.24696497129134937
2020-04-30,Asset-Class Momentum Rotation,False,37,37,0.9999999999999998,0.0016235419081674024,0.2430919383140336,True,True,False,0.25,True,SHY,fixed_income,0.2430919383140336
2020-05-01,Asset-Class Momentum Rotation,False,37,37,0.9999999999999998,0.0017424976490047314,0.24604516283364075,True,True,False,0.25,True,SHY,fixed_income,0.24604516283364075
2020-05-04,Asset-Class Momentum Rotation,False,37,37,1.0,0.0017358010976940542,0.24811170612096978,True,True,False,0.25,True,SHY,fixed_income,0.24811170612096978
2020-05-05,Asset-Class Momentum Rotation,False,37,37,0.9999999999999998,0.0018095858858311472,0.24800694209138435,True,True,False,0.25,True,SHY,fixed_income,0.24800694209138435
2020-05-06,Asset-Class Momentum Rotation,False,37,37,1.0,0.0019738899164634133,0.2473554669816489,True,True,False,0.25,True,SHY,fixed_income,0.2473554669816489
2020-05-07,Asset-Class Momentum Rotation,False,37,37,1.0,0.0019257653285813432,0.24905019881060345,True,True,False,0.25,True,SHY,fixed_income,0.24905019881060345
2020-05-08,Asset-Class Momentum Rotation,False,37,37,0.9999999999999999,0.0018721202203545863,0.2467777308489458,True,True,False,0.25,True,SHY,fixed_income,0.2467777308489458
2020-05-11,Asset-Class Momentum Rotation,False,37,37,0.9999999999999999,0.001946830918279061,0.24461666740943894,True,True,False,0.25,True,SHY,fixed_income,0.24461666740943894
2020-05-12,Asset-Class Momentum Rotation,False,37,37,1.0,0.0019451145511375613,0.24777868596343905,True,True,False,0.25,True,SHY,fixed_income,0.24777868596343905
2020-05-13,Asset-Class Momentum Rotation,False,37,37,1.0,0.0019372045682709237,0.2491821592865613,True,True,False,0.25,True,SHY,fixed_income,0.2491821592865613
2020-05-14,Asset-Class Momentum Rotation,False,37,37,1.0,0.0019107946190416196,0.2501996269402703,True,True,False,0.25,True,SHY,fixed_income,0.2501996269402703
2020-05-15,Asset-Class Momentum Rotation,False,37,37,0.9999999999999998,0.001980584162646449,0.24900359212191886,True,True,False,0.25,True,SHY,fixed_income,0.24900359212191886
2020-05-18,Asset-Class Momentum Rotation,False,37,37,0.9999999999999998,0.0020706968549255907,0.24954708589768787,True,True,False,0.25,True,SHY,fixed_income,0.24954708589768787
2020-05-19,Asset-Class Momentum Rotation,False,37,37,1.0000000000000002,0.002200779214556356,0.24407925616722123,True,True,False,0.25,True,SHY,fixed_income,0.24407925616722123
2020-05-20,Asset-Class Momentum Rotation,False,37,37,1.0,0.002220313637405085,0.24507722617499106,True,True,False,0.25,True,SHY,fixed_income,0.24507722617499106
2020-05-21,Asset-Class Momentum Rotation,False,37,37,1.0,0.002287390555503729,0.24351378514213057,True,True,False,0.25,True,SHY,fixed_income,0.24351378514213057
2020-05-22,Asset-Class Momentum Rotation,False,37,37,1.0,0.002421895967757154,0.24556336251759797,True,True,False,0.25,True,SHY,fixed_income,0.24556336251759797
2020-05-25,Asset-Class Momentum Rotation,False,37,37,1.0,0.0023218752385179495,0.24490513291395702,True,True,False,0.25,True,SHY,fixed_income,0.24490513291395702
2020-05-26,Asset-Class Momentum Rotation,False,37,37,1.0,0.0023260128057258304,0.2453415523348529,True,True,False,0.25,True,SHY,fixed_income,0.2453415523348529
2020-05-27,Asset-Class Momentum Rotation,False,37,37,0.9999999999999999,0.0023149015116061314,0.24331316013669368,True,True,False,0.25,True,SHY,fixed_income,0.24331316013669368
2020-05-28,Asset-Class Momentum Rotation,False,37,37,0.9999999999999999,0.002237526519169039,0.24133359324260378,True,True,False,0.25,True,SHY,fixed_income,0.24133359324260378
2020-05-29,Asset-Class Momentum Rotation,False,37,37,1.0000000000000002,0.0022258932565409465,0.23990169318147675,True,True,False,0.25,True,SHY,fixed_income,0.23990169318147675
2020-06-01,Asset-Class Momentum Rotation,False,37,37,0.9999999999999999,0.002296164105838192,0.23934728564798743,True,True,False,0.25,True,SHY,fixed_income,0.23934728564798743
2020-06-02,Asset-Class Momentum Rotation,False,37,37,1.0000000000000002,0.0022897349465391733,0.23555495101074236,True,True,False,0.25,True,SHY,fixed_income,0.23555495101074236
2020-06-03,Asset-Class Momentum Rotation,False,37,37,0.9999999999999999,0.0023618616569104868,0.23534550357652473,True,True,False,0.25,True,SHY,fixed_income,0.23534550357652473
2020-06-04,Asset-Class Momentum Rotation,False,37,37,1.0,0.002342325911305464,0.23278018124315442,True,True,False,0.25,True,SHY,fixed_income,0.23278018124315442
2020-06-05,Asset-Class Momentum Rotation,False,37,37,0.9999999999999999,0.0023771318144414143,0.23302868972071644,True,True,False,0.25,True,SHY,fixed_income,0.23302868972071644
2020-06-08,Asset-Class Momentum Rotation,False,37,37,1.0,0.0024707495857075453,0.2306324616473776,True,True,False,0.25,True,SHY,fixed_income,0.2306324616473776
2020-06-09,Asset-Class Momentum Rotation,False,37,37,0.9999999999999999,0.00240835161577557,0.2287170396279782,True,True,False,0.25,True,SHY,fixed_income,0.2287170396279782
2020-06-10,Asset-Class Momentum Rotation,False,37,37,1.0000000000000002,0.002429279238473626,0.23037839150755726,True,True,False,0.25,True,SHY,fixed_income,0.23037839150755726
2020-06-11,Asset-Class Momentum Rotation,False,37,37,0.9999999999999999,0.0024350763644783663,0.23098049044535826,True,True,False,0.25,True,SHY,fixed_income,0.23098049044535826
2020-06-12,Asset-Class Momentum Rotation,False,37,37,1.0,0.002337844311362613,0.23906104700951422,True,True,False,0.25,True,SHY,fixed_income,0.23906104700951422
2020-06-15,Asset-Class Momentum Rotation,False,37,37,0.9999999999999999,0.002320279604684949,0.23671870414309495,True,True,False,0.25,True,SHY,fixed_income,0.23671870414309495
2020-06-16,Asset-Class Momentum Rotation,False,37,37,1.0,0.0023649725488225355,0.23630504225971943,True,True,False,0.25,True,SHY,fixed_income,0.23630504225971943
2020-06-17,Asset-Class Momentum Rotation,False,37,37,1.0,0.0024060658345373873,0.23464328192155515,True,True,False,0.25,True,SHY,fixed_income,0.23464328192155515
2020-06-18,Asset-Class Momentum Rotation,False,37,37,1.0000000000000002,0.002375722376949062,0.2348230538426952,True,True,False,0.25,True,SHY,fixed_income,0.2348230538426952
2020-06-19,Asset-Class Momentum Rotation,False,37,37,1.0,0.002431365140007908,0.23503942558238994,True,True,False,0.25,True,SHY,fixed_income,0.23503942558238994
2020-06-22,Asset-Class Momentum Rotation,False,37,37,0.9999999999999999,0.0024715228557543605,0.23609855990948844,True,True,False,0.25,True,SHY,fixed_income,0.23609855990948844
2020-06-23,Asset-Class Momentum Rotation,False,37,37,1.0,0.0025221189583664247,0.234642257616631,True,True,False,0.25,True,SHY,fixed_income,0.234642257616631
2020-06-24,Asset-Class Momentum Rotation,False,37,37,1.0,0.0024977854310293027,0.23453641428255786,True,True,False,0.25,True,SHY,fixed_income,0.23453641428255786
2020-06-25,Asset-Class Momentum Rotation,False,37,37,0.9999999999999999,0.002402202614399642,0.23775663124160587,True,True,False,0.25,True,SHY,fixed_income,0.23775663124160587
2020-06-26,Asset-Class Momentum Rotation,False,37,37,1.0,0.002455200235227351,0.2370009118315347,True,True,False,0.25,True,SHY,fixed_income,0.2370009118315347
2020-06-29,Asset-Class Momentum Rotation,False,37,37,1.0,0.002424816239984977,0.2391127823844004,True,True,False,0.25,True,SHY,fixed_income,0.2391127823844004
2020-06-30,Asset-Class Momentum Rotation,False,37,37,0.9999999999999999,0.0024877372302636344,0.2374757512898205,True,True,False,0.25,True,SHY,fixed_income,0.2374757512898205
2020-07-01,Asset-Class Momentum Rotation,False,37,37,1.0,0.0024602892259941228,0.236585861385865,True,True,False,0.25,True,SHY,fixed_income,0.236585861385865
2020-07-02,Asset-Class Momentum Rotation,False,37,37,0.9999999999999998,0.002465888527422414,0.2346200583874467,True,True,False,0.25,True,SHY,fixed_income,0.2346200583874467
2020-07-03,Asset-Class Momentum Rotation,False,37,37,1.0,0.002492388111714435,0.2339501300250084,True,True,False,0.25,True,SHY,fixed_income,0.2339501300250084
2020-07-06,Asset-Class Momentum Rotation,False,37,37,1.0,0.002492073257069894,0.23392057592599663,True,True,False,0.25,True,SHY,fixed_income,0.23392057592599663
2020-07-07,Asset-Class Momentum Rotation,False,37,37,1.0,0.00247676122968203,0.23071750605215002,True,True,False,0.25,True,SHY,fixed_income,0.23071750605215002
2020-07-08,Asset-Class Momentum Rotation,True,37,37,1.0,0.003160318828822482,0.16159787869731643,True,True,True,0.25,True,SHY,fixed_income,0.16159787869731643
2020-07-09,Asset-Class Momentum Rotation,False,37,37,0.9999999999999999,0.0031141869457288482,0.1571107215915297,True,True,False,0.25,True,SHY,fixed_income,0.1571107215915297
2020-07-10,Asset-Class Momentum Rotation,False,37,37,1.0,0.003066154700644249,0.15891668847896162,True,True,False,0.25,True,SHY,fixed_income,0.15891668847896162
2020-07-13,Asset-Class Momentum Rotation,False,37,37,0.9999999999999999,0.0031457054384310826,0.15950233673058992,True,True,False,0.25,True,SHY,fixed_income,0.15950233673058992
2020-07-14,Asset-Class Momentum Rotation,False,37,37,1.0,0.0030658875250902796,0.15834611086879505,True,True,False,0.25,True,SHY,fixed_income,0.15834611086879505
2020-07-15,Asset-Class Momentum Rotation,False,37,37,1.0,0.003087850239852159,0.15740027551737568,True,True,False,0.25,True,SHY,fixed_income,0.15740027551737568
2020-07-16,Asset-Class Momentum Rotation,False,37,37,1.0,0.0031439599812878197,0.15803532802859083,True,True,False,0.25,True,SHY,fixed_income,0.15803532802859083
2020-07-17,Asset-Class Momentum Rotation,False,37,37,0.9999999999999999,0.0031645234402284993,0.15977813870961724,True,True,False,0.25,True,SHY,fixed_income,0.15977813870961724
2020-07-20,Asset-Class Momentum Rotation,False,37,37,1.0,0.003160882844026811,0.15996029285055285,True,True,False,0.25,True,SHY,fixed_income,0.15996029285055285
2020-07-21,Asset-Class Momentum Rotation,False,37,37,1.0000000000000002,0.0031581249878155178,0.15967410438063806,True,True,False,0.25,True,SHY,fixed_income,0.15967410438063806
2020-07-22,Asset-Class Momentum Rotation,False,37,37,1.0,0.0031768663945894796,0.15741530004829515,True,True,False,0.25,True,SHY,fixed_income,0.15741530004829515
2020-07-23,Asset-Class Momentum Rotation,False,37,37,1.0,0.0031321246924002695,0.15502393204462897,True,True,False,0.25,True,SHY,fixed_income,0.15502393204462897
2020-07-24,Asset-Class Momentum Rotation,False,37,37,1.0000000000000002,0.003068540977904857,0.15363267059966076,True,True,False,0.25,True,SHY,fixed_income,0.15363267059966076
2020-07-27,Asset-Class Momentum Rotation,False,37,37,1.0,0.0030730331149914636,0.15371852643804268,True,True,False,0.25,True,SHY,fixed_income,0.15371852643804268
2020-07-28,Asset-Class Momentum Rotation,False,37,37,0.9999999999999999,0.002935881382815144,0.1454240198811038,True,True,False,0.25,True,SHY,fixed_income,0.1454240198811038
2020-07-29,Asset-Class Momentum Rotation,False,37,37,0.9999999999999999,0.0028710804702253225,0.14404027063556427,True,True,False,0.25,True,SHY,fixed_income,0.14404027063556427
2020-07-30,Asset-Class Momentum Rotation,False,37,37,1.0000000000000002,0.0028763895793217573,0.14326603242164374,True,True,False,0.25,True,SHY,fixed_income,0.14326603242164374
2020-07-31,Asset-Class Momentum Rotation,False,37,37,1.0000000000000002,0.0028018163425653567,0.14268842695891293,True,True,False,0.25,True,SHY,fixed_income,0.14268842695891293
2020-08-03,Asset-Class Momentum Rotation,False,37,37,1.0,0.0027746269645906453,0.14063947149732597,True,True,False,0.25,True,SHY,fixed_income,0.14063947149732597
2020-08-04,Asset-Class Momentum Rotation,False,37,37,0.9999999999999998,0.002680133309565644,0.15039425776148674,True,True,False,0.25,True,XRP-USD,crypto,0.15039425776148674
2020-08-05,Asset-Class Momentum Rotation,False,37,37,1.0,0.002710884955748313,0.14530416841444,True,True,False,0.25,True,XRP-USD,crypto,0.14530416841444
2020-08-06,Asset-Class Momentum Rotation,False,37,37,1.0,0.0027092414353333902,0.14439596002926297,True,True,False,0.25,True,XRP-USD,crypto,0.14439596002926297
2020-08-07,Asset-Class Momentum Rotation,False,37,37,1.0,0.0027107329468133413,0.1448450686051527,True,True,False,0.25,True,XRP-USD,crypto,0.1448450686051527
2020-08-10,Asset-Class Momentum Rotation,False,37,37,0.9999999999999999,0.00272468033205708,0.1428747936464961,True,True,False,0.25,True,XRP-USD,crypto,0.1428747936464961
2020-08-11,Asset-Class Momentum Rotation,False,37,37,1.0,0.002718684658085208,0.14109269285900813,True,True,False,0.25,True,XRP-USD,crypto,0.14109269285900813
2020-08-12,Asset-Class Momentum Rotation,False,37,37,1.0,0.0027623987154733625,0.13997177949333436,True,True,False,0.25,True,XRP-USD,crypto,0.13997177949333436
2020-08-13,Asset-Class Momentum Rotation,False,37,37,1.0,0.0028036201571791193,0.13885493594147022,True,True,False,0.25,True,XRP-USD,crypto,0.13885493594147022
2020-08-14,Asset-Class Momentum Rotation,False,37,37,1.0,0.0027258660156279538,0.1418479838563092,True,True,False,0.25,True,XRP-USD,crypto,0.1418479838563092
2020-08-17,Asset-Class Momentum Rotation,False,37,37,1.0000000000000002,0.0027034853205346356,0.14222204572293087,True,True,False,0.25,True,XRP-USD,crypto,0.14222204572293087
2020-08-18,Asset-Class Momentum Rotation,False,37,37,0.9999999999999999,0.0027025100556162607,0.1468541899067586,True,True,False,0.25,True,XRP-USD,crypto,0.1468541899067586
2020-08-19,Asset-Class Momentum Rotation,False,37,37,1.0,0.0027215107123115053,0.1432941207879327,True,True,False,0.25,True,XRP-USD,crypto,0.1432941207879327
2020-08-20,Asset-Class Momentum Rotation,False,37,37,1.0000000000000002,0.0027926414736618083,0.14043217429449428,True,True,False,0.25,True,XRP-USD,crypto,0.14043217429449428
2020-08-21,Asset-Class Momentum Rotation,False,37,37,1.0,0.00274765691030982,0.13991669772201978,True,True,False,0.25,True,XRP-USD,crypto,0.13991669772201978
2020-08-24,Asset-Class Momentum Rotation,False,37,37,1.0,0.0027895133298979327,0.13781011236095184,True,True,False,0.25,True,XRP-USD,crypto,0.13781011236095184
2020-08-25,Asset-Class Momentum Rotation,False,37,37,1.0000000000000002,0.0027615895712787297,0.13979079394916868,True,True,False,0.25,True,XRP-USD,crypto,0.13979079394916868
2020-08-26,Asset-Class Momentum Rotation,False,37,37,1.0,0.00289184764762493,0.13807784709630028,True,True,False,0.25,True,XRP-USD,crypto,0.13807784709630028
2020-08-27,Asset-Class Momentum Rotation,False,37,37,1.0,0.0028725784886526906,0.13689835000126632,True,True,False,0.25,True,XRP-USD,crypto,0.13689835000126632
2020-08-28,Asset-Class Momentum Rotation,False,37,37,0.9999999999999998,0.0028792782433937616,0.13820254154540035,True,True,False,0.25,True,SHY,fixed_income,0.13820254154540035
2020-08-31,Asset-Class Momentum Rotation,False,37,37,1.0000000000000002,0.0028433011135602774,0.13630078319752817,True,True,False,0.25,True,SHY,fixed_income,0.13630078319752817
2020-09-01,Asset-Class Momentum Rotation,False,37,37,1.0000000000000002,0.0027631418203207148,0.1352420065506358,True,True,False,0.25,True,XRP-USD,crypto,0.1352420065506358
2020-09-02,Asset-Class Momentum Rotation,False,37,37,1.0000000000000002,0.002682762641189101,0.13766440882991557,True,True,False,0.25,True,XRP-USD,crypto,0.13766440882991557
2020-09-03,Asset-Class Momentum Rotation,False,37,37,1.0,0.002694369627449956,0.13291056683153277,True,True,False,0.25,True,SHY,fixed_income,0.13291056683153277
2020-09-04,Asset-Class Momentum Rotation,False,37,37,1.0000000000000002,0.0028887286861882635,0.1435391426307203,True,True,False,0.25,True,SHY,fixed_income,0.1435391426307203
2020-09-07,Asset-Class Momentum Rotation,False,37,37,0.9999999999999999,0.0027403755480645297,0.14151552664991668,True,True,False,0.25,True,SHY,fixed_income,0.14151552664991668
2020-09-08,Asset-Class Momentum Rotation,False,37,37,1.0,0.002792361888960447,0.14420014935270056,True,True,False,0.25,True,SHY,fixed_income,0.14420014935270056
2020-09-09,Asset-Class Momentum Rotation,False,37,37,1.0,0.002650436857775309,0.14589316109622097,True,True,False,0.25,True,SHY,fixed_income,0.14589316109622097
2020-09-10,Asset-Class Momentum Rotation,False,37,37,0.9999999999999999,0.0026675005586870885,0.14331357847591364,True,True,False,0.25,True,SHY,fixed_income,0.14331357847591364
2020-09-11,Asset-Class Momentum Rotation,False,37,37,1.0000000000000002,0.0025863916676062996,0.14215522345963896,True,True,False,0.25,True,SHY,fixed_income,0.14215522345963896
2020-09-14,Asset-Class Momentum Rotation,False,37,37,0.9999999999999999,0.002591003589720791,0.14112472113066768,True,True,False,0.25,True,SHY,fixed_income,0.14112472113066768
2020-09-15,Asset-Class Momentum Rotation,False,37,37,1.0,0.0024961129158692537,0.13875408178226759,True,True,False,0.25,True,BNB-USD,crypto,0.13875408178226759
2020-09-16,Asset-Class Momentum Rotation,False,37,37,1.0,0.002606755675677802,0.1395062532896637,True,True,False,0.25,True,SHY,fixed_income,0.1395062532896637
2020-09-17,Asset-Class Momentum Rotation,False,37,37,1.0,0.002700016558393559,0.13857237725711047,True,True,False,0.25,True,SHY,fixed_income,0.13857237725711047
2020-09-18,Asset-Class Momentum Rotation,False,37,37,0.9999999999999998,0.002736472213705524,0.1378650200872032,True,True,False,0.25,True,SHY,fixed_income,0.1378650200872032
2020-09-21,Asset-Class Momentum Rotation,False,37,37,0.9999999999999999,0.002731852513132625,0.13845333811753077,True,True,False,0.25,True,SHY,fixed_income,0.13845333811753077
2020-09-22,Asset-Class Momentum Rotation,False,37,37,1.0000000000000002,0.0028206683416542237,0.1468286876175816,True,True,False,0.25,True,SHY,fixed_income,0.1468286876175816
2020-09-23,Asset-Class Momentum Rotation,False,37,37,0.9999999999999999,0.0027890600331529404,0.14583546891548663,True,True,False,0.25,True,SHY,fixed_income,0.14583546891548663
2020-09-24,Asset-Class Momentum Rotation,False,37,37,1.0000000000000002,0.0028633625894693617,0.15046842888536488,True,True,False,0.25,True,SHY,fixed_income,0.15046842888536488
2020-09-25,Asset-Class Momentum Rotation,False,37,37,0.9999999999999999,0.0028144610727321604,0.14544278106785952,True,True,False,0.25,True,SHY,fixed_income,0.14544278106785952
2020-09-28,Asset-Class Momentum Rotation,False,37,37,0.9999999999999999,0.0027591198727374695,0.14335394482390046,True,True,False,0.25,True,SHY,fixed_income,0.14335394482390046
2020-09-29,Asset-Class Momentum Rotation,False,37,37,1.0000000000000002,0.0027435039816450357,0.1408695998451623,True,True,False,0.25,True,SHY,fixed_income,0.1408695998451623
2020-09-30,Asset-Class Momentum Rotation,False,37,37,1.0,0.002619617017292413,0.13929969649115492,True,True,False,0.25,True,SHY,fixed_income,0.13929969649115492
2020-10-01,Asset-Class Momentum Rotation,False,37,37,0.9999999999999999,0.002670754950521958,0.13907316008817047,True,True,False,0.25,True,SHY,fixed_income,0.13907316008817047
2020-10-02,Asset-Class Momentum Rotation,False,37,37,0.9999999999999999,0.002635446389678718,0.1410929845658073,True,True,False,0.25,True,SHY,fixed_income,0.1410929845658073
2020-10-05,Asset-Class Momentum Rotation,True,37,37,1.0000000000000002,0.0015738712626017569,0.12035906940934663,True,True,True,0.25,True,BTC-USD,crypto,0.12035906940934663
2020-10-06,Asset-Class Momentum Rotation,False,37,37,1.0,0.0015043961827362667,0.11975039163159899,True,True,False,0.25,True,BTC-USD,crypto,0.11975039163159899
2020-10-07,Asset-Class Momentum Rotation,False,37,37,0.9999999999999998,0.0015385199796739593,0.11967797406163949,True,True,False,0.25,True,BTC-USD,crypto,0.11967797406163949
2020-10-08,Asset-Class Momentum Rotation,False,37,37,1.0,0.0015155216147150843,0.11947809616284323,True,True,False,0.25,True,BTC-USD,crypto,0.11947809616284323
2020-10-09,Asset-Class Momentum Rotation,False,37,37,1.0,0.0015067993413905695,0.12088467211512062,True,True,False,0.25,True,BTC-USD,crypto,0.12088467211512062
2020-10-12,Asset-Class Momentum Rotation,False,37,37,1.0,0.001483332423220228,0.12064648403257995,True,True,False,0.25,True,BTC-USD,crypto,0.12064648403257995
2020-10-13,Asset-Class Momentum Rotation,False,37,37,1.0000000000000002,0.001448997317097341,0.12269185971709197,True,True,False,0.25,True,BTC-USD,crypto,0.12269185971709197
2020-10-14,Asset-Class Momentum Rotation,False,37,37,1.0000000000000002,0.0014705273795733546,0.1222445439662074,True,True,False,0.25,True,BTC-USD,crypto,0.1222445439662074
2020-10-15,Asset-Class Momentum Rotation,False,37,37,1.0,0.0014817453135379847,0.12293474400647517,True,True,False,0.25,True,BTC-USD,crypto,0.12293474400647517
2020-10-16,Asset-Class Momentum Rotation,False,37,37,1.0,0.001483619092724118,0.12401351463685431,True,True,False,0.25,True,BTC-USD,crypto,0.12401351463685431
2020-10-19,Asset-Class Momentum Rotation,False,37,37,0.9999999999999998,0.0014976485537204886,0.12364355067357484,True,True,False,0.25,True,BTC-USD,crypto,0.12364355067357484
2020-10-20,Asset-Class Momentum Rotation,False,37,37,1.0000000000000002,0.0014749318613210543,0.1267633436558779,True,True,False,0.25,True,BTC-USD,crypto,0.1267633436558779
2020-10-21,Asset-Class Momentum Rotation,False,37,37,1.0,0.0014708267901419434,0.12951957343259599,True,True,False,0.25,True,BTC-USD,crypto,0.12951957343259599
2020-10-22,Asset-Class Momentum Rotation,False,37,37,1.0,0.0014307072811579685,0.1360496087188421,True,True,False,0.25,True,BTC-USD,crypto,0.1360496087188421
2020-10-23,Asset-Class Momentum Rotation,False,37,37,1.0,0.001395650106490011,0.13559735996034497,True,True,False,0.25,True,BTC-USD,crypto,0.13559735996034497
2020-10-26,Asset-Class Momentum Rotation,False,37,37,0.9999999999999999,0.0014069205994643346,0.13550193912628172,True,True,False,0.25,True,BTC-USD,crypto,0.13550193912628172
2020-10-27,Asset-Class Momentum Rotation,False,37,37,0.9999999999999999,0.0014387538486589965,0.13881630931631286,True,True,False,0.25,True,BTC-USD,crypto,0.13881630931631286
2020-10-28,Asset-Class Momentum Rotation,False,37,37,1.0000000000000002,0.001433763525882262,0.14349749113500995,True,True,False,0.25,True,BTC-USD,crypto,0.14349749113500995
2020-10-29,Asset-Class Momentum Rotation,False,37,37,0.9999999999999998,0.001476456737074105,0.14349220849302255,True,True,False,0.25,True,BTC-USD,crypto,0.14349220849302255
2020-10-30,Asset-Class Momentum Rotation,False,37,37,0.9999999999999998,0.0014645905234798643,0.14553851050434372,True,True,False,0.25,True,BTC-USD,crypto,0.14553851050434372
2020-11-02,Asset-Class Momentum Rotation,False,37,37,1.0,0.001463073881447578,0.14802359849198682,True,True,False,0.25,True,BTC-USD,crypto,0.14802359849198682
2020-11-03,Asset-Class Momentum Rotation,False,37,37,1.0000000000000002,0.0014719965970226606,0.1478623363976078,True,True,False,0.25,True,BTC-USD,crypto,0.1478623363976078
2020-11-04,Asset-Class Momentum Rotation,False,37,37,1.0000000000000002,0.0014468546086778423,0.15049817783157932,True,True,False,0.25,True,BTC-USD,crypto,0.15049817783157932
2020-11-05,Asset-Class Momentum Rotation,False,37,37,1.0000000000000002,0.0014592612052072333,0.15051909733644755,True,True,False,0.25,True,BTC-USD,crypto,0.15051909733644755
2020-11-06,Asset-Class Momentum Rotation,False,37,37,0.9999999999999998,0.0014150453467207062,0.1606134913623686,True,True,False,0.25,True,BTC-USD,crypto,0.1606134913623686
2020-11-09,Asset-Class Momentum Rotation,False,37,37,1.0000000000000002,0.0013618999147779595,0.15633192730075327,True,True,False,0.25,True,BTC-USD,crypto,0.15633192730075327
2020-11-10,Asset-Class Momentum Rotation,False,37,37,1.0,0.0013406819878010845,0.15484109014844047,True,True,False,0.25,True,BTC-USD,crypto,0.15484109014844047
2020-11-11,Asset-Class Momentum Rotation,False,37,37,1.0,0.0013274456727349665,0.15378512980378442,True,True,False,0.25,True,BTC-USD,crypto,0.15378512980378442
2020-11-12,Asset-Class Momentum Rotation,False,37,37,1.0,0.0013188940777473786,0.15633154302387037,True,True,False,0.25,True,BTC-USD,crypto,0.15633154302387037
2020-11-13,Asset-Class Momentum Rotation,False,37,37,1.0,0.0013441191014559335,0.1623925393700442,True,True,False,0.25,True,BTC-USD,crypto,0.1623925393700442
2020-11-16,Asset-Class Momentum Rotation,False,37,37,1.0,0.0013209779390740725,0.16021562360463706,True,True,False,0.25,True,BTC-USD,crypto,0.16021562360463706
2020-11-17,Asset-Class Momentum Rotation,False,37,37,0.9999999999999999,0.001302616830241294,0.16223487164081618,True,True,False,0.25,True,BTC-USD,crypto,0.16223487164081618
2020-11-18,Asset-Class Momentum Rotation,False,37,37,0.9999999999999999,0.0012803981550082917,0.16724113248177344,True,True,False,0.25,True,BTC-USD,crypto,0.16724113248177344
2020-11-19,Asset-Class Momentum Rotation,False,37,37,1.0,0.0012935622426193283,0.16998686741386218,True,True,False,0.25,True,BTC-USD,crypto,0.16998686741386218
2020-11-20,Asset-Class Momentum Rotation,False,37,37,1.0000000000000002,0.0012964160142159122,0.16961376959258434,True,True,False,0.25,True,BTC-USD,crypto,0.16961376959258434
2020-11-23,Asset-Class Momentum Rotation,False,37,37,0.9999999999999998,0.001263334368812185,0.17122747320059095,True,True,False,0.25,True,BTC-USD,crypto,0.17122747320059095
2020-11-24,Asset-Class Momentum Rotation,False,37,37,0.9999999999999999,0.0010949860951922164,0.196042468460662,True,True,False,0.25,True,XRP-USD,crypto,0.196042468460662
2020-11-25,Asset-Class Momentum Rotation,False,37,37,1.0,0.0010351624951315985,0.2110135113348071,True,True,False,0.25,True,XRP-USD,crypto,0.2110135113348071
2020-11-26,Asset-Class Momentum Rotation,False,37,37,0.9999999999999999,0.0010718609011331668,0.20123912344720513,True,True,False,0.25,True,XRP-USD,crypto,0.20123912344720513
2020-11-27,Asset-Class Momentum Rotation,False,37,37,1.0,0.001151897414043632,0.1813955092265387,True,True,False,0.25,True,XRP-USD,crypto,0.1813955092265387
2020-11-30,Asset-Class Momentum Rotation,False,37,37,0.9999999999999999,0.0011482047438601724,0.1878948555111966,True,True,False,0.25,True,XRP-USD,crypto,0.1878948555111966
2020-12-01,Asset-Class Momentum Rotation,False,37,37,1.0,0.0010510188280493439,0.20455815690439277,True,True,False,0.25,True,XRP-USD,crypto,0.20455815690439277
2020-12-02,Asset-Class Momentum Rotation,False,37,37,0.9999999999999999,0.0010688715700853328,0.1948051927843067,True,True,False,0.25,True,XRP-USD,crypto,0.1948051927843067
2020-12-03,Asset-Class Momentum Rotation,False,37,37,1.0,0.0010480048185618482,0.19786072058323045,True,True,False,0.25,True,XRP-USD,crypto,0.19786072058323045
2020-12-04,Asset-Class Momentum Rotation,False,37,37,1.0,0.0010454246917689105,0.19628899171714642,True,True,False,0.25,True,XRP-USD,crypto,0.19628899171714642
2020-12-07,Asset-Class Momentum Rotation,False,37,37,1.0,0.001079295723095887,0.18149214020896234,True,True,False,0.25,True,XRP-USD,crypto,0.18149214020896234
2020-12-08,Asset-Class Momentum Rotation,False,37,37,1.0,0.0010606443546466238,0.19315138990496236,True,True,False,0.25,True,XRP-USD,crypto,0.19315138990496236
2020-12-09,Asset-Class Momentum Rotation,False,37,37,0.9999999999999999,0.0011094994329353082,0.18455332881186332,True,True,False,0.25,True,XRP-USD,crypto,0.18455332881186332
2020-12-10,Asset-Class Momentum Rotation,False,37,37,0.9999999999999999,0.0010872014972470913,0.18948118031549852,True,True,False,0.25,True,XRP-USD,crypto,0.18948118031549852
2020-12-11,Asset-Class Momentum Rotation,False,37,37,0.9999999999999998,0.001108390022285128,0.18798711233190782,True,True,False,0.25,True,XRP-USD,crypto,0.18798711233190782
2020-12-14,Asset-Class Momentum Rotation,False,37,37,1.0,0.0011307452163270002,0.18227310786109696,True,True,False,0.25,True,XRP-USD,crypto,0.18227310786109696
2020-12-15,Asset-Class Momentum Rotation,False,37,37,1.0,0.001109206319273049,0.1632964806189021,True,True,False,0.25,True,XRP-USD,crypto,0.1632964806189021
2020-12-16,Asset-Class Momentum Rotation,False,37,37,1.0,0.0011122015403251927,0.16071703060385492,True,True,False,0.25,True,BTC-USD,crypto,0.16071703060385492
2020-12-17,Asset-Class Momentum Rotation,False,37,37,0.9999999999999998,0.0010396984941449738,0.17592831485024904,True,True,False,0.25,True,XRP-USD,crypto,0.17592831485024904
2020-12-18,Asset-Class Momentum Rotation,False,37,37,0.9999999999999999,0.001021571507181326,0.17577298494664048,True,True,False,0.25,True,XRP-USD,crypto,0.17577298494664048
2020-12-21,Asset-Class Momentum Rotation,False,37,37,1.0,0.0010106975196423607,0.17672446096383537,True,True,False,0.25,True,XRP-USD,crypto,0.17672446096383537
2020-12-22,Asset-Class Momentum Rotation,False,37,37,1.0000000000000002,0.0010543584930739367,0.17970878281282768,True,True,False,0.25,True,BTC-USD,crypto,0.17970878281282768
2020-12-23,Asset-Class Momentum Rotation,False,37,37,1.0,0.001066356726198293,0.1885912825724321,True,True,False,0.25,True,BTC-USD,crypto,0.1885912825724321
2020-12-24,Asset-Class Momentum Rotation,False,37,37,0.9999999999999999,0.0011578628043647085,0.201502899787044,True,True,False,0.25,True,BTC-USD,crypto,0.201502899787044
2020-12-25,Asset-Class Momentum Rotation,False,37,37,1.0000000000000002,0.001107150882756182,0.1960022818410104,True,True,False,0.25,True,BTC-USD,crypto,0.1960022818410104
2020-12-28,Asset-Class Momentum Rotation,False,37,37,0.9999999999999999,0.0010985449103289213,0.20208913682553,True,True,False,0.25,True,BTC-USD,crypto,0.20208913682553
2020-12-29,Asset-Class Momentum Rotation,False,37,37,1.0000000000000002,0.0010633987024596472,0.2147219664338116,True,True,False,0.25,True,BTC-USD,crypto,0.2147219664338116
2020-12-30,Asset-Class Momentum Rotation,False,37,37,0.9999999999999999,0.001050997342781695,0.21466607002447374,True,True,False,0.25,True,BTC-USD,crypto,0.21466607002447374
2020-12-31,Asset-Class Momentum Rotation,True,37,37,1.0,0.0011654002708308194,0.14495728847072492,True,True,True,0.25,True,BTC-USD,crypto,0.14495728847072492
2021-01-01,Asset-Class Momentum Rotation,False,37,37,1.0,0.0011692809228901694,0.14603744277855388,True,True,False,0.25,True,BTC-USD,crypto,0.14603744277855388
2021-01-04,Asset-Class Momentum Rotation,False,37,37,0.9999999999999998,0.001164900320927013,0.1473586714716696,True,True,False,0.25,True,BTC-USD,crypto,0.1473586714716696
2021-01-05,Asset-Class Momentum Rotation,False,37,37,1.0000000000000002,0.0010777278503770699,0.14856720183039615,True,True,False,0.25,True,BTC-USD,crypto,0.14856720183039615
2021-01-06,Asset-Class Momentum Rotation,False,37,37,1.0000000000000002,0.0010330446397849207,0.1525399829829223,True,True,False,0.25,True,BTC-USD,crypto,0.1525399829829223
2021-01-07,Asset-Class Momentum Rotation,False,37,37,1.0,0.0009555324526307426,0.15605272128384107,True,True,False,0.25,True,BTC-USD,crypto,0.15605272128384107
2021-01-08,Asset-Class Momentum Rotation,False,37,37,0.9999999999999999,0.0009290208746358531,0.16365821567253216,True,True,False,0.25,True,BTC-USD,crypto,0.16365821567253216
2021-01-11,Asset-Class Momentum Rotation,False,37,37,1.0,0.0009180157860956956,0.16812201604684113,True,True,False,0.25,True,BTC-USD,crypto,0.16812201604684113
2021-01-12,Asset-Class Momentum Rotation,False,37,37,1.0,0.0009805364694623238,0.15680663392853342,True,True,False,0.25,True,BTC-USD,crypto,0.15680663392853342
2021-01-13,Asset-Class Momentum Rotation,False,37,37,0.9999999999999999,0.0009847411029061156,0.15032061582044282,True,True,False,0.25,True,BTC-USD,crypto,0.15032061582044282
2021-01-14,Asset-Class Momentum Rotation,False,37,37,1.0,0.0009552837817068784,0.15862470383303837,True,True,False,0.25,True,BTC-USD,crypto,0.15862470383303837
2021-01-15,Asset-Class Momentum Rotation,False,37,37,1.0000000000000002,0.0009273268381586796,0.1632319620195279,True,True,False,0.25,True,BTC-USD,crypto,0.1632319620195279
2021-01-18,Asset-Class Momentum Rotation,False,37,37,1.0,0.0009562526152432096,0.1575529860862815,True,True,False,0.25,True,BTC-USD,crypto,0.1575529860862815
2021-01-19,Asset-Class Momentum Rotation,False,37,37,0.9999999999999999,0.0009161570744705741,0.15014630710508492,True,True,False,0.25,True,BTC-USD,crypto,0.15014630710508492
2021-01-20,Asset-Class Momentum Rotation,False,37,37,1.0,0.0009109171835969805,0.1465312143296768,True,True,False,0.25,True,BTC-USD,crypto,0.1465312143296768
2021-01-21,Asset-Class Momentum Rotation,False,37,37,1.0000000000000002,0.0009069271225333441,0.14363640475522957,True,True,False,0.25,True,BTC-USD,crypto,0.14363640475522957
2021-01-22,Asset-Class Momentum Rotation,False,37,37,1.0,0.0009806559555849577,0.13563389715651927,True,True,False,0.25,True,BTC-USD,crypto,0.13563389715651927
2021-01-25,Asset-Class Momentum Rotation,False,37,37,1.0,0.0009462088900868849,0.13967282529505523,True,True,False,0.25,True,BTC-USD,crypto,0.13967282529505523
2021-01-26,Asset-Class Momentum Rotation,False,37,37,1.0,0.0009504829214405907,0.140263028646047,True,True,False,0.25,True,ETH-USD,crypto,0.140263028646047
2021-01-27,Asset-Class Momentum Rotation,False,37,37,0.9999999999999998,0.0009447435267324518,0.14312237798246633,True,True,False,0.25,True,ETH-USD,crypto,0.14312237798246633
2021-01-28,Asset-Class Momentum Rotation,False,37,37,1.0,0.0009908136929916208,0.1382612016772955,True,True,False,0.25,True,ETH-USD,crypto,0.1382612016772955
2021-01-29,Asset-Class Momentum Rotation,False,37,37,1.0,0.0009449897574927974,0.14099106633584074,True,True,False,0.25,True,ETH-USD,crypto,0.14099106633584074
2021-02-01,Asset-Class Momentum Rotation,False,37,37,1.0000000000000002,0.0009333131739514324,0.145351727954804,True,True,False,0.25,True,ETH-USD,crypto,0.145351727954804
2021-02-02,Asset-Class Momentum Rotation,False,37,37,1.0000000000000002,0.0008835799551876266,0.1361066435314039,True,True,False,0.25,True,ETH-USD,crypto,0.1361066435314039
2021-02-03,Asset-Class Momentum Rotation,False,37,37,0.9999999999999998,0.0008507086039492093,0.14597397194330397,True,True,False,0.25,True,ETH-USD,crypto,0.14597397194330397
2021-02-04,Asset-Class Momentum Rotation,False,37,37,1.0,0.0008155231561931764,0.15476731313330358,True,True,False,0.25,True,ETH-USD,crypto,0.15476731313330358
2021-02-05,Asset-Class Momentum Rotation,False,37,37,1.0,0.0008066265033073528,0.1473763413754612,True,True,False,0.25,True,ETH-USD,crypto,0.1473763413754612
2021-02-08,Asset-Class Momentum Rotation,False,37,37,0.9999999999999997,0.0007463035467941363,0.1521015923849306,True,True,False,0.25,True,ADA-USD,crypto,0.1521015923849306
2021-02-09,Asset-Class Momentum Rotation,False,37,37,0.9999999999999998,0.0006848595235679312,0.17633804236938244,True,True,False,0.25,True,ADA-USD,crypto,0.17633804236938244
2021-02-10,Asset-Class Momentum Rotation,False,37,37,0.9999999999999998,0.0006467413671239216,0.17152141001710405,True,True,False,0.25,True,ADA-USD,crypto,0.17152141001710405
2021-02-11,Asset-Class Momentum Rotation,False,37,37,0.9999999999999999,0.000598244613279064,0.2084221340746713,True,True,False,0.25,True,ADA-USD,crypto,0.2084221340746713
2021-02-12,Asset-Class Momentum Rotation,False,37,37,0.9999999999999998,0.0005911409465895194,0.20650736707476927,True,True,False,0.25,True,ADA-USD,crypto,0.20650736707476927
2021-02-15,Asset-Class Momentum Rotation,False,37,37,1.0000000000000002,0.0005660149454083241,0.19975160761721986,True,True,False,0.25,True,ADA-USD,crypto,0.19975160761721986
2021-02-16,Asset-Class Momentum Rotation,False,37,37,1.0,0.000586067025663264,0.19239847314846897,True,True,False,0.25,True,ADA-USD,crypto,0.19239847314846897
2021-02-17,Asset-Class Momentum Rotation,False,37,37,0.9999999999999998,0.000574963859984733,0.19388453209252715,True,True,False,0.25,True,ADA-USD,crypto,0.19388453209252715
2021-02-18,Asset-Class Momentum Rotation,False,37,37,0.9999999999999999,0.0005413860702646828,0.22288084962777785,True,True,False,0.25,True,BNB-USD,crypto,0.22288084962777785
2021-02-19,Asset-Class Momentum Rotation,False,37,37,0.9999999999999998,0.0005136875059520795,0.2526491579542219,True,True,False,0.25,True,BNB-USD,crypto,0.2526491579542219
2021-02-22,Asset-Class Momentum Rotation,False,37,37,0.9999999999999998,0.00042418877896221356,0.35894304969378793,True,True,False,0.25,True,BNB-USD,crypto,0.35894304969378793
2021-02-23,Asset-Class Momentum Rotation,False,37,37,1.0000000000000004,0.00044550193706079674,0.3055125946503887,True,True,False,0.25,True,BNB-USD,crypto,0.3055125946503887
2021-02-24,Asset-Class Momentum Rotation,False,37,37,1.0,0.0004926203219153811,0.29255508142741166,True,True,False,0.25,True,BNB-USD,crypto,0.29255508142741166
2021-02-25,Asset-Class Momentum Rotation,False,37,37,1.0000000000000002,0.00046418680659609683,0.3055572226447279,True,True,False,0.25,True,BNB-USD,crypto,0.3055572226447279
2021-02-26,Asset-Class Momentum Rotation,False,37,37,0.9999999999999998,0.00047631577681594495,0.2930910234711428,True,True,False,0.25,True,BNB-USD,crypto,0.2930910234711428
2021-03-01,Asset-Class Momentum Rotation,False,37,37,1.0,0.00048803328365320414,0.2755211104953533,True,True,False,0.25,True,BNB-USD,crypto,0.2755211104953533
2021-03-02,Asset-Class Momentum Rotation,False,37,37,0.9999999999999999,0.0004496793756434706,0.29550493431318386,True,True,False,0.25,True,BNB-USD,crypto,0.29550493431318386
2021-03-03,Asset-Class Momentum Rotation,False,37,37,1.0000000000000002,0.00046731793078934347,0.2888553992443369,True,True,False,0.25,True,BNB-USD,crypto,0.2888553992443369
2021-03-04,Asset-Class Momentum Rotation,False,37,37,0.9999999999999998,0.0004575610942533221,0.2877983691295506,True,True,False,0.25,True,BNB-USD,crypto,0.2877983691295506
2021-03-05,Asset-Class Momentum Rotation,False,37,37,1.0,0.0004722864727716983,0.2851657364825,True,True,False,0.25,True,BNB-USD,crypto,0.2851657364825
2021-03-08,Asset-Class Momentum Rotation,False,37,37,1.0,0.0004707258176988484,0.27926374138345,True,True,False,0.25,True,BNB-USD,crypto,0.27926374138345
2021-03-09,Asset-Class Momentum Rotation,False,37,37,1.0000000000000004,0.00045242074464419313,0.28717216785518784,True,True,False,0.25,True,BNB-USD,crypto,0.28717216785518784
2021-03-10,Asset-Class Momentum Rotation,False,37,37,0.9999999999999999,0.00042109405565760255,0.3219349930286635,True,True,False,0.25,True,BNB-USD,crypto,0.3219349930286635
2021-03-11,Asset-Class Momentum Rotation,False,37,37,1.0,0.00043413870906771284,0.31532321628258536,True,True,False,0.25,True,BNB-USD,crypto,0.31532321628258536
2021-03-12,Asset-Class Momentum Rotation,False,37,37,0.9999999999999999,0.00042393262070116995,0.3217300295487846,True,True,False,0.25,True,BNB-USD,crypto,0.3217300295487846
2021-03-15,Asset-Class Momentum Rotation,False,37,37,0.9999999999999998,0.00043645018318103817,0.3079265571500884,True,True,False,0.25,True,BNB-USD,crypto,0.3079265571500884
2021-03-16,Asset-Class Momentum Rotation,False,37,37,0.9999999999999999,0.000444936826329018,0.30139793260825465,True,True,False,0.25,True,BNB-USD,crypto,0.30139793260825465
2021-03-17,Asset-Class Momentum Rotation,False,37,37,0.9999999999999999,0.0004229002179118077,0.2915113659761658,True,True,False,0.25,True,BNB-USD,crypto,0.2915113659761658
2021-03-18,Asset-Class Momentum Rotation,False,37,37,1.0,0.0004023147448721027,0.292137106411108,True,True,False,0.25,True,BNB-USD,crypto,0.292137106411108
2021-03-19,Asset-Class Momentum Rotation,False,37,37,1.0000000000000002,0.000414359069109155,0.2947810011142835,True,True,False,0.25,True,BNB-USD,crypto,0.2947810011142835
2021-03-22,Asset-Class Momentum Rotation,False,37,37,1.0,0.0004098457980358282,0.2923791979297754,True,True,False,0.25,True,BNB-USD,crypto,0.2923791979297754
2021-03-23,Asset-Class Momentum Rotation,False,37,37,0.9999999999999998,0.0004357322644452282,0.2979053717068379,True,True,False,0.25,True,BNB-USD,crypto,0.2979053717068379
2021-03-24,Asset-Class Momentum Rotation,False,37,37,1.0000000000000002,0.00043987264820919347,0.29780039595325253,True,True,False,0.25,True,BNB-USD,crypto,0.29780039595325253
2021-03-25,Asset-Class Momentum Rotation,False,37,37,0.9999999999999999,0.0004569045041706918,0.30065005712911325,True,True,False,0.25,True,BNB-USD,crypto,0.30065005712911325
2021-03-26,Asset-Class Momentum Rotation,False,37,37,0.9999999999999999,0.00045874568743711487,0.28603573933615906,True,True,False,0.25,True,BNB-USD,crypto,0.28603573933615906
2021-03-29,Asset-Class Momentum Rotation,False,37,37,1.0000000000000002,0.0004278148569854844,0.290729403738152,True,True,False,0.25,True,BNB-USD,crypto,0.290729403738152
2021-03-30,Asset-Class Momentum Rotation,True,37,37,1.0,0.0013891057843551568,0.1492123582304781,True,True,True,0.25,True,BTC-USD,crypto,0.1492123582304781
2021-03-31,Asset-Class Momentum Rotation,False,37,37,1.0,0.0013785469617542219,0.15028428538954425,True,True,False,0.25,True,BTC-USD,crypto,0.15028428538954425
2021-04-01,Asset-Class Momentum Rotation,False,37,37,1.0,0.001368728498214142,0.15005403664331987,True,True,False,0.25,True,BTC-USD,crypto,0.15005403664331987
2021-04-02,Asset-Class Momentum Rotation,False,37,37,0.9999999999999999,0.001368459301396003,0.14801846717202433,True,True,False,0.25,True,BTC-USD,crypto,0.14801846717202433
2021-04-05,Asset-Class Momentum Rotation,False,37,37,1.0000000000000002,0.0013479238178575625,0.14650903830656925,True,True,False,0.25,True,BTC-USD,crypto,0.14650903830656925
2021-04-06,Asset-Class Momentum Rotation,False,37,37,1.0000000000000002,0.0012898917573931268,0.140041708068628,True,True,False,0.25,True,BTC-USD,crypto,0.140041708068628
2021-04-07,Asset-Class Momentum Rotation,False,37,37,1.0,0.0012639188183555358,0.13429858408305695,True,True,False,0.25,True,BTC-USD,crypto,0.13429858408305695
2021-04-08,Asset-Class Momentum Rotation,False,37,37,1.0,0.001309941866981357,0.13500225737903043,True,True,False,0.25,True,BTC-USD,crypto,0.13500225737903043
2021-04-09,Asset-Class Momentum Rotation,False,37,37,0.9999999999999998,0.0012696358860755338,0.13504458150855475,True,True,False,0.25,True,BTC-USD,crypto,0.13504458150855475
2021-04-12,Asset-Class Momentum Rotation,False,37,37,1.0000000000000002,0.0012601279273586276,0.13433854885444474,True,True,False,0.25,True,BTC-USD,crypto,0.13433854885444474
2021-04-13,Asset-Class Momentum Rotation,False,37,37,0.9999999999999999,0.0011539701873060984,0.13238274590017807,True,True,False,0.25,True,BNB-USD,crypto,0.13238274590017807
2021-04-14,Asset-Class Momentum Rotation,False,37,37,1.0000000000000002,0.0011182443839680555,0.15192078333641323,True,True,False,0.25,True,XRP-USD,crypto,0.15192078333641323
2021-04-15,Asset-Class Momentum Rotation,False,37,37,0.9999999999999999,0.0011012933207402464,0.15387941859668158,True,True,False,0.25,True,XRP-USD,crypto,0.15387941859668158
2021-04-16,Asset-Class Momentum Rotation,False,37,37,0.9999999999999997,0.0011177269952755027,0.1474942684243384,True,True,False,0.25,True,XRP-USD,crypto,0.1474942684243384
2021-04-19,Asset-Class Momentum Rotation,False,37,37,1.0,0.0011472355511502564,0.13455711415050173,True,True,False,0.25,True,XRP-USD,crypto,0.13455711415050173
2021-04-20,Asset-Class Momentum Rotation,False,37,37,0.9999999999999998,0.0012152712702621098,0.12274447626945764,True,True,False,0.25,True,BTC-USD,crypto,0.12274447626945764
2021-04-21,Asset-Class Momentum Rotation,False,37,37,1.0,0.001177144966978625,0.13045821218806525,True,True,False,0.25,True,BNB-USD,crypto,0.13045821218806525
2021-04-22,Asset-Class Momentum Rotation,False,37,37,1.0000000000000002,0.001204475932865184,0.12391398322993889,True,True,False,0.25,True,BNB-USD,crypto,0.12391398322993889
2021-04-23,Asset-Class Momentum Rotation,False,37,37,1.0,0.0012468437027954137,0.11852155114538553,True,True,False,0.25,True,ETH-USD,crypto,0.11852155114538553
2021-04-26,Asset-Class Momentum Rotation,False,37,37,0.9999999999999999,0.001236642811951686,0.12244424926806036,True,True,False,0.25,True,BNB-USD,crypto,0.12244424926806036
2021-04-27,Asset-Class Momentum Rotation,False,37,37,0.9999999999999998,0.0011869328083018633,0.12179345655029071,True,True,False,0.25,True,XRP-USD,crypto,0.12179345655029071
2021-04-28,Asset-Class Momentum Rotation,False,37,37,1.0,0.0011507359913546231,0.12426564860073801,True,True,False,0.25,True,BNB-USD,crypto,0.12426564860073801
2021-04-29,Asset-Class Momentum Rotation,False,37,37,1.0,0.001151208725028022,0.12653637354268676,True,True,False,0.25,True,ETH-USD,crypto,0.12653637354268676
2021-04-30,Asset-Class Momentum Rotation,False,37,37,0.9999999999999998,0.0011371758901505833,0.12984865616598112,True,True,False,0.25,True,BNB-USD,crypto,0.12984865616598112
2021-05-03,Asset-Class Momentum Rotation,False,37,37,1.0,0.0011046648968928295,0.13299670140502026,True,True,False,0.25,True,XRP-USD,crypto,0.13299670140502026
2021-05-04,Asset-Class Momentum Rotation,False,37,37,0.9999999999999999,0.0010640972567929035,0.14612853181998925,True,True,False,0.25,True,ETH-USD,crypto,0.14612853181998925
2021-05-05,Asset-Class Momentum Rotation,False,37,37,1.0000000000000002,0.0011239595347628932,0.14537972359357515,True,True,False,0.25,True,ETH-USD,crypto,0.14537972359357515
2021-05-06,Asset-Class Momentum Rotation,False,37,37,0.9999999999999999,0.0010636545676429145,0.1487154097202243,True,True,False,0.25,True,ETH-USD,crypto,0.1487154097202243
2021-05-07,Asset-Class Momentum Rotation,False,37,37,0.9999999999999997,0.0010617841798924272,0.14686762254854596,True,True,False,0.25,True,ETH-USD,crypto,0.14686762254854596
2021-05-10,Asset-Class Momentum Rotation,False,37,37,1.0,0.001054802662621797,0.14636660860160958,True,True,False,0.25,True,ETH-USD,crypto,0.14636660860160958
2021-05-11,Asset-Class Momentum Rotation,False,37,37,0.9999999999999998,0.001042954543107837,0.16582005849966602,True,True,False,0.25,True,ETH-USD,crypto,0.16582005849966602
2021-05-12,Asset-Class Momentum Rotation,False,37,37,1.0,0.0010079556486073625,0.16999243261959934,True,True,False,0.25,True,ETH-USD,crypto,0.16999243261959934
2021-05-13,Asset-Class Momentum Rotation,False,37,37,0.9999999999999999,0.001084087542266151,0.16780410147025743,True,True,False,0.25,True,ETH-USD,crypto,0.16780410147025743
2021-05-14,Asset-Class Momentum Rotation,False,37,37,1.0,0.0010586464628170402,0.1605573379553597,True,True,False,0.25,True,ETH-USD,crypto,0.1605573379553597
2021-05-17,Asset-Class Momentum Rotation,False,37,37,0.9999999999999999,0.0010338687667559604,0.1705633811386553,True,True,False,0.25,True,ETH-USD,crypto,0.1705633811386553
2021-05-18,Asset-Class Momentum Rotation,False,37,37,1.0,0.0010905358729562807,0.1450813376786005,True,True,False,0.25,True,ETH-USD,crypto,0.1450813376786005
2021-05-19,Asset-Class Momentum Rotation,False,37,37,0.9999999999999997,0.0010793032227581151,0.14823891366202802,True,True,False,0.25,True,ETH-USD,crypto,0.14823891366202802
2021-05-20,Asset-Class Momentum Rotation,False,37,37,1.0000000000000002,0.0012803171392666566,0.12832676594174294,True,True,False,0.25,True,ETH-USD,crypto,0.12832676594174294
2021-05-21,Asset-Class Momentum Rotation,False,37,37,0.9999999999999999,0.0012024430572701592,0.1352587002836986,True,True,False,0.25,True,ETH-USD,crypto,0.1352587002836986
2021-05-24,Asset-Class Momentum Rotation,False,37,37,0.9999999999999999,0.001299092176197544,0.12716065032372623,True,True,False,0.25,True,ETH-USD,crypto,0.12716065032372623
2021-05-25,Asset-Class Momentum Rotation,False,37,37,1.0,0.0012775785879289426,0.13551001184274455,True,True,False,0.25,True,ETH-USD,crypto,0.13551001184274455
2021-05-26,Asset-Class Momentum Rotation,False,37,37,1.0,0.0012887590239551426,0.13867095768641807,True,True,False,0.25,True,ETH-USD,crypto,0.13867095768641807
2021-05-27,Asset-Class Momentum Rotation,False,37,37,1.0,0.0012374299893792224,0.1423494385930229,True,True,False,0.25,True,ETH-USD,crypto,0.1423494385930229
2021-05-28,Asset-Class Momentum Rotation,False,37,37,1.0000000000000002,0.0012638726414256113,0.13828667567625041,True,True,False,0.25,True,ETH-USD,crypto,0.13828667567625041
2021-05-31,Asset-Class Momentum Rotation,False,37,37,0.9999999999999999,0.00132070314623061,0.1279902594714471,True,True,False,0.25,True,ETH-USD,crypto,0.1279902594714471
2021-06-01,Asset-Class Momentum Rotation,False,37,37,0.9999999999999999,0.0012527856523113776,0.1362106366165335,True,True,False,0.25,True,ETH-USD,crypto,0.1362106366165335
2021-06-02,Asset-Class Momentum Rotation,False,37,37,0.9999999999999998,0.0012588476907387442,0.13279445282482447,True,True,False,0.25,True,ETH-USD,crypto,0.13279445282482447
2021-06-03,Asset-Class Momentum Rotation,False,37,37,0.9999999999999998,0.0012384222659701293,0.13393147457912905,True,True,False,0.25,True,ETH-USD,crypto,0.13393147457912905
2021-06-04,Asset-Class Momentum Rotation,False,37,37,1.0000000000000002,0.0012070310541548229,0.13824304612716087,True,True,False,0.25,True,ETH-USD,crypto,0.13824304612716087
2021-06-07,Asset-Class Momentum Rotation,False,37,37,1.0000000000000002,0.0012650993771514262,0.13457913423719198,True,True,False,0.25,True,ETH-USD,crypto,0.13457913423719198
2021-06-08,Asset-Class Momentum Rotation,False,37,37,1.0,0.001312265706232596,0.13492569813319896,True,True,False,0.25,True,ETH-USD,crypto,0.13492569813319896
2021-06-09,Asset-Class Momentum Rotation,False,37,37,1.0,0.0013235463943593302,0.13133680864172875,True,True,False,0.25,True,ETH-USD,crypto,0.13133680864172875
2021-06-10,Asset-Class Momentum Rotation,False,37,37,0.9999999999999998,0.00130255437002166,0.13274516282060894,True,True,False,0.25,True,ETH-USD,crypto,0.13274516282060894
2021-06-11,Asset-Class Momentum Rotation,False,37,37,1.0,0.0013403959805242628,0.1286679132231447,True,True,False,0.25,True,ETH-USD,crypto,0.1286679132231447
2021-06-14,Asset-Class Momentum Rotation,False,37,37,0.9999999999999999,0.001357317666434328,0.12428529740596848,True,True,False,0.25,True,ETH-USD,crypto,0.12428529740596848
2021-06-15,Asset-Class Momentum Rotation,False,37,37,0.9999999999999997,0.001301553475971237,0.12949374815789041,True,True,False,0.25,True,ETH-USD,crypto,0.12949374815789041
2021-06-16,Asset-Class Momentum Rotation,False,37,37,1.0,0.0012941794025907922,0.1326257584576544,True,True,False,0.25,True,ETH-USD,crypto,0.1326257584576544
2021-06-17,Asset-Class Momentum Rotation,False,37,37,1.0000000000000002,0.0013462059856676183,0.12520975553460092,True,True,False,0.25,True,ETH-USD,crypto,0.12520975553460092
2021-06-18,Asset-Class Momentum Rotation,False,37,37,1.0000000000000002,0.0013687709892949815,0.12566039184384858,True,True,False,0.25,True,ETH-USD,crypto,0.12566039184384858
2021-06-21,Asset-Class Momentum Rotation,False,37,37,0.9999999999999999,0.001439403413966999,0.12203541754525908,True,True,False,0.25,True,ETH-USD,crypto,0.12203541754525908
2021-06-22,Asset-Class Momentum Rotation,False,37,37,0.9999999999999997,0.001527751153589137,0.11146834914479205,True,True,False,0.25,True,ETH-USD,crypto,0.11146834914479205
2021-06-23,Asset-Class Momentum Rotation,False,37,37,1.0000000000000004,0.0015464022793236596,0.11174977533531152,True,True,False,0.25,True,ETH-USD,crypto,0.11174977533531152
2021-06-24,Asset-Class Momentum Rotation,False,37,37,0.9999999999999998,0.001491266876965663,0.11465836056367415,True,True,False,0.25,True,ETH-USD,crypto,0.11465836056367415
2021-06-25,Asset-Class Momentum Rotation,True,37,37,1.0,0.0015937080946891143,0.14348159340205296,True,True,True,0.25,True,BTC-USD,crypto,0.14348159340205296
2021-06-28,Asset-Class Momentum Rotation,False,37,37,1.0,0.0016382521037274498,0.1360341796828138,True,True,False,0.25,True,BTC-USD,crypto,0.1360341796828138
2021-06-29,Asset-Class Momentum Rotation,False,37,37,0.9999999999999999,0.0015995816273712711,0.14309269218756432,True,True,False,0.25,True,BTC-USD,crypto,0.14309269218756432
2021-06-30,Asset-Class Momentum Rotation,False,37,37,1.0,0.0015704508602434907,0.1460905750979064,True,True,False,0.25,True,BTC-USD,crypto,0.1460905750979064
2021-07-01,Asset-Class Momentum Rotation,False,37,37,1.0,0.0015700105229939072,0.14204972673173408,True,True,False,0.25,True,BTC-USD,crypto,0.14204972673173408
2021-07-02,Asset-Class Momentum Rotation,False,37,37,0.9999999999999999,0.001607514484994623,0.13933909601061092,True,True,False,0.25,True,BTC-USD,crypto,0.13933909601061092
2021-07-05,Asset-Class Momentum Rotation,False,37,37,0.9999999999999999,0.0016040728350396054,0.13954436393765268,True,True,False,0.25,True,BTC-USD,crypto,0.13954436393765268
2021-07-06,Asset-Class Momentum Rotation,False,37,37,0.9999999999999999,0.0015953295801415135,0.13816534400925745,True,True,False,0.25,True,BTC-USD,crypto,0.13816534400925745
2021-07-07,Asset-Class Momentum Rotation,False,37,37,0.9999999999999998,0.001594612457267393,0.1384821542426778,True,True,False,0.25,True,BTC-USD,crypto,0.1384821542426778
2021-07-08,Asset-Class Momentum Rotation,False,37,37,1.0,0.001611125627130379,0.1371486535430672,True,True,False,0.25,True,BTC-USD,crypto,0.1371486535430672
2021-07-09,Asset-Class Momentum Rotation,False,37,37,1.0,0.0016638325844832464,0.13700731653255735,True,True,False,0.25,True,BTC-USD,crypto,0.13700731653255735
2021-07-12,Asset-Class Momentum Rotation,False,37,37,1.0000000000000002,0.0016161971850891003,0.13876281321338038,True,True,False,0.25,True,BTC-USD,crypto,0.13876281321338038
2021-07-13,Asset-Class Momentum Rotation,False,37,37,1.0,0.0016286234365859855,0.13735112426969293,True,True,False,0.25,True,BTC-USD,crypto,0.13735112426969293
2021-07-14,Asset-Class Momentum Rotation,False,37,37,1.0000000000000002,0.0016414574872718527,0.1375916750665386,True,True,False,0.25,True,BTC-USD,crypto,0.1375916750665386
2021-07-15,Asset-Class Momentum Rotation,False,37,37,1.0000000000000002,0.0016529281124101217,0.13750066365664412,True,True,False,0.25,True,BTC-USD,crypto,0.13750066365664412
2021-07-16,Asset-Class Momentum Rotation,False,37,37,1.0,0.0016920670005482641,0.13480264110953905,True,True,False,0.25,True,BTC-USD,crypto,0.13480264110953905
2021-07-19,Asset-Class Momentum Rotation,False,37,37,0.9999999999999999,0.0017100888573360986,0.1349530681653486,True,True,False,0.25,True,BTC-USD,crypto,0.1349530681653486
2021-07-20,Asset-Class Momentum Rotation,False,37,37,0.9999999999999999,0.0017937410659481037,0.1358557893821969,True,True,False,0.25,True,BTC-USD,crypto,0.1358557893821969
2021-07-21,Asset-Class Momentum Rotation,False,37,37,1.0,0.0017968755448137953,0.13291203055511197,True,True,False,0.25,True,BTC-USD,crypto,0.13291203055511197
2021-07-22,Asset-Class Momentum Rotation,False,37,37,1.0000000000000002,0.001700916273396678,0.13727514168972105,True,True,False,0.25,True,BTC-USD,crypto,0.13727514168972105
2021-07-23,Asset-Class Momentum Rotation,False,37,37,0.9999999999999999,0.0017049295711479792,0.13716971643177892,True,True,False,0.25,True,BTC-USD,crypto,0.13716971643177892
2021-07-26,Asset-Class Momentum Rotation,False,37,37,1.0000000000000002,0.0016645496279548346,0.14011522194681977,True,True,False,0.25,True,BTC-USD,crypto,0.14011522194681977
2021-07-27,Asset-Class Momentum Rotation,False,37,37,1.0000000000000002,0.0016144497067787844,0.15154672178601247,True,True,False,0.25,True,BTC-USD,crypto,0.15154672178601247
2021-07-28,Asset-Class Momentum Rotation,False,37,37,1.0000000000000002,0.0016060674169455608,0.15743567009532763,True,True,False,0.25,True,BTC-USD,crypto,0.15743567009532763
2021-07-29,Asset-Class Momentum Rotation,False,37,37,1.0,0.0015875695985523785,0.1579377706781336,True,True,False,0.25,True,BTC-USD,crypto,0.1579377706781336
2021-07-30,Asset-Class Momentum Rotation,False,37,37,0.9999999999999999,0.0015640723939676052,0.1565168992178068,True,True,False,0.25,True,BTC-USD,crypto,0.1565168992178068
2021-08-02,Asset-Class Momentum Rotation,False,37,37,0.9999999999999999,0.0015503247644757102,0.16301055233422782,True,True,False,0.25,True,BTC-USD,crypto,0.16301055233422782
2021-08-03,Asset-Class Momentum Rotation,False,37,37,0.9999999999999998,0.001571601047976184,0.1520226215524495,True,True,False,0.25,True,BTC-USD,crypto,0.1520226215524495
2021-08-04,Asset-Class Momentum Rotation,False,37,37,1.0,0.0015841576141366553,0.14905787511143714,True,True,False,0.25,True,BTC-USD,crypto,0.14905787511143714
2021-08-05,Asset-Class Momentum Rotation,False,37,37,0.9999999999999999,0.0015577689915252737,0.15238734068942963,True,True,False,0.25,True,BTC-USD,crypto,0.15238734068942963
2021-08-06,Asset-Class Momentum Rotation,False,37,37,1.0000000000000002,0.0015307020084215108,0.1547554509258536,True,True,False,0.25,True,BTC-USD,crypto,0.1547554509258536
2021-08-09,Asset-Class Momentum Rotation,False,37,37,1.0,0.001486686551840927,0.16014011064252742,True,True,False,0.25,True,BTC-USD,crypto,0.16014011064252742
2021-08-10,Asset-Class Momentum Rotation,False,37,37,1.0000000000000002,0.0014267906402796098,0.16702609143144678,True,True,False,0.25,True,BTC-USD,crypto,0.16702609143144678
2021-08-11,Asset-Class Momentum Rotation,False,37,37,0.9999999999999998,0.0014007031606214624,0.1619603262265324,True,True,False,0.25,True,BTC-USD,crypto,0.1619603262265324
2021-08-12,Asset-Class Momentum Rotation,False,37,37,0.9999999999999999,0.0013602359715273898,0.15740747865298738,True,True,False,0.25,True,BTC-USD,crypto,0.15740747865298738
2021-08-13,Asset-Class Momentum Rotation,False,37,37,0.9999999999999999,0.0013763503542232553,0.1554560845507241,True,True,False,0.25,True,BTC-USD,crypto,0.1554560845507241
2021-08-16,Asset-Class Momentum Rotation,False,37,37,0.9999999999999999,0.0013225194321276775,0.1581911135300913,True,True,False,0.25,True,BTC-USD,crypto,0.1581911135300913
2021-08-17,Asset-Class Momentum Rotation,False,37,37,0.9999999999999998,0.001332233097596059,0.1530177338054609,True,True,False,0.25,True,BTC-USD,crypto,0.1530177338054609
2021-08-18,Asset-Class Momentum Rotation,False,37,37,0.9999999999999999,0.0013743156296555426,0.1534212400792115,True,True,False,0.25,True,BTC-USD,crypto,0.1534212400792115
2021-08-19,Asset-Class Momentum Rotation,False,37,37,1.0,0.0013649407952268326,0.15222413574541369,True,True,False,0.25,True,BTC-USD,crypto,0.15222413574541369
2021-08-20,Asset-Class Momentum Rotation,False,37,37,1.0,0.0013200493776365173,0.1523925118153501,True,True,False,0.25,True,BTC-USD,crypto,0.1523925118153501
2021-08-23,Asset-Class Momentum Rotation,False,37,37,0.9999999999999998,0.0012918005420074056,0.15739536733167409,True,True,False,0.25,True,BTC-USD,crypto,0.15739536733167409
2021-08-24,Asset-Class Momentum Rotation,False,37,37,1.0000000000000002,0.001251091965556023,0.15317654330875746,True,True,False,0.25,True,BTC-USD,crypto,0.15317654330875746
2021-08-25,Asset-Class Momentum Rotation,False,37,37,1.0,0.0012837592357920725,0.1525251499471349,True,True,False,0.25,True,BTC-USD,crypto,0.1525251499471349
2021-08-26,Asset-Class Momentum Rotation,False,37,37,0.9999999999999999,0.0012535978620599865,0.1541390977866368,True,True,False,0.25,True,BTC-USD,crypto,0.1541390977866368
2021-08-27,Asset-Class Momentum Rotation,False,37,37,0.9999999999999998,0.0013010878922659552,0.15295914144343475,True,True,False,0.25,True,BTC-USD,crypto,0.15295914144343475
2021-08-30,Asset-Class Momentum Rotation,False,37,37,1.0000000000000002,0.0012482059580081614,0.15232188528981205,True,True,False,0.25,True,BTC-USD,crypto,0.15232188528981205
2021-08-31,Asset-Class Momentum Rotation,False,37,37,0.9999999999999999,0.0012898177272614756,0.15057833732728831,True,True,False,0.25,True,BTC-USD,crypto,0.15057833732728831
2021-09-01,Asset-Class Momentum Rotation,False,37,37,0.9999999999999999,0.0012579110287318496,0.14821089070700227,True,True,False,0.25,True,BTC-USD,crypto,0.14821089070700227
2021-09-02,Asset-Class Momentum Rotation,False,37,37,1.0,0.0012174703166057336,0.14830798392934408,True,True,False,0.25,True,BTC-USD,crypto,0.14830798392934408
2021-09-03,Asset-Class Momentum Rotation,False,37,37,0.9999999999999999,0.0012150720448464991,0.14882276611310502,True,True,False,0.25,True,BTC-USD,crypto,0.14882276611310502
2021-09-06,Asset-Class Momentum Rotation,False,37,37,0.9999999999999998,0.0011902025025397158,0.14919531129541236,True,True,False,0.25,True,BTC-USD,crypto,0.14919531129541236
2021-09-07,Asset-Class Momentum Rotation,False,37,37,0.9999999999999998,0.0011780040497435557,0.1553650349399651,True,True,False,0.25,True,BTC-USD,crypto,0.1553650349399651
2021-09-08,Asset-Class Momentum Rotation,False,37,37,1.0,0.001276826072362444,0.15104422218405403,True,True,False,0.25,True,BTC-USD,crypto,0.15104422218405403
2021-09-09,Asset-Class Momentum Rotation,False,37,37,1.0000000000000002,0.0012897831608046242,0.14921546310101738,True,True,False,0.25,True,BTC-USD,crypto,0.14921546310101738
2021-09-10,Asset-Class Momentum Rotation,False,37,37,1.0,0.0013069361051962864,0.15036464440265052,True,True,False,0.25,True,BTC-USD,crypto,0.15036464440265052
2021-09-13,Asset-Class Momentum Rotation,False,37,37,0.9999999999999998,0.0013326711280555123,0.1496626285426657,True,True,False,0.25,True,BTC-USD,crypto,0.1496626285426657
2021-09-14,Asset-Class Momentum Rotation,False,37,37,1.0000000000000002,0.0013330605158943898,0.14906624045048644,True,True,False,0.25,True,BTC-USD,crypto,0.14906624045048644
2021-09-15,Asset-Class Momentum Rotation,False,37,37,1.0,0.0013275417800212872,0.15361731249435845,True,True,False,0.25,True,BTC-USD,crypto,0.15361731249435845
2021-09-16,Asset-Class Momentum Rotation,False,37,37,1.0,0.0012925232836683742,0.15354592496254607,True,True,False,0.25,True,BTC-USD,crypto,0.15354592496254607
2021-09-17,Asset-Class Momentum Rotation,False,37,37,1.0000000000000002,0.0013028811580989882,0.15422048781032965,True,True,False,0.25,True,BTC-USD,crypto,0.15422048781032965
2021-09-20,Asset-Class Momentum Rotation,False,37,37,0.9999999999999997,0.0013239952970572322,0.15577615708330567,True,True,False,0.25,True,BTC-USD,crypto,0.15577615708330567
2021-09-21,Asset-Class Momentum Rotation,False,37,37,1.0,0.0014444082899163658,0.15215178502977328,True,True,False,0.25,True,BTC-USD,crypto,0.15215178502977328
2021-09-22,Asset-Class Momentum Rotation,True,37,37,1.0000000000000002,0.001585751244654013,0.1346755768398664,True,True,True,0.25,True,BTC-USD,crypto,0.1346755768398664
2021-09-23,Asset-Class Momentum Rotation,False,37,37,0.9999999999999997,0.0015125068054431309,0.13673316732812388,True,True,False,0.25,True,BTC-USD,crypto,0.13673316732812388
2021-09-24,Asset-Class Momentum Rotation,False,37,37,1.0,0.0014590710164379891,0.13904200229481525,True,True,False,0.25,True,BTC-USD,crypto,0.13904200229481525
2021-09-27,Asset-Class Momentum Rotation,False,37,37,1.0,0.001485071823245191,0.13637362734849767,True,True,False,0.25,True,BTC-USD,crypto,0.13637362734849767
2021-09-28,Asset-Class Momentum Rotation,False,37,37,0.9999999999999999,0.0014942845552758234,0.1357839824282878,True,True,False,0.25,True,BTC-USD,crypto,0.1357839824282878
2021-09-29,Asset-Class Momentum Rotation,False,37,37,1.0,0.0015008892105877174,0.13460207648017755,True,True,False,0.25,True,BTC-USD,crypto,0.13460207648017755
2021-09-30,Asset-Class Momentum Rotation,False,37,37,1.0,0.001487093821554288,0.13485282923012062,True,True,False,0.25,True,BTC-USD,crypto,0.13485282923012062
2021-10-01,Asset-Class Momentum Rotation,False,37,37,1.0000000000000002,0.0014528040198405518,0.13881987344982893,True,True,False,0.25,True,BTC-USD,crypto,0.13881987344982893
2021-10-04,Asset-Class Momentum Rotation,False,37,37,0.9999999999999996,0.0013989175223202673,0.145650297582184,True,True,False,0.25,True,BTC-USD,crypto,0.145650297582184
2021-10-05,Asset-Class Momentum Rotation,False,37,37,0.9999999999999999,0.001388609214200454,0.14794624604389908,True,True,False,0.25,True,BTC-USD,crypto,0.14794624604389908
2021-10-06,Asset-Class Momentum Rotation,False,37,37,0.9999999999999999,0.0013458284394284453,0.15186723095184093,True,True,False,0.25,True,BTC-USD,crypto,0.15186723095184093
2021-10-07,Asset-Class Momentum Rotation,False,37,37,1.0,0.0013431273906003482,0.16196601767028357,True,True,False,0.25,True,BTC-USD,crypto,0.16196601767028357
2021-10-08,Asset-Class Momentum Rotation,False,37,37,1.0,0.001327752855865268,0.15725793213875378,True,True,False,0.25,True,BTC-USD,crypto,0.15725793213875378
2021-10-11,Asset-Class Momentum Rotation,False,37,37,1.0,0.0013267415520732398,0.1587217938975909,True,True,False,0.25,True,BTC-USD,crypto,0.1587217938975909
2021-10-12,Asset-Class Momentum Rotation,False,37,37,1.0,0.0013105756040175211,0.16743013633604967,True,True,False,0.25,True,BTC-USD,crypto,0.16743013633604967
2021-10-13,Asset-Class Momentum Rotation,False,37,37,0.9999999999999998,0.001336555198838275,0.16366202698917456,True,True,False,0.25,True,BTC-USD,crypto,0.16366202698917456
2021-10-14,Asset-Class Momentum Rotation,False,37,37,0.9999999999999998,0.001319453806726654,0.16389492118962107,True,True,False,0.25,True,BTC-USD,crypto,0.16389492118962107
2021-10-15,Asset-Class Momentum Rotation,False,37,37,1.0,0.0013111409436969176,0.16203455210002748,True,True,False,0.25,True,BTC-USD,crypto,0.16203455210002748
2021-10-18,Asset-Class Momentum Rotation,False,37,37,1.0,0.0012821611748832593,0.171261240659517,True,True,False,0.25,True,BTC-USD,crypto,0.171261240659517
2021-10-19,Asset-Class Momentum Rotation,False,37,37,1.0,0.0013004503549513154,0.174106494807778,True,True,False,0.25,True,BTC-USD,crypto,0.174106494807778
2021-10-20,Asset-Class Momentum Rotation,False,37,37,1.0,0.0012664087859575615,0.17811794407476167,True,True,False,0.25,True,BTC-USD,crypto,0.17811794407476167
2021-10-21,Asset-Class Momentum Rotation,False,37,37,1.0000000000000002,0.0012267848835230426,0.17839643474588618,True,True,False,0.25,True,BTC-USD,crypto,0.17839643474588618
2021-10-22,Asset-Class Momentum Rotation,False,37,37,1.0,0.0012587765118489802,0.17276221599229494,True,True,False,0.25,True,BTC-USD,crypto,0.17276221599229494
2021-10-25,Asset-Class Momentum Rotation,False,37,37,1.0,0.001276996725143785,0.16912388139418905,True,True,False,0.25,True,BTC-USD,crypto,0.16912388139418905
2021-10-26,Asset-Class Momentum Rotation,False,37,37,1.0,0.0012507618379040495,0.1723196541143599,True,True,False,0.25,True,BTC-USD,crypto,0.1723196541143599
2021-10-27,Asset-Class Momentum Rotation,False,37,37,1.0,0.0012770301544875282,0.16708847024797518,True,True,False,0.25,True,BTC-USD,crypto,0.16708847024797518
2021-10-28,Asset-Class Momentum Rotation,False,37,37,0.9999999999999999,0.0013469756356042587,0.167696098747085,True,True,False,0.25,True,BTC-USD,crypto,0.167696098747085
2021-10-29,Asset-Class Momentum Rotation,False,37,37,1.0,0.001298416933186694,0.16813412973962982,True,True,False,0.25,True,BTC-USD,crypto,0.16813412973962982
2021-11-01,Asset-Class Momentum Rotation,False,37,37,1.0,0.001283453401533149,0.17007911140800408,True,True,False,0.25,True,BTC-USD,crypto,0.17007911140800408
2021-11-02,Asset-Class Momentum Rotation,False,37,37,1.0000000000000002,0.0012754361950202686,0.16689501213342625,True,True,False,0.25,True,BTC-USD,crypto,0.16689501213342625
2021-11-03,Asset-Class Momentum Rotation,False,37,37,1.0,0.0012597593648459723,0.17009288239765905,True,True,False,0.25,True,BTC-USD,crypto,0.17009288239765905
2021-11-04,Asset-Class Momentum Rotation,False,37,37,1.0,0.001233381000297392,0.16758790834404078,True,True,False,0.25,True,BTC-USD,crypto,0.16758790834404078
2021-11-05,Asset-Class Momentum Rotation,False,37,37,1.0,0.0012607779970501066,0.16544238337853495,True,True,False,0.25,True,BTC-USD,crypto,0.16544238337853495
2021-11-08,Asset-Class Momentum Rotation,False,37,37,1.0000000000000002,0.001269882732501882,0.16330914314487896,True,True,False,0.25,True,BTC-USD,crypto,0.16330914314487896
2021-11-09,Asset-Class Momentum Rotation,False,37,37,0.9999999999999999,0.0012087219729396362,0.17214659282986966,True,True,False,0.25,True,BTC-USD,crypto,0.17214659282986966
2021-11-10,Asset-Class Momentum Rotation,False,37,37,0.9999999999999998,0.0012304064238745603,0.17145968258077318,True,True,False,0.25,True,BTC-USD,crypto,0.17145968258077318
2021-11-11,Asset-Class Momentum Rotation,False,37,37,0.9999999999999999,0.0012353651022804976,0.17018127621845863,True,True,False,0.25,True,BTC-USD,crypto,0.17018127621845863
2021-11-12,Asset-Class Momentum Rotation,False,37,37,1.0000000000000002,0.001221330487397007,0.1683806811297633,True,True,False,0.25,True,BTC-USD,crypto,0.1683806811297633
2021-11-15,Asset-Class Momentum Rotation,False,37,37,0.9999999999999999,0.0012251701921868158,0.16758114054905193,True,True,False,0.25,True,BTC-USD,crypto,0.16758114054905193
2021-11-16,Asset-Class Momentum Rotation,False,37,37,0.9999999999999998,0.0012155227883853274,0.16680623506613804,True,True,False,0.25,True,BTC-USD,crypto,0.16680623506613804
2021-11-17,Asset-Class Momentum Rotation,False,37,37,1.0000000000000002,0.0012599570598752293,0.1640810694821023,True,True,False,0.25,True,BTC-USD,crypto,0.1640810694821023
2021-11-18,Asset-Class Momentum Rotation,False,37,37,1.0,0.0012713564996897325,0.1648282880042937,True,True,False,0.25,True,BTC-USD,crypto,0.1648282880042937
2021-11-19,Asset-Class Momentum Rotation,False,37,37,0.9999999999999999,0.0013204382183081636,0.16087155867620279,True,True,False,0.25,True,BTC-USD,crypto,0.16087155867620279
2021-11-22,Asset-Class Momentum Rotation,False,37,37,1.0,0.0012996584769562219,0.15992558549395677,True,True,False,0.25,True,BTC-USD,crypto,0.15992558549395677
2021-11-23,Asset-Class Momentum Rotation,False,37,37,0.9999999999999999,0.001318513633274164,0.15900114099803733,True,True,False,0.25,True,BTC-USD,crypto,0.15900114099803733
2021-11-24,Asset-Class Momentum Rotation,False,37,37,0.9999999999999998,0.0012745491297863033,0.15950017200591118,True,True,False,0.25,True,BTC-USD,crypto,0.15950017200591118
2021-11-25,Asset-Class Momentum Rotation,False,37,37,1.0,0.0013109367227021728,0.15784723643097032,True,True,False,0.25,True,BTC-USD,crypto,0.15784723643097032
2021-11-26,Asset-Class Momentum Rotation,False,37,37,1.0000000000000002,0.0013024063065022746,0.15959050116543022,True,True,False,0.25,True,BTC-USD,crypto,0.15959050116543022
2021-11-29,Asset-Class Momentum Rotation,False,37,37,0.9999999999999997,0.001392820711942278,0.1556951282005978,True,True,False,0.25,True,BTC-USD,crypto,0.1556951282005978
2021-11-30,Asset-Class Momentum Rotation,False,37,37,1.0000000000000002,0.0013304139769292614,0.1617815823668091,True,True,False,0.25,True,BTC-USD,crypto,0.1617815823668091
2021-12-01,Asset-Class Momentum Rotation,False,37,37,0.9999999999999999,0.001358218579975189,0.16043480248877823,True,True,False,0.25,True,BTC-USD,crypto,0.16043480248877823
2021-12-02,Asset-Class Momentum Rotation,False,37,37,1.0000000000000002,0.0013732199915920712,0.16184686885204994,True,True,False,0.25,True,BTC-USD,crypto,0.16184686885204994
2021-12-03,Asset-Class Momentum Rotation,False,37,37,1.0,0.001370004707857084,0.15914774758097708,True,True,False,0.25,True,BTC-USD,crypto,0.15914774758097708
2021-12-06,Asset-Class Momentum Rotation,False,37,37,0.9999999999999999,0.0014312152087225694,0.15592095460714867,True,True,False,0.25,True,BTC-USD,crypto,0.15592095460714867
2021-12-07,Asset-Class Momentum Rotation,False,37,37,1.0,0.0014330312570827392,0.14938696626712328,True,True,False,0.25,True,BTC-USD,crypto,0.14938696626712328
2021-12-08,Asset-Class Momentum Rotation,False,37,37,1.0,0.0014231129816077244,0.1499086283357957,True,True,False,0.25,True,BTC-USD,crypto,0.1499086283357957
2021-12-09,Asset-Class Momentum Rotation,False,37,37,1.0,0.0013782164283822021,0.14716378292917237,True,True,False,0.25,True,BTC-USD,crypto,0.14716378292917237
2021-12-10,Asset-Class Momentum Rotation,False,37,37,1.0,0.0014357107302045596,0.14389974404166053,True,True,False,0.25,True,BTC-USD,crypto,0.14389974404166053
2021-12-13,Asset-Class Momentum Rotation,False,37,37,0.9999999999999999,0.0014566339038397835,0.14503346891095562,True,True,False,0.25,True,BTC-USD,crypto,0.14503346891095562
2021-12-14,Asset-Class Momentum Rotation,False,37,37,1.0,0.0015008110451449957,0.14567911385495944,True,True,False,0.25,True,BTC-USD,crypto,0.14567911385495944
2021-12-15,Asset-Class Momentum Rotation,False,37,37,0.9999999999999998,0.0015066683144739808,0.14620553443726886,True,True,False,0.25,True,BTC-USD,crypto,0.14620553443726886
2021-12-16,Asset-Class Momentum Rotation,False,37,37,1.0,0.0014469617105543574,0.1487230281808767,True,True,False,0.25,True,BTC-USD,crypto,0.1487230281808767
2021-12-17,Asset-Class Momentum Rotation,False,37,37,1.0,0.0014638234525672343,0.14661037001575283,True,True,False,0.25,True,BTC-USD,crypto,0.14661037001575283
2021-12-20,Asset-Class Momentum Rotation,True,37,37,1.0,0.0018965837909594703,0.11126805617403004,True,True,True,0.25,True,BTC-USD,crypto,0.11126805617403004
2021-12-21,Asset-Class Momentum Rotation,False,37,37,0.9999999999999998,0.0018673172816424809,0.11199809596752135,True,True,False,0.25,True,BTC-USD,crypto,0.11199809596752135
2021-12-22,Asset-Class Momentum Rotation,False,37,37,1.0,0.001818214357253258,0.11427159813441747,True,True,False,0.25,True,BTC-USD,crypto,0.11427159813441747
2021-12-23,Asset-Class Momentum Rotation,False,37,37,1.0,0.0018134655806871715,0.11273394943420419,True,True,False,0.25,True,BTC-USD,crypto,0.11273394943420419
2021-12-24,Asset-Class Momentum Rotation,False,37,37,0.9999999999999999,0.0017524655587357982,0.11476788770435327,True,True,False,0.25,True,BTC-USD,crypto,0.11476788770435327
2021-12-27,Asset-Class Momentum Rotation,False,37,37,0.9999999999999998,0.0017803145252097985,0.11667815095846046,True,True,False,0.25,True,BTC-USD,crypto,0.11667815095846046
2021-12-28,Asset-Class Momentum Rotation,False,37,37,1.0,0.0017538123425238181,0.11425317698882054,True,True,False,0.25,True,BTC-USD,crypto,0.11425317698882054
2021-12-29,Asset-Class Momentum Rotation,False,37,37,0.9999999999999999,0.0018022713374388256,0.11077397194558475,True,True,False,0.25,True,BTC-USD,crypto,0.11077397194558475
2021-12-30,Asset-Class Momentum Rotation,False,37,37,1.0000000000000002,0.001814672920665831,0.11005693963990516,True,True,False,0.25,True,BTC-USD,crypto,0.11005693963990516
2021-12-31,Asset-Class Momentum Rotation,False,37,37,1.0000000000000002,0.0018138292924404146,0.1108136164930786,True,True,False,0.25,True,BTC-USD,crypto,0.1108136164930786
2022-01-03,Asset-Class Momentum Rotation,False,37,37,0.9999999999999998,0.0018313815970493678,0.10960382597832637,True,True,False,0.25,True,BTC-USD,crypto,0.10960382597832637
2022-01-04,Asset-Class Momentum Rotation,False,37,37,0.9999999999999997,0.001778082105987484,0.10964055283480317,True,True,False,0.25,True,BTC-USD,crypto,0.10964055283480317
2022-01-05,Asset-Class Momentum Rotation,False,37,37,0.9999999999999999,0.0017726528043236324,0.1084378051441697,True,True,False,0.25,True,BTC-USD,crypto,0.1084378051441697
2022-01-06,Asset-Class Momentum Rotation,False,37,37,1.0,0.0018232190987692667,0.1064504657666567,True,True,False,0.25,True,BTC-USD,crypto,0.1064504657666567
2022-01-07,Asset-Class Momentum Rotation,False,37,37,0.9999999999999999,0.0018311812732416809,0.10564045014215896,True,True,False,0.25,True,BTC-USD,crypto,0.10564045014215896
2022-01-10,Asset-Class Momentum Rotation,False,37,37,1.0,0.0018559657297557992,0.10384004657121228,True,True,False,0.25,True,BTC-USD,crypto,0.10384004657121228
2022-01-11,Asset-Class Momentum Rotation,False,37,37,0.9999999999999999,0.001892453007136995,0.10629099450329577,True,True,False,0.25,True,BTC-USD,crypto,0.10629099450329577
2022-01-12,Asset-Class Momentum Rotation,False,37,37,0.9999999999999999,0.0018569983191704506,0.1058753067295775,True,True,False,0.25,True,BTC-USD,crypto,0.1058753067295775
2022-01-13,Asset-Class Momentum Rotation,False,37,37,1.0,0.0018043242701540644,0.1061994812049199,True,True,False,0.25,True,BTC-USD,crypto,0.1061994812049199
2022-01-14,Asset-Class Momentum Rotation,False,37,37,0.9999999999999998,0.0018583023256389004,0.10506505484306147,True,True,False,0.25,True,BTC-USD,crypto,0.10506505484306147
2022-01-17,Asset-Class Momentum Rotation,False,37,37,1.0,0.0018137684153632443,0.10536251883159314,True,True,False,0.25,True,BTC-USD,crypto,0.10536251883159314
2022-01-18,Asset-Class Momentum Rotation,False,37,37,1.0,0.001790957357000577,0.10919579302374686,True,True,False,0.25,True,ADA-USD,crypto,0.10919579302374686
2022-01-19,Asset-Class Momentum Rotation,False,37,37,0.9999999999999997,0.001795969771230677,0.1040402529432394,True,True,False,0.25,True,BTC-USD,crypto,0.1040402529432394
2022-01-20,Asset-Class Momentum Rotation,False,37,37,1.0000000000000002,0.001837516428731532,0.10414017449352168,True,True,False,0.25,True,BTC-USD,crypto,0.10414017449352168
2022-01-21,Asset-Class Momentum Rotation,False,37,37,1.0000000000000002,0.0018878516479197928,0.10362692300397618,True,True,False,0.25,True,BTC-USD,crypto,0.10362692300397618
2022-01-24,Asset-Class Momentum Rotation,False,37,37,1.0000000000000002,0.0020247418281161616,0.0984313600453666,True,True,False,0.25,True,BTC-USD,crypto,0.0984313600453666
2022-01-25,Asset-Class Momentum Rotation,False,37,37,0.9999999999999998,0.0020349587621434915,0.100286540725355,True,True,False,0.25,True,BTC-USD,crypto,0.100286540725355
2022-01-26,Asset-Class Momentum Rotation,False,37,37,0.9999999999999999,0.0020305387095642777,0.10104998766608377,True,True,False,0.25,True,BTC-USD,crypto,0.10104998766608377
2022-01-27,Asset-Class Momentum Rotation,False,37,37,1.0000000000000002,0.0020102533209854214,0.10098601504565259,True,True,False,0.25,True,BTC-USD,crypto,0.10098601504565259
2022-01-28,Asset-Class Momentum Rotation,False,37,37,1.0000000000000002,0.002056593740725659,0.10223861396258664,True,True,False,0.25,True,BTC-USD,crypto,0.10223861396258664
2022-01-31,Asset-Class Momentum Rotation,False,37,37,1.0,0.0020331867838028787,0.10279744272449338,True,True,False,0.25,True,BTC-USD,crypto,0.10279744272449338
2022-02-01,Asset-Class Momentum Rotation,False,37,37,1.0000000000000002,0.001999155337776803,0.10348123149678852,True,True,False,0.25,True,BTC-USD,crypto,0.10348123149678852
2022-02-02,Asset-Class Momentum Rotation,False,37,37,1.0,0.0019691441425361664,0.10295855408004717,True,True,False,0.25,True,BTC-USD,crypto,0.10295855408004717
2022-02-03,Asset-Class Momentum Rotation,False,37,37,1.0,0.0020050514231318593,0.09965415722441573,True,True,False,0.25,True,BTC-USD,crypto,0.09965415722441573
2022-02-04,Asset-Class Momentum Rotation,False,37,37,0.9999999999999999,0.0019937139045677903,0.10041508061990906,True,True,False,0.25,True,BTC-USD,crypto,0.10041508061990906
2022-02-07,Asset-Class Momentum Rotation,False,37,37,1.0,0.0018958528990860952,0.10825192381079363,True,True,False,0.25,True,BTC-USD,crypto,0.10825192381079363
2022-02-08,Asset-Class Momentum Rotation,False,37,37,1.0000000000000002,0.0018227758499025982,0.10987509783760231,True,True,False,0.25,True,BTC-USD,crypto,0.10987509783760231
2022-02-09,Asset-Class Momentum Rotation,False,37,37,0.9999999999999999,0.0018082381930277346,0.11042870859509221,True,True,False,0.25,True,BTC-USD,crypto,0.11042870859509221
2022-02-10,Asset-Class Momentum Rotation,False,37,37,1.0,0.0017894042613755751,0.10961803175658469,True,True,False,0.25,True,BTC-USD,crypto,0.10961803175658469
2022-02-11,Asset-Class Momentum Rotation,False,37,37,0.9999999999999999,0.001799582396452185,0.11006717031669203,True,True,False,0.25,True,BTC-USD,crypto,0.11006717031669203
2022-02-14,Asset-Class Momentum Rotation,False,37,37,1.0000000000000002,0.0018755802587051259,0.11003666371213927,True,True,False,0.25,True,BTC-USD,crypto,0.11003666371213927
2022-02-15,Asset-Class Momentum Rotation,False,37,37,0.9999999999999999,0.0018508887680916532,0.11042011124602794,True,True,False,0.25,True,BTC-USD,crypto,0.11042011124602794
2022-02-16,Asset-Class Momentum Rotation,False,37,37,1.0,0.0017738348137769685,0.11203584151745406,True,True,False,0.25,True,BTC-USD,crypto,0.11203584151745406
2022-02-17,Asset-Class Momentum Rotation,False,37,37,1.0000000000000002,0.0017919256503074053,0.1109634820946115,True,True,False,0.25,True,BTC-USD,crypto,0.1109634820946115
2022-02-18,Asset-Class Momentum Rotation,False,37,37,1.0000000000000002,0.0018739120307682457,0.10621290300067025,True,True,False,0.25,True,BTC-USD,crypto,0.10621290300067025
2022-02-21,Asset-Class Momentum Rotation,False,37,37,1.0,0.0019047805896427734,0.10550154194525113,True,True,False,0.25,True,BTC-USD,crypto,0.10550154194525113
2022-02-22,Asset-Class Momentum Rotation,False,37,37,0.9999999999999999,0.0019877338584358565,0.1019671674010865,True,True,False,0.25,True,BTC-USD,crypto,0.1019671674010865
2022-02-23,Asset-Class Momentum Rotation,False,37,37,1.0000000000000002,0.0019728449988005757,0.1042368527164105,True,True,False,0.25,True,BTC-USD,crypto,0.1042368527164105
2022-02-24,Asset-Class Momentum Rotation,False,37,37,1.0000000000000002,0.0019756841586337,0.1031101272361892,True,True,False,0.25,True,BTC-USD,crypto,0.1031101272361892
2022-02-25,Asset-Class Momentum Rotation,False,37,37,0.9999999999999999,0.0019766049963032095,0.10595395736940648,True,True,False,0.25,True,BTC-USD,crypto,0.10595395736940648
2022-02-28,Asset-Class Momentum Rotation,False,37,37,1.0000000000000002,0.0019156293240238445,0.10497033151041378,True,True,False,0.25,True,BTC-USD,crypto,0.10497033151041378
2022-03-01,Asset-Class Momentum Rotation,False,37,37,1.0,0.0019129395328753205,0.1129827803225856,True,True,False,0.25,True,BTC-USD,crypto,0.1129827803225856
2022-03-02,Asset-Class Momentum Rotation,False,37,37,0.9999999999999999,0.0019259833486141218,0.11547670240483326,True,True,False,0.25,True,BTC-USD,crypto,0.11547670240483326
2022-03-03,Asset-Class Momentum Rotation,False,37,37,1.0000000000000002,0.0018571578793400991,0.1141720404254201,True,True,False,0.25,True,BTC-USD,crypto,0.1141720404254201
2022-03-04,Asset-Class Momentum Rotation,False,37,37,1.0,0.0018998706799984051,0.11174467800232792,True,True,False,0.25,True,BTC-USD,crypto,0.11174467800232792
2022-03-07,Asset-Class Momentum Rotation,False,37,37,1.0000000000000002,0.001989985099873144,0.10607600648812124,True,True,False,0.25,True,BTC-USD,crypto,0.10607600648812124
2022-03-08,Asset-Class Momentum Rotation,False,37,37,1.0,0.002007480651887271,0.10486799275373072,True,True,False,0.25,True,BTC-USD,crypto,0.10486799275373072
2022-03-09,Asset-Class Momentum Rotation,False,37,37,0.9999999999999999,0.0019815403510730343,0.10641977842201128,True,True,False,0.25,True,BTC-USD,crypto,0.10641977842201128
2022-03-10,Asset-Class Momentum Rotation,False,37,37,0.9999999999999999,0.0019065147868199872,0.112067546394893,True,True,False,0.25,True,BTC-USD,crypto,0.112067546394893
2022-03-11,Asset-Class Momentum Rotation,False,37,37,0.9999999999999998,0.0019215991646882383,0.1076523936454003,True,True,False,0.25,True,BTC-USD,crypto,0.1076523936454003
2022-03-14,Asset-Class Momentum Rotation,False,37,37,0.9999999999999999,0.001929703926812916,0.10599052586669269,True,True,False,0.25,True,BTC-USD,crypto,0.10599052586669269
2022-03-15,Asset-Class Momentum Rotation,False,37,37,1.0000000000000002,0.001889382446625291,0.10864456583456344,True,True,False,0.25,True,BTC-USD,crypto,0.10864456583456344
2022-03-16,Asset-Class Momentum Rotation,False,37,37,1.0000000000000002,0.0018832820587933034,0.10758620896325014,True,True,False,0.25,True,BTC-USD,crypto,0.10758620896325014
2022-03-17,Asset-Class Momentum Rotation,True,37,37,1.0000000000000002,0.002721331704278655,0.11529755698157172,True,True,True,0.25,True,DBA,commodities,0.11529755698157172
2022-03-18,Asset-Class Momentum Rotation,False,37,37,0.9999999999999999,0.002668982780061891,0.1152616693108939,True,True,False,0.25,True,DBA,commodities,0.1152616693108939
2022-03-21,Asset-Class Momentum Rotation,False,37,37,0.9999999999999999,0.0026937389512514094,0.11498037251546864,True,True,False,0.25,True,DBA,commodities,0.11498037251546864
2022-03-22,Asset-Class Momentum Rotation,False,37,37,1.0,0.0026129198909624926,0.1166026696489463,True,True,False,0.25,True,DBA,commodities,0.1166026696489463
2022-03-23,Asset-Class Momentum Rotation,False,37,37,1.0,0.0025718077306825776,0.11646801200124643,True,True,False,0.25,True,DBA,commodities,0.11646801200124643
2022-03-24,Asset-Class Momentum Rotation,False,37,37,0.9999999999999999,0.002615752521034262,0.11644159717766402,True,True,False,0.25,True,DBA,commodities,0.11644159717766402
2022-03-25,Asset-Class Momentum Rotation,False,37,37,1.0000000000000002,0.002582771894863012,0.11509914885246698,True,True,False,0.25,True,DBA,commodities,0.11509914885246698
2022-03-28,Asset-Class Momentum Rotation,False,37,37,1.0,0.0025420928811145916,0.11576456128893373,True,True,False,0.25,True,DBA,commodities,0.11576456128893373
2022-03-29,Asset-Class Momentum Rotation,False,37,37,1.0000000000000002,0.002574044973261809,0.11450216245899184,True,True,False,0.25,True,DBA,commodities,0.11450216245899184
2022-03-30,Asset-Class Momentum Rotation,False,37,37,1.0,0.0025772761810659585,0.11290405330906597,True,True,False,0.25,True,DBA,commodities,0.11290405330906597
2022-03-31,Asset-Class Momentum Rotation,False,37,37,0.9999999999999999,0.0025884569326389776,0.11391277805845536,True,True,False,0.25,True,DBA,commodities,0.11391277805845536
2022-04-01,Asset-Class Momentum Rotation,False,37,37,1.0,0.0026231478990309323,0.11442758174247641,True,True,False,0.25,True,DBA,commodities,0.11442758174247641
2022-04-04,Asset-Class Momentum Rotation,False,37,37,0.9999999999999997,0.0026217742069510517,0.11320500740269873,True,True,False,0.25,True,DBA,commodities,0.11320500740269873
2022-04-05,Asset-Class Momentum Rotation,False,37,37,1.0,0.002589511646759844,0.11337125929052562,True,True,False,0.25,True,DBA,commodities,0.11337125929052562
2022-04-06,Asset-Class Momentum Rotation,False,37,37,1.0000000000000002,0.002549410873055485,0.11461292929530313,True,True,False,0.25,True,DBA,commodities,0.11461292929530313
2022-04-07,Asset-Class Momentum Rotation,False,37,37,0.9999999999999999,0.002545499581926279,0.11531839016335228,True,True,False,0.25,True,DBA,commodities,0.11531839016335228
2022-04-08,Asset-Class Momentum Rotation,False,37,37,1.0,0.002513282786652923,0.11498423260918474,True,True,False,0.25,True,DBA,commodities,0.11498423260918474
2022-04-11,Asset-Class Momentum Rotation,False,37,37,0.9999999999999998,0.0024814907453712706,0.11654575712605356,True,True,False,0.25,True,DBA,commodities,0.11654575712605356
2022-04-12,Asset-Class Momentum Rotation,False,37,37,0.9999999999999999,0.0024634162877608117,0.11850397527420987,True,True,False,0.25,True,DBA,commodities,0.11850397527420987
2022-04-13,Asset-Class Momentum Rotation,False,37,37,0.9999999999999999,0.0024447586753685185,0.1187099268504298,True,True,False,0.25,True,DBA,commodities,0.1187099268504298
2022-04-14,Asset-Class Momentum Rotation,False,37,37,0.9999999999999998,0.002425553950613519,0.11738316794578536,True,True,False,0.25,True,DBA,commodities,0.11738316794578536
2022-04-15,Asset-Class Momentum Rotation,False,37,37,0.9999999999999999,0.002385244937095462,0.11722235713383948,True,True,False,0.25,True,DBA,commodities,0.11722235713383948
2022-04-18,Asset-Class Momentum Rotation,False,37,37,1.0,0.0023815170028391426,0.117039148594553,True,True,False,0.25,True,DBA,commodities,0.117039148594553
2022-04-19,Asset-Class Momentum Rotation,False,37,37,0.9999999999999998,0.0023563019234058057,0.11777044172923967,True,True,False,0.25,True,DBA,commodities,0.11777044172923967
2022-04-20,Asset-Class Momentum Rotation,False,37,37,0.9999999999999999,0.0023539455759861152,0.11739882513868065,True,True,False,0.25,True,DBA,commodities,0.11739882513868065
2022-04-21,Asset-Class Momentum Rotation,False,37,37,1.0,0.0023976760301838477,0.11737610689097286,True,True,False,0.25,True,DBA,commodities,0.11737610689097286
2022-04-22,Asset-Class Momentum Rotation,False,37,37,1.0,0.002401983958244472,0.11825421033482522,True,True,False,0.25,True,DBA,commodities,0.11825421033482522
2022-04-25,Asset-Class Momentum Rotation,False,37,37,0.9999999999999999,0.0024328835444304905,0.11904138197115723,True,True,False,0.25,True,DBA,commodities,0.11904138197115723
2022-04-26,Asset-Class Momentum Rotation,False,37,37,0.9999999999999998,0.0024711383073124206,0.11875093652510317,True,True,False,0.25,True,DBA,commodities,0.11875093652510317
2022-04-27,Asset-Class Momentum Rotation,False,37,37,1.0,0.0025262457460148153,0.12051476488954375,True,True,False,0.25,True,DBA,commodities,0.12051476488954375
2022-04-28,Asset-Class Momentum Rotation,False,37,37,1.0,0.002487476879396474,0.12020706134880244,True,True,False,0.25,True,DBA,commodities,0.12020706134880244
2022-04-29,Asset-Class Momentum Rotation,False,37,37,1.0,0.0024733444158500325,0.11988367993672433,True,True,False,0.25,True,DBA,commodities,0.11988367993672433
2022-05-02,Asset-Class Momentum Rotation,False,37,37,0.9999999999999999,0.002479414651542234,0.12044764623112054,True,True,False,0.25,True,DBA,commodities,0.12044764623112054
2022-05-03,Asset-Class Momentum Rotation,False,37,37,0.9999999999999999,0.0024486078893837912,0.12061055369775858,True,True,False,0.25,True,DBA,commodities,0.12061055369775858
2022-05-04,Asset-Class Momentum Rotation,False,37,37,1.0000000000000002,0.002458210159396404,0.11961638943895811,True,True,False,0.25,True,DBA,commodities,0.11961638943895811
2022-05-05,Asset-Class Momentum Rotation,False,37,37,1.0,0.0024123365422388764,0.11780851975829258,True,True,False,0.25,True,DBA,commodities,0.11780851975829258
2022-05-06,Asset-Class Momentum Rotation,False,37,37,0.9999999999999999,0.002389189999836688,0.12018239649622595,True,True,False,0.25,True,DBA,commodities,0.12018239649622595
2022-05-09,Asset-Class Momentum Rotation,False,37,37,1.0,0.0023735627537552683,0.11970208848190728,True,True,False,0.25,True,DBA,commodities,0.11970208848190728
2022-05-10,Asset-Class Momentum Rotation,False,37,37,1.0,0.0024888521271129397,0.12151628419505126,True,True,False,0.25,True,DBA,commodities,0.12151628419505126
2022-05-11,Asset-Class Momentum Rotation,False,37,37,1.0,0.0025145239709988922,0.12252184919813189,True,True,False,0.25,True,DBA,commodities,0.12252184919813189
2022-05-12,Asset-Class Momentum Rotation,False,37,37,1.0,0.002560265715410047,0.12461407973482395,True,True,False,0.25,True,DBA,commodities,0.12461407973482395
2022-05-13,Asset-Class Momentum Rotation,False,37,37,1.0000000000000002,0.0025781772534607095,0.1262952414185826,True,True,False,0.25,True,DBA,commodities,0.1262952414185826
2022-05-16,Asset-Class Momentum Rotation,False,37,37,1.0000000000000002,0.0025045892484113607,0.12572141586085117,True,True,False,0.25,True,DBA,commodities,0.12572141586085117
2022-05-17,Asset-Class Momentum Rotation,False,37,37,1.0000000000000002,0.002476175905739999,0.1281263237624652,True,True,False,0.25,True,DBA,commodities,0.1281263237624652
2022-05-18,Asset-Class Momentum Rotation,False,37,37,1.0,0.002426485879916329,0.12775861983309206,True,True,False,0.25,True,DBA,commodities,0.12775861983309206
2022-05-19,Asset-Class Momentum Rotation,False,37,37,1.0,0.0025366097455070537,0.12757968768478128,True,True,False,0.25,True,DBA,commodities,0.12757968768478128
2022-05-20,Asset-Class Momentum Rotation,False,37,37,1.0,0.0025187654564044785,0.12632305947710817,True,True,False,0.25,True,DBA,commodities,0.12632305947710817
2022-05-23,Asset-Class Momentum Rotation,False,37,37,0.9999999999999999,0.0025511674660408197,0.12566466795201206,True,True,False,0.25,True,DBA,commodities,0.12566466795201206
2022-05-24,Asset-Class Momentum Rotation,False,37,37,1.0,0.0024793268700964727,0.12528570718301846,True,True,False,0.25,True,DBA,commodities,0.12528570718301846
2022-05-25,Asset-Class Momentum Rotation,False,37,37,1.0,0.002524879205872956,0.12361321357996459,True,True,False,0.25,True,DBA,commodities,0.12361321357996459
2022-05-26,Asset-Class Momentum Rotation,False,37,37,1.0,0.0025337666637010522,0.12294671363045946,True,True,False,0.25,True,DBA,commodities,0.12294671363045946
2022-05-27,Asset-Class Momentum Rotation,False,37,37,0.9999999999999999,0.0025129280026538925,0.12371141449201016,True,True,False,0.25,True,DBA,commodities,0.12371141449201016
2022-05-30,Asset-Class Momentum Rotation,False,37,37,1.0,0.0024979250195641,0.12344414815071131,True,True,False,0.25,True,DBA,commodities,0.12344414815071131
2022-05-31,Asset-Class Momentum Rotation,False,37,37,1.0,0.0024842507078272004,0.12276838176433538,True,True,False,0.25,True,DBA,commodities,0.12276838176433538
2022-06-01,Asset-Class Momentum Rotation,False,37,37,1.0,0.0024560134284737326,0.1216188295779999,True,True,False,0.25,True,DBA,commodities,0.1216188295779999
2022-06-02,Asset-Class Momentum Rotation,False,37,37,1.0000000000000002,0.0024552791862219965,0.12161091453428247,True,True,False,0.25,True,DBA,commodities,0.12161091453428247
2022-06-03,Asset-Class Momentum Rotation,False,37,37,1.0,0.002420269897884653,0.1204148909552087,True,True,False,0.25,True,DBA,commodities,0.1204148909552087
2022-06-06,Asset-Class Momentum Rotation,False,37,37,1.0,0.0024385243067763396,0.12042814771600602,True,True,False,0.25,True,DBA,commodities,0.12042814771600602
2022-06-07,Asset-Class Momentum Rotation,False,37,37,1.0,0.00237661152942103,0.12116153774325308,True,True,False,0.25,True,DBA,commodities,0.12116153774325308
2022-06-08,Asset-Class Momentum Rotation,False,37,37,1.0000000000000002,0.0023916821951509445,0.12035490575263802,True,True,False,0.25,True,DBA,commodities,0.12035490575263802
2022-06-09,Asset-Class Momentum Rotation,False,37,37,1.0000000000000002,0.0023898864465911355,0.12172384453041436,True,True,False,0.25,True,DBA,commodities,0.12172384453041436
2022-06-10,Asset-Class Momentum Rotation,False,37,37,1.0,0.00242807892898565,0.12325853865726351,True,True,False,0.25,True,DBA,commodities,0.12325853865726351
2022-06-13,Asset-Class Momentum Rotation,False,37,37,0.9999999999999999,0.0024413431960187233,0.12374952619688752,True,True,False,0.25,True,DBA,commodities,0.12374952619688752
2022-06-14,Asset-Class Momentum Rotation,True,37,37,1.0,0.0033898869796923,0.10998593767935781,True,True,True,0.25,True,GLD,commodities,0.10998593767935781
2022-06-15,Asset-Class Momentum Rotation,False,37,37,1.0,0.003379929692202886,0.11017491963046518,True,True,False,0.25,True,GLD,commodities,0.11017491963046518
2022-06-16,Asset-Class Momentum Rotation,False,37,37,0.9999999999999999,0.0033968904898012534,0.11011848669290981,True,True,False,0.25,True,GLD,commodities,0.11011848669290981
2022-06-17,Asset-Class Momentum Rotation,False,37,37,0.9999999999999999,0.003474305352988187,0.11299721739649995,True,True,False,0.25,True,GLD,commodities,0.11299721739649995
2022-06-20,Asset-Class Momentum Rotation,False,37,37,1.0000000000000002,0.0035133350541007797,0.11296302375348054,True,True,False,0.25,True,GLD,commodities,0.11296302375348054
2022-06-21,Asset-Class Momentum Rotation,False,37,37,0.9999999999999997,0.003510455981715317,0.11287045395377203,True,True,False,0.25,True,GLD,commodities,0.11287045395377203
2022-06-22,Asset-Class Momentum Rotation,False,37,37,1.0000000000000002,0.003426924637480512,0.11166599077364622,True,True,False,0.25,True,GLD,commodities,0.11166599077364622
2022-06-23,Asset-Class Momentum Rotation,False,37,37,1.0000000000000002,0.0035495820045438795,0.11301570477183237,True,True,False,0.25,True,GLD,commodities,0.11301570477183237
2022-06-24,Asset-Class Momentum Rotation,False,37,37,1.0,0.0035945262517134372,0.11281842316793024,True,True,False,0.25,True,GLD,commodities,0.11281842316793024
2022-06-27,Asset-Class Momentum Rotation,False,37,37,1.0,0.0034922331451797844,0.11103540486925165,True,True,False,0.25,True,GLD,commodities,0.11103540486925165
2022-06-28,Asset-Class Momentum Rotation,False,37,37,0.9999999999999998,0.003470302108062005,0.11116292415492322,True,True,False,0.25,True,GLD,commodities,0.11116292415492322
2022-06-29,Asset-Class Momentum Rotation,False,37,37,1.0,0.00350693699012495,0.11163118278753213,True,True,False,0.25,True,GLD,commodities,0.11163118278753213
2022-06-30,Asset-Class Momentum Rotation,False,37,37,1.0,0.0035739494185863347,0.11193005704801527,True,True,False,0.25,True,GLD,commodities,0.11193005704801527
2022-07-01,Asset-Class Momentum Rotation,False,37,37,0.9999999999999998,0.003650230774426458,0.11263516519551942,True,True,False,0.25,True,GLD,commodities,0.11263516519551942
2022-07-04,Asset-Class Momentum Rotation,False,37,37,1.0,0.0036901004419875386,0.11261465504220486,True,True,False,0.25,True,GLD,commodities,0.11261465504220486
2022-07-05,Asset-Class Momentum Rotation,False,37,37,1.0000000000000002,0.0036756564455686647,0.11217385249503456,True,True,False,0.25,True,GLD,commodities,0.11217385249503456
2022-07-06,Asset-Class Momentum Rotation,False,37,37,1.0,0.0037782606666058515,0.11197970139503803,True,True,False,0.25,True,GLD,commodities,0.11197970139503803
2022-07-07,Asset-Class Momentum Rotation,False,37,37,1.0000000000000002,0.0037132892136617266,0.1101603050287511,True,True,False,0.25,True,GLD,commodities,0.1101603050287511
2022-07-08,Asset-Class Momentum Rotation,False,37,37,1.0,0.0036293183986716654,0.1086853773830143,True,True,False,0.25,True,GLD,commodities,0.1086853773830143
2022-07-11,Asset-Class Momentum Rotation,False,37,37,1.0000000000000002,0.003582409238372419,0.10852900879303218,True,True,False,0.25,True,GLD,commodities,0.10852900879303218
2022-07-12,Asset-Class Momentum Rotation,False,37,37,1.0000000000000002,0.003691357996508695,0.10934453115242394,True,True,False,0.25,True,GLD,commodities,0.10934453115242394
2022-07-13,Asset-Class Momentum Rotation,False,37,37,1.0000000000000002,0.003772160072376044,0.1106651482849742,True,True,False,0.25,True,GLD,commodities,0.1106651482849742
2022-07-14,Asset-Class Momentum Rotation,False,37,37,1.0,0.0037905834083972905,0.11047138152965863,True,True,False,0.25,True,GLD,commodities,0.11047138152965863
2022-07-15,Asset-Class Momentum Rotation,False,37,37,1.0,0.0037927218024308316,0.10987747361885188,True,True,False,0.25,True,GLD,commodities,0.10987747361885188
2022-07-18,Asset-Class Momentum Rotation,False,37,37,1.0,0.0037760438507134886,0.10856358820962585,True,True,False,0.25,True,GLD,commodities,0.10856358820962585
2022-07-19,Asset-Class Momentum Rotation,False,37,37,1.0,0.003682237210471296,0.10708210246206848,True,True,False,0.25,True,GLD,commodities,0.10708210246206848
2022-07-20,Asset-Class Momentum Rotation,False,37,37,1.0,0.003622099966896939,0.10615741327209925,True,True,False,0.25,True,GLD,commodities,0.10615741327209925
2022-07-21,Asset-Class Momentum Rotation,False,37,37,1.0,0.0036435877777195006,0.1055062374129002,True,True,False,0.25,True,GLD,commodities,0.1055062374129002
2022-07-22,Asset-Class Momentum Rotation,False,37,37,0.9999999999999999,0.00368375029327897,0.10633728769494485,True,True,False,0.25,True,GLD,commodities,0.10633728769494485
2022-07-25,Asset-Class Momentum Rotation,False,37,37,1.0,0.0037557909078841066,0.10689050622370656,True,True,False,0.25,True,GLD,commodities,0.10689050622370656
2022-07-26,Asset-Class Momentum Rotation,False,37,37,1.0,0.003713938863446533,0.10645154669623728,True,True,False,0.25,True,GLD,commodities,0.10645154669623728
2022-07-27,Asset-Class Momentum Rotation,False,37,37,1.0,0.003721477359658046,0.10645953491846845,True,True,False,0.25,True,GLD,commodities,0.10645953491846845
2022-07-28,Asset-Class Momentum Rotation,False,37,37,1.0000000000000002,0.0036288301679618115,0.10545895127841377,True,True,False,0.25,True,GLD,commodities,0.10545895127841377
2022-07-29,Asset-Class Momentum Rotation,False,37,37,1.0,0.0036074566824483034,0.10527717342394766,True,True,False,0.25,True,GLD,commodities,0.10527717342394766
2022-08-01,Asset-Class Momentum Rotation,False,37,37,0.9999999999999999,0.0035630025930282927,0.10455632126974898,True,True,False,0.25,True,GLD,commodities,0.10455632126974898
2022-08-02,Asset-Class Momentum Rotation,False,37,37,0.9999999999999999,0.003664387992856774,0.10559769358264523,True,True,False,0.25,True,GLD,commodities,0.10559769358264523
2022-08-03,Asset-Class Momentum Rotation,False,37,37,0.9999999999999998,0.003627707518497871,0.10616629271889252,True,True,False,0.25,True,GLD,commodities,0.10616629271889252
2022-08-04,Asset-Class Momentum Rotation,False,37,37,1.0,0.0036650896530329813,0.10585518360196648,True,True,False,0.25,True,GLD,commodities,0.10585518360196648
2022-08-05,Asset-Class Momentum Rotation,False,37,37,1.0,0.003645432747863135,0.10706476757737839,True,True,False,0.25,True,GLD,commodities,0.10706476757737839
2022-08-08,Asset-Class Momentum Rotation,False,37,37,1.0000000000000002,0.0035591938816884137,0.10587666546186578,True,True,False,0.25,True,GLD,commodities,0.10587666546186578
2022-08-09,Asset-Class Momentum Rotation,False,37,37,1.0,0.003589036032581126,0.10595834378235985,True,True,False,0.25,True,GLD,commodities,0.10595834378235985
2022-08-10,Asset-Class Momentum Rotation,False,37,37,1.0,0.003582799473543849,0.10651181671804669,True,True,False,0.25,True,GLD,commodities,0.10651181671804669
2022-08-11,Asset-Class Momentum Rotation,False,37,37,0.9999999999999999,0.0035084553070809134,0.10472366779211403,True,True,False,0.25,True,GLD,commodities,0.10472366779211403
2022-08-12,Asset-Class Momentum Rotation,False,37,37,1.0000000000000002,0.003415476377027643,0.10410604980649439,True,True,False,0.25,True,GLD,commodities,0.10410604980649439
2022-08-15,Asset-Class Momentum Rotation,False,37,37,0.9999999999999998,0.003416027716181039,0.10402569255798008,True,True,False,0.25,True,GLD,commodities,0.10402569255798008
2022-08-16,Asset-Class Momentum Rotation,False,37,37,1.0,0.0034377522621172802,0.1034297496250257,True,True,False,0.25,True,GLD,commodities,0.1034297496250257
2022-08-17,Asset-Class Momentum Rotation,False,37,37,0.9999999999999998,0.003455053853218984,0.10333872134081812,True,True,False,0.25,True,GLD,commodities,0.10333872134081812
2022-08-18,Asset-Class Momentum Rotation,False,37,37,1.0,0.003444882863107079,0.10344776999279023,True,True,False,0.25,True,GLD,commodities,0.10344776999279023
2022-08-19,Asset-Class Momentum Rotation,False,37,37,1.0,0.003458530696155558,0.10343260161315489,True,True,False,0.25,True,GLD,commodities,0.10343260161315489
2022-08-22,Asset-Class Momentum Rotation,False,37,37,0.9999999999999998,0.003455256428439441,0.1042569794202526,True,True,False,0.25,True,GLD,commodities,0.1042569794202526
2022-08-23,Asset-Class Momentum Rotation,False,37,37,1.0000000000000002,0.0034598068969505665,0.10405115303808905,True,True,False,0.25,True,GLD,commodities,0.10405115303808905
2022-08-24,Asset-Class Momentum Rotation,False,37,37,1.0000000000000002,0.0034303041870017673,0.10445998093582053,True,True,False,0.25,True,GLD,commodities,0.10445998093582053
2022-08-25,Asset-Class Momentum Rotation,False,37,37,1.0,0.0034020937650747745,0.10467253255881721,True,True,False,0.25,True,GLD,commodities,0.10467253255881721
2022-08-26,Asset-Class Momentum Rotation,False,37,37,0.9999999999999999,0.003422580444604049,0.10417354396006911,True,True,False,0.25,True,GLD,commodities,0.10417354396006911
2022-08-29,Asset-Class Momentum Rotation,False,37,37,1.0,0.003518592293008644,0.1050028867966382,True,True,False,0.25,True,GLD,commodities,0.1050028867966382
2022-08-30,Asset-Class Momentum Rotation,False,37,37,1.0,0.003492297708562922,0.10515258759558989,True,True,False,0.25,True,GLD,commodities,0.10515258759558989
2022-08-31,Asset-Class Momentum Rotation,False,37,37,1.0,0.0035436625075908087,0.10554697022576127,True,True,False,0.25,True,GLD,commodities,0.10554697022576127
2022-09-01,Asset-Class Momentum Rotation,False,37,37,0.9999999999999999,0.0035336565685929705,0.105444020494723,True,True,False,0.25,True,GLD,commodities,0.105444020494723
2022-09-02,Asset-Class Momentum Rotation,False,37,37,1.0,0.0034912867171501567,0.10518977281053618,True,True,False,0.25,True,GLD,commodities,0.10518977281053618
2022-09-05,Asset-Class Momentum Rotation,False,37,37,1.0000000000000002,0.0035191761123524916,0.106361943835494,True,True,False,0.25,True,GLD,commodities,0.106361943835494
2022-09-06,Asset-Class Momentum Rotation,False,37,37,1.0,0.003514384647591119,0.1062171288306268,True,True,False,0.25,True,GLD,commodities,0.1062171288306268
2022-09-07,Asset-Class Momentum Rotation,False,37,37,0.9999999999999999,0.0034457760359123007,0.10616497832309692,True,True,False,0.25,True,GLD,commodities,0.10616497832309692
2022-09-08,Asset-Class Momentum Rotation,False,37,37,1.0,0.0034616746066018075,0.10606189741000505,True,True,False,0.25,True,GLD,commodities,0.10606189741000505
2022-09-09,Asset-Class Momentum Rotation,True,37,37,1.0,0.0034996632022610387,0.07124872593697842,True,True,True,0.25,True,GLD,commodities,0.07124872593697842
2022-09-12,Asset-Class Momentum Rotation,False,37,37,1.0000000000000002,0.0034546001764570265,0.07054626324266193,True,True,False,0.25,True,GLD,commodities,0.07054626324266193
2022-09-13,Asset-Class Momentum Rotation,False,37,37,0.9999999999999999,0.0033866320985361654,0.07008468510261082,True,True,False,0.25,True,GLD,commodities,0.07008468510261082
2022-09-14,Asset-Class Momentum Rotation,False,37,37,1.0,0.0035012164114315803,0.0713471457205813,True,True,False,0.25,True,GLD,commodities,0.0713471457205813
2022-09-15,Asset-Class Momentum Rotation,False,37,37,1.0000000000000002,0.0035018254145200633,0.07084156175538987,True,True,False,0.25,True,GLD,commodities,0.07084156175538987
2022-09-16,Asset-Class Momentum Rotation,False,37,37,0.9999999999999999,0.003551792801750053,0.0705559515710204,True,True,False,0.25,True,GLD,commodities,0.0705559515710204
2022-09-19,Asset-Class Momentum Rotation,False,37,37,1.0,0.003526537823865958,0.07103513399425042,True,True,False,0.25,True,GLD,commodities,0.07103513399425042
2022-09-20,Asset-Class Momentum Rotation,False,37,37,1.0000000000000002,0.003519104583283381,0.07077474310411783,True,True,False,0.25,True,GLD,commodities,0.07077474310411783
2022-09-21,Asset-Class Momentum Rotation,False,37,37,1.0,0.003519542829956042,0.07108838964310447,True,True,False,0.25,True,GLD,commodities,0.07108838964310447
2022-09-22,Asset-Class Momentum Rotation,False,37,37,0.9999999999999999,0.0036174077871627503,0.07219482966229565,True,True,False,0.25,True,GLD,commodities,0.07219482966229565
2022-09-23,Asset-Class Momentum Rotation,False,37,37,1.0,0.0035248904862282718,0.07215113335657,True,True,False,0.25,True,GLD,commodities,0.07215113335657
2022-09-26,Asset-Class Momentum Rotation,False,37,37,1.0,0.0036090480579725847,0.072302129730964,True,True,False,0.25,True,GLD,commodities,0.072302129730964
2022-09-27,Asset-Class Momentum Rotation,False,37,37,0.9999999999999998,0.0035959003065484095,0.0725878769098169,True,True,False,0.25,True,GLD,commodities,0.0725878769098169
2022-09-28,Asset-Class Momentum Rotation,False,37,37,0.9999999999999999,0.003521024121673804,0.07314818993370323,True,True,False,0.25,True,GLD,commodities,0.07314818993370323
2022-09-29,Asset-Class Momentum Rotation,False,37,37,1.0,0.0035690917824724015,0.07323595988324952,True,True,False,0.25,True,GLD,commodities,0.07323595988324952
2022-09-30,Asset-Class Momentum Rotation,False,37,37,0.9999999999999999,0.0035874301478460084,0.07398087571350594,True,True,False,0.25,True,GLD,commodities,0.07398087571350594
2022-10-03,Asset-Class Momentum Rotation,False,37,37,0.9999999999999999,0.003563949183569242,0.07446278031463169,True,True,False,0.25,True,GLD,commodities,0.07446278031463169
2022-10-04,Asset-Class Momentum Rotation,False,37,37,1.0000000000000002,0.003544888426727895,0.07467842972658821,True,True,False,0.25,True,GLD,commodities,0.07467842972658821
2022-10-05,Asset-Class Momentum Rotation,False,37,37,1.0000000000000002,0.003451319733585806,0.07395557598831211,True,True,False,0.25,True,GLD,commodities,0.07395557598831211
2022-10-06,Asset-Class Momentum Rotation,False,37,37,0.9999999999999997,0.0034355135121835337,0.073915896519596,True,True,False,0.25,True,GLD,commodities,0.073915896519596
2022-10-07,Asset-Class Momentum Rotation,False,37,37,1.0,0.0034494683912268823,0.07454691403673334,True,True,False,0.25,True,GLD,commodities,0.07454691403673334
2022-10-10,Asset-Class Momentum Rotation,False,37,37,0.9999999999999999,0.003468796842242587,0.07486964818385863,True,True,False,0.25,True,GLD,commodities,0.07486964818385863
2022-10-11,Asset-Class Momentum Rotation,False,37,37,1.0000000000000002,0.0034414378372773333,0.07430510072585686,True,True,False,0.25,True,GLD,commodities,0.07430510072585686
2022-10-12,Asset-Class Momentum Rotation,False,37,37,1.0,0.003475040864232128,0.07454630982572182,True,True,False,0.25,True,GLD,commodities,0.07454630982572182
2022-10-13,Asset-Class Momentum Rotation,False,37,37,1.0000000000000002,0.0035070187959016642,0.07526544260827213,True,True,False,0.25,True,GLD,commodities,0.07526544260827213
2022-10-14,Asset-Class Momentum Rotation,False,37,37,0.9999999999999999,0.0034261310376841585,0.07372566175893919,True,True,False,0.25,True,GLD,commodities,0.07372566175893919
2022-10-17,Asset-Class Momentum Rotation,False,37,37,1.0,0.003455568289818005,0.07404357510280074,True,True,False,0.25,True,GLD,commodities,0.07404357510280074
2022-10-18,Asset-Class Momentum Rotation,False,37,37,1.0,0.003388030438822073,0.0731614788034128,True,True,False,0.25,True,GLD,commodities,0.0731614788034128
2022-10-19,Asset-Class Momentum Rotation,False,37,37,1.0,0.0033811279703167096,0.07299832155570866,True,True,False,0.25,True,GLD,commodities,0.07299832155570866
2022-10-20,Asset-Class Momentum Rotation,False,37,37,0.9999999999999999,0.0033573930580954067,0.07284081704168294,True,True,False,0.25,True,GLD,commodities,0.07284081704168294
2022-10-21,Asset-Class Momentum Rotation,False,37,37,1.0,0.003311289892191664,0.07297426343696228,True,True,False,0.25,True,GLD,commodities,0.07297426343696228
2022-10-24,Asset-Class Momentum Rotation,False,37,37,0.9999999999999999,0.003196475197222948,0.07301579146035661,True,True,False,0.25,True,GLD,commodities,0.07301579146035661
2022-10-25,Asset-Class Momentum Rotation,False,37,37,1.0,0.0031636194525823053,0.07263112499394155,True,True,False,0.25,True,GLD,commodities,0.07263112499394155
2022-10-26,Asset-Class Momentum Rotation,False,37,37,1.0000000000000002,0.0032070472464025344,0.07170828185979738,True,True,False,0.25,True,GLD,commodities,0.07170828185979738
2022-10-27,Asset-Class Momentum Rotation,False,37,37,1.0,0.0032258608521032153,0.07155699010047956,True,True,False,0.25,True,GLD,commodities,0.07155699010047956
2022-10-28,Asset-Class Momentum Rotation,False,37,37,0.9999999999999998,0.0032655618151097273,0.07157601602422226,True,True,False,0.25,True,GLD,commodities,0.07157601602422226
2022-10-31,Asset-Class Momentum Rotation,False,37,37,1.0000000000000002,0.0032152846511639232,0.070237241471262,True,True,False,0.25,True,GLD,commodities,0.070237241471262
2022-11-01,Asset-Class Momentum Rotation,False,37,37,0.9999999999999998,0.0032047557170878796,0.06993438737176783,True,True,False,0.25,True,GLD,commodities,0.06993438737176783
2022-11-02,Asset-Class Momentum Rotation,False,37,37,1.0000000000000002,0.0032189545276001897,0.07030393679561224,True,True,False,0.25,True,GLD,commodities,0.07030393679561224
2022-11-03,Asset-Class Momentum Rotation,False,37,37,1.0000000000000002,0.003253784591969284,0.07087677412311473,True,True,False,0.25,True,GLD,commodities,0.07087677412311473
2022-11-04,Asset-Class Momentum Rotation,False,37,37,0.9999999999999999,0.0032396130172755596,0.0706809479253358,True,True,False,0.25,True,GLD,commodities,0.0706809479253358
2022-11-07,Asset-Class Momentum Rotation,False,37,37,0.9999999999999998,0.0030964594089841076,0.07082125956132847,True,True,False,0.25,True,GLD,commodities,0.07082125956132847
2022-11-08,Asset-Class Momentum Rotation,False,37,37,1.0,0.0030708224915536246,0.0706615564954631,True,True,False,0.25,True,GLD,commodities,0.0706615564954631
2022-11-09,Asset-Class Momentum Rotation,False,37,37,0.9999999999999999,0.003105819907752117,0.07232682075900862,True,True,False,0.25,True,GLD,commodities,0.07232682075900862
2022-11-10,Asset-Class Momentum Rotation,False,37,37,0.9999999999999999,0.003193440422151584,0.07375171848222796,True,True,False,0.25,True,GLD,commodities,0.07375171848222796
2022-11-11,Asset-Class Momentum Rotation,False,37,37,0.9999999999999997,0.0031699204189442405,0.07264247859732932,True,True,False,0.25,True,GLD,commodities,0.07264247859732932
2022-11-14,Asset-Class Momentum Rotation,False,37,37,1.0000000000000002,0.0031458450030854737,0.07283390482706853,True,True,False,0.25,True,GLD,commodities,0.07283390482706853
2022-11-15,Asset-Class Momentum Rotation,False,37,37,0.9999999999999999,0.003166093279428092,0.07364360970333829,True,True,False,0.25,True,GLD,commodities,0.07364360970333829
2022-11-16,Asset-Class Momentum Rotation,False,37,37,0.9999999999999998,0.0031996326768444837,0.07349628702916251,True,True,False,0.25,True,GLD,commodities,0.07349628702916251
2022-11-17,Asset-Class Momentum Rotation,False,37,37,0.9999999999999999,0.003291096302937317,0.07380954854538813,True,True,False,0.25,True,GLD,commodities,0.07380954854538813
2022-11-18,Asset-Class Momentum Rotation,False,37,37,1.0,0.003279054220192948,0.07378361577199137,True,True,False,0.25,True,GLD,commodities,0.07378361577199137
2022-11-21,Asset-Class Momentum Rotation,False,37,37,1.0,0.0032467255876396347,0.0730549923378235,True,True,False,0.25,True,GLD,commodities,0.0730549923378235
2022-11-22,Asset-Class Momentum Rotation,False,37,37,0.9999999999999999,0.0032752238664299593,0.07297668302527917,True,True,False,0.25,True,GLD,commodities,0.07297668302527917
2022-11-23,Asset-Class Momentum Rotation,False,37,37,1.0,0.003284937616030653,0.07225362726358321,True,True,False,0.25,True,GLD,commodities,0.07225362726358321
2022-11-24,Asset-Class Momentum Rotation,False,37,37,1.0000000000000002,0.0033211227576010758,0.07224467161196978,True,True,False,0.25,True,GLD,commodities,0.07224467161196978
2022-11-25,Asset-Class Momentum Rotation,False,37,37,1.0,0.003317553586142932,0.07216703111544484,True,True,False,0.25,True,GLD,commodities,0.07216703111544484
2022-11-28,Asset-Class Momentum Rotation,False,37,37,0.9999999999999999,0.003304046083391824,0.07217957999655905,True,True,False,0.25,True,GLD,commodities,0.07217957999655905
2022-11-29,Asset-Class Momentum Rotation,False,37,37,1.0,0.0033567422576785194,0.0725467577355294,True,True,False,0.25,True,GLD,commodities,0.0725467577355294
2022-11-30,Asset-Class Momentum Rotation,False,37,37,0.9999999999999999,0.003297194301147289,0.07246151878807806,True,True,False,0.25,True,GLD,commodities,0.07246151878807806
2022-12-01,Asset-Class Momentum Rotation,False,37,37,1.0,0.003250044334325847,0.0718101540224194,True,True,False,0.25,True,GLD,commodities,0.0718101540224194
2022-12-02,Asset-Class Momentum Rotation,False,37,37,0.9999999999999999,0.0033504633881313176,0.07305608812308961,True,True,False,0.25,True,GLD,commodities,0.07305608812308961
2022-12-05,Asset-Class Momentum Rotation,False,37,37,0.9999999999999999,0.0033930739568452796,0.07281385106790836,True,True,False,0.25,True,GLD,commodities,0.07281385106790836
2022-12-06,Asset-Class Momentum Rotation,False,37,37,0.9999999999999999,0.003403797369316213,0.0728104581831397,True,True,False,0.25,True,GLD,commodities,0.0728104581831397
2022-12-07,Asset-Class Momentum Rotation,True,37,37,1.0,0.0033192648391719946,0.06937817785563376,True,True,True,0.25,True,XLP,us_equity_sectors,0.06937817785563376
2022-12-08,Asset-Class Momentum Rotation,False,37,37,0.9999999999999999,0.0035613235044322884,0.06976472855765639,True,True,False,0.25,True,XLP,us_equity_sectors,0.06976472855765639
2022-12-09,Asset-Class Momentum Rotation,False,37,37,1.0,0.0035248820224369043,0.06961382886248361,True,True,False,0.25,True,XLP,us_equity_sectors,0.06961382886248361
2022-12-12,Asset-Class Momentum Rotation,False,37,37,0.9999999999999998,0.0034504256277472826,0.06942366757238344,True,True,False,0.25,True,XLP,us_equity_sectors,0.06942366757238344
2022-12-13,Asset-Class Momentum Rotation,False,37,37,1.0000000000000002,0.003441847743695457,0.06975804545302143,True,True,False,0.25,True,XLP,us_equity_sectors,0.06975804545302143
2022-12-14,Asset-Class Momentum Rotation,False,37,37,0.9999999999999998,0.003439762312187014,0.06894998265419022,True,True,False,0.25,True,XLP,us_equity_sectors,0.06894998265419022
2022-12-15,Asset-Class Momentum Rotation,False,37,37,0.9999999999999999,0.0034662838222450556,0.0691409674709212,True,True,False,0.25,True,XLP,us_equity_sectors,0.0691409674709212
2022-12-16,Asset-Class Momentum Rotation,False,37,37,0.9999999999999999,0.003545973178227333,0.06925876256047557,True,True,False,0.25,True,XLP,us_equity_sectors,0.06925876256047557
2022-12-19,Asset-Class Momentum Rotation,False,37,37,0.9999999999999999,0.0035549412615578945,0.06987296380641272,True,True,False,0.25,True,XLP,us_equity_sectors,0.06987296380641272
2022-12-20,Asset-Class Momentum Rotation,False,37,37,1.0,0.0035125354807840994,0.07017510894447551,True,True,False,0.25,True,XLP,us_equity_sectors,0.07017510894447551
2022-12-21,Asset-Class Momentum Rotation,False,37,37,1.0,0.003435166485543519,0.06991647689090238,True,True,False,0.25,True,XLP,us_equity_sectors,0.06991647689090238
2022-12-22,Asset-Class Momentum Rotation,False,37,37,1.0,0.0034195751492677924,0.07001370717454385,True,True,False,0.25,True,XLP,us_equity_sectors,0.07001370717454385
2022-12-23,Asset-Class Momentum Rotation,False,37,37,1.0,0.0032679238834808773,0.07041484077670981,True,True,False,0.25,True,XLP,us_equity_sectors,0.07041484077670981
2022-12-26,Asset-Class Momentum Rotation,False,37,37,1.0,0.003274068851144423,0.07046938758950615,True,True,False,0.25,True,XLP,us_equity_sectors,0.07046938758950615
2022-12-27,Asset-Class Momentum Rotation,False,37,37,1.0000000000000002,0.003271823358138149,0.07042105674364342,True,True,False,0.25,True,XLP,us_equity_sectors,0.07042105674364342
2022-12-28,Asset-Class Momentum Rotation,False,37,37,0.9999999999999999,0.003302253214818871,0.07055698400493092,True,True,False,0.25,True,XLP,us_equity_sectors,0.07055698400493092
2022-12-29,Asset-Class Momentum Rotation,False,37,37,1.0000000000000002,0.0031229653480848605,0.07050989167563484,True,True,False,0.25,True,XLP,us_equity_sectors,0.07050989167563484
2022-12-30,Asset-Class Momentum Rotation,False,37,37,1.0,0.002980343535684421,0.06994879450361714,True,True,False,0.25,True,XLP,us_equity_sectors,0.06994879450361714
2023-01-02,Asset-Class Momentum Rotation,False,37,37,1.0000000000000002,0.0029065145918321465,0.06999734427750096,True,True,False,0.25,True,XLP,us_equity_sectors,0.06999734427750096
2023-01-03,Asset-Class Momentum Rotation,False,37,37,0.9999999999999999,0.0029045771800550084,0.06995068575407475,True,True,False,0.25,True,XLP,us_equity_sectors,0.06995068575407475
2023-01-04,Asset-Class Momentum Rotation,False,37,37,1.0,0.0026303530031738217,0.06962691242693765,True,True,False,0.25,True,XLP,us_equity_sectors,0.06962691242693765
2023-01-05,Asset-Class Momentum Rotation,False,37,37,1.0,0.0026894250575214733,0.06903765097095854,True,True,False,0.25,True,XLP,us_equity_sectors,0.06903765097095854
2023-01-06,Asset-Class Momentum Rotation,False,37,37,1.0,0.0024568777387877945,0.0690634194363935,True,True,False,0.25,True,XLP,us_equity_sectors,0.0690634194363935
2023-01-09,Asset-Class Momentum Rotation,False,37,37,1.0,0.0023935568989995088,0.06948595449817276,True,True,False,0.25,True,XLP,us_equity_sectors,0.06948595449817276
2023-01-10,Asset-Class Momentum Rotation,False,37,37,1.0,0.002493329140842299,0.06856175247104848,True,True,False,0.25,True,XLP,us_equity_sectors,0.06856175247104848
2023-01-11,Asset-Class Momentum Rotation,False,37,37,1.0000000000000002,0.0022840452482440136,0.06821072361123139,True,True,False,0.25,True,XLP,us_equity_sectors,0.06821072361123139
2023-01-12,Asset-Class Momentum Rotation,False,37,37,1.0,0.0023155678071648815,0.06747702008495039,True,True,False,0.25,True,XLP,us_equity_sectors,0.06747702008495039
2023-01-13,Asset-Class Momentum Rotation,False,37,37,0.9999999999999999,0.0023087526791671486,0.06652197459306028,True,True,False,0.25,True,XLP,us_equity_sectors,0.06652197459306028
2023-01-16,Asset-Class Momentum Rotation,False,37,37,1.0,0.002154397343857105,0.06649423380154085,True,True,False,0.25,True,XLP,us_equity_sectors,0.06649423380154085
2023-01-17,Asset-Class Momentum Rotation,False,37,37,1.0,0.002148769905416982,0.06632054615362006,True,True,False,0.25,True,XLP,us_equity_sectors,0.06632054615362006
2023-01-18,Asset-Class Momentum Rotation,False,37,37,0.9999999999999999,0.002253853179979594,0.0664764442038347,True,True,False,0.25,True,XLP,us_equity_sectors,0.0664764442038347
2023-01-19,Asset-Class Momentum Rotation,False,37,37,0.9999999999999999,0.002099776296510775,0.06551820839627717,True,True,False,0.25,True,XLP,us_equity_sectors,0.06551820839627717
2023-01-20,Asset-Class Momentum Rotation,False,37,37,0.9999999999999998,0.002078795191728371,0.06492077380912586,True,True,False,0.25,True,XLP,us_equity_sectors,0.06492077380912586
2023-01-23,Asset-Class Momentum Rotation,False,37,37,1.0,0.0020012255166152616,0.06451867351184769,True,True,False,0.25,True,XLP,us_equity_sectors,0.06451867351184769
2023-01-24,Asset-Class Momentum Rotation,False,37,37,0.9999999999999999,0.002136371114699713,0.06438717661041524,True,True,False,0.25,True,XLP,us_equity_sectors,0.06438717661041524
2023-01-25,Asset-Class Momentum Rotation,False,37,37,1.0,0.002039369536983272,0.06477617622905896,True,True,False,0.25,True,XLP,us_equity_sectors,0.06477617622905896
2023-01-26,Asset-Class Momentum Rotation,False,37,37,0.9999999999999999,0.0019017481104391769,0.06475094849146974,True,True,False,0.25,True,XLP,us_equity_sectors,0.06475094849146974
2023-01-27,Asset-Class Momentum Rotation,False,37,37,0.9999999999999999,0.001855800241137452,0.0642060273806586,True,True,False,0.25,True,XLP,us_equity_sectors,0.0642060273806586
2023-01-30,Asset-Class Momentum Rotation,False,37,37,1.0,0.001894418762778225,0.06408799563066009,True,True,False,0.25,True,XLP,us_equity_sectors,0.06408799563066009
2023-01-31,Asset-Class Momentum Rotation,False,37,37,0.9999999999999998,0.0017798359142149752,0.0648471721981177,True,True,False,0.25,True,XLP,us_equity_sectors,0.0648471721981177
2023-02-01,Asset-Class Momentum Rotation,False,37,37,0.9999999999999999,0.001800021187119646,0.06487022715116635,True,True,False,0.25,True,XLP,us_equity_sectors,0.06487022715116635
2023-02-02,Asset-Class Momentum Rotation,False,37,37,1.0000000000000002,0.0016308059823191769,0.06495730665176447,True,True,False,0.25,True,XLP,us_equity_sectors,0.06495730665176447
2023-02-03,Asset-Class Momentum Rotation,False,37,37,1.0000000000000002,0.001605437604613932,0.06430408322239244,True,True,False,0.25,True,XLP,us_equity_sectors,0.06430408322239244
2023-02-06,Asset-Class Momentum Rotation,False,37,37,1.0,0.0015859470891847185,0.06474128973888195,True,True,False,0.25,True,XLP,us_equity_sectors,0.06474128973888195
2023-02-07,Asset-Class Momentum Rotation,False,37,37,1.0,0.0016591330853342754,0.06533878721411693,True,True,False,0.25,True,XLP,us_equity_sectors,0.06533878721411693
2023-02-08,Asset-Class Momentum Rotation,False,37,37,1.0,0.001718508045372464,0.06458043347239376,True,True,False,0.25,True,XLP,us_equity_sectors,0.06458043347239376
2023-02-09,Asset-Class Momentum Rotation,False,37,37,1.0,0.0016029973732778525,0.0644272757854733,True,True,False,0.25,True,XLP,us_equity_sectors,0.0644272757854733
2023-02-10,Asset-Class Momentum Rotation,False,37,37,1.0,0.0016415975022466781,0.0647439325983179,True,True,False,0.25,True,XLP,us_equity_sectors,0.0647439325983179
2023-02-13,Asset-Class Momentum Rotation,False,37,37,0.9999999999999999,0.001726028201480404,0.06526552495112477,True,True,False,0.25,True,XLP,us_equity_sectors,0.06526552495112477
2023-02-14,Asset-Class Momentum Rotation,False,37,37,1.0000000000000002,0.0016261544350630803,0.06562264082249565,True,True,False,0.25,True,XLP,us_equity_sectors,0.06562264082249565
2023-02-15,Asset-Class Momentum Rotation,False,37,37,1.0,0.0017270861232371506,0.06500499749236446,True,True,False,0.25,True,XLP,us_equity_sectors,0.06500499749236446
2023-02-16,Asset-Class Momentum Rotation,False,37,37,1.0000000000000002,0.0016360472102822897,0.06484709485188304,True,True,False,0.25,True,XLP,us_equity_sectors,0.06484709485188304
2023-02-17,Asset-Class Momentum Rotation,False,37,37,0.9999999999999998,0.0016201057207694382,0.06498558544882481,True,True,False,0.25,True,XLP,us_equity_sectors,0.06498558544882481
2023-02-20,Asset-Class Momentum Rotation,False,37,37,0.9999999999999999,0.0015194130615117974,0.06571193730288477,True,True,False,0.25,True,XLP,us_equity_sectors,0.06571193730288477
2023-02-21,Asset-Class Momentum Rotation,False,37,37,1.0,0.0015186509900268106,0.06567897905413052,True,True,False,0.25,True,XLP,us_equity_sectors,0.06567897905413052
2023-02-22,Asset-Class Momentum Rotation,False,37,37,0.9999999999999998,0.0014305370592934874,0.06633464026722947,True,True,False,0.25,True,XLP,us_equity_sectors,0.06633464026722947
2023-02-23,Asset-Class Momentum Rotation,False,37,37,0.9999999999999999,0.0015098890194278794,0.06649683980375998,True,True,False,0.25,True,XLP,us_equity_sectors,0.06649683980375998
2023-02-24,Asset-Class Momentum Rotation,False,37,37,1.0,0.0016036285636948817,0.0662554949828075,True,True,False,0.25,True,XLP,us_equity_sectors,0.0662554949828075
2023-02-27,Asset-Class Momentum Rotation,False,37,37,1.0000000000000002,0.00170871758368269,0.06665569028758814,True,True,False,0.25,True,XLP,us_equity_sectors,0.06665569028758814
2023-02-28,Asset-Class Momentum Rotation,False,37,37,0.9999999999999999,0.0017953385018978697,0.06628799863833641,True,True,False,0.25,True,XLP,us_equity_sectors,0.06628799863833641
2023-03-01,Asset-Class Momentum Rotation,False,37,37,1.0,0.0018365873554449647,0.06607098138834694,True,True,False,0.25,True,XLP,us_equity_sectors,0.06607098138834694
2023-03-02,Asset-Class Momentum Rotation,False,37,37,0.9999999999999999,0.0018671426304397686,0.0653854413083046,True,True,False,0.25,True,XLP,us_equity_sectors,0.0653854413083046
2023-03-03,Asset-Class Momentum Rotation,False,37,37,1.0000000000000002,0.001833477505051029,0.0660092692318072,True,True,False,0.25,True,XLP,us_equity_sectors,0.0660092692318072
2023-03-06,Asset-Class Momentum Rotation,True,37,37,1.0,0.002815356542488793,0.10630120392892345,True,True,True,0.25,True,INDA,international_equity,0.10630120392892345
2023-03-07,Asset-Class Momentum Rotation,False,37,37,0.9999999999999999,0.0024720692685102556,0.10687797931658848,True,True,False,0.25,True,INDA,international_equity,0.10687797931658848
2023-03-08,Asset-Class Momentum Rotation,False,37,37,1.0000000000000002,0.002542460620047763,0.10752702195986635,True,True,False,0.25,True,INDA,international_equity,0.10752702195986635
2023-03-09,Asset-Class Momentum Rotation,False,37,37,1.0000000000000002,0.0024827991939247265,0.1083253337861415,True,True,False,0.25,True,INDA,international_equity,0.1083253337861415
2023-03-10,Asset-Class Momentum Rotation,False,37,37,1.0,0.0024225910035223816,0.10830889543211618,True,True,False,0.25,True,INDA,international_equity,0.10830889543211618
2023-03-13,Asset-Class Momentum Rotation,False,37,37,0.9999999999999999,0.0023818546625251086,0.1084474272256694,True,True,False,0.25,True,INDA,international_equity,0.1084474272256694
2023-03-14,Asset-Class Momentum Rotation,False,37,37,0.9999999999999998,0.0025453929024215824,0.10602292790280962,True,True,False,0.25,True,INDA,international_equity,0.10602292790280962
2023-03-15,Asset-Class Momentum Rotation,False,37,37,0.9999999999999997,0.002504589808590842,0.10570511262139673,True,True,False,0.25,True,INDA,international_equity,0.10570511262139673
2023-03-16,Asset-Class Momentum Rotation,False,37,37,1.0,0.0024064051975566498,0.10515983818492987,True,True,False,0.25,True,INDA,international_equity,0.10515983818492987
2023-03-17,Asset-Class Momentum Rotation,False,37,37,0.9999999999999998,0.002447997861479554,0.10570162421428393,True,True,False,0.25,True,INDA,international_equity,0.10570162421428393
2023-03-20,Asset-Class Momentum Rotation,False,37,37,0.9999999999999999,0.0022975517148574355,0.10519651882354206,True,True,False,0.25,True,INDA,international_equity,0.10519651882354206
2023-03-21,Asset-Class Momentum Rotation,False,37,37,1.0000000000000002,0.0021826555198951165,0.10495338231319976,True,True,False,0.25,True,INDA,international_equity,0.10495338231319976
2023-03-22,Asset-Class Momentum Rotation,False,37,37,0.9999999999999999,0.00223606505798191,0.10398132792114755,True,True,False,0.25,True,INDA,international_equity,0.10398132792114755
2023-03-23,Asset-Class Momentum Rotation,False,37,37,0.9999999999999999,0.0021549016155988756,0.1046877320734789,True,True,False,0.25,True,INDA,international_equity,0.1046877320734789
2023-03-24,Asset-Class Momentum Rotation,False,37,37,1.0,0.002085448469394877,0.10464924083715557,True,True,False,0.25,True,INDA,international_equity,0.10464924083715557
2023-03-27,Asset-Class Momentum Rotation,False,37,37,0.9999999999999998,0.002129928392229565,0.10423440780232143,True,True,False,0.25,True,INDA,international_equity,0.10423440780232143
2023-03-28,Asset-Class Momentum Rotation,False,37,37,1.0000000000000002,0.0020503433421548926,0.10429954279953565,True,True,False,0.25,True,INDA,international_equity,0.10429954279953565
2023-03-29,Asset-Class Momentum Rotation,False,37,37,1.0,0.0019701381379575505,0.10307014887375879,True,True,False,0.25,True,INDA,international_equity,0.10307014887375879
2023-03-30,Asset-Class Momentum Rotation,False,37,37,1.0,0.0019708733348198356,0.10275363053512186,True,True,False,0.25,True,INDA,international_equity,0.10275363053512186
2023-03-31,Asset-Class Momentum Rotation,False,37,37,0.9999999999999999,0.00189445343535299,0.10249729408432393,True,True,False,0.25,True,INDA,international_equity,0.10249729408432393
2023-04-03,Asset-Class Momentum Rotation,False,37,37,1.0000000000000002,0.0019526620828892046,0.1030501011270116,True,True,False,0.25,True,INDA,international_equity,0.1030501011270116
2023-04-04,Asset-Class Momentum Rotation,False,37,37,1.0,0.0018855602056555892,0.10325967003303432,True,True,False,0.25,True,INDA,international_equity,0.10325967003303432
2023-04-05,Asset-Class Momentum Rotation,False,37,37,1.0,0.0018569017435771512,0.10351620389871323,True,True,False,0.25,True,INDA,international_equity,0.10351620389871323
2023-04-06,Asset-Class Momentum Rotation,False,37,37,1.0,0.0019105312341131367,0.10391808048795086,True,True,False,0.25,True,INDA,international_equity,0.10391808048795086
2023-04-07,Asset-Class Momentum Rotation,False,37,37,1.0000000000000002,0.001799926248596579,0.1043852589503201,True,True,False,0.25,True,INDA,international_equity,0.1043852589503201
2023-04-10,Asset-Class Momentum Rotation,False,37,37,0.9999999999999999,0.001799753435916558,0.1043752368194867,True,True,False,0.25,True,INDA,international_equity,0.1043752368194867
2023-04-11,Asset-Class Momentum Rotation,False,37,37,1.0,0.0019180411826002252,0.10403809369768861,True,True,False,0.25,True,INDA,international_equity,0.10403809369768861
2023-04-12,Asset-Class Momentum Rotation,False,37,37,1.0,0.001968322063460628,0.10395287256832696,True,True,False,0.25,True,INDA,international_equity,0.10395287256832696
2023-04-13,Asset-Class Momentum Rotation,False,37,37,1.0000000000000002,0.0018549408210272976,0.1043422395646201,True,True,False,0.25,True,INDA,international_equity,0.1043422395646201
2023-04-14,Asset-Class Momentum Rotation,False,37,37,0.9999999999999998,0.0017686795940626326,0.10360014614821747,True,True,False,0.25,True,INDA,international_equity,0.10360014614821747
2023-04-17,Asset-Class Momentum Rotation,False,37,37,1.0,0.0018521517903837706,0.10345937279298778,True,True,False,0.25,True,INDA,international_equity,0.10345937279298778
2023-04-18,Asset-Class Momentum Rotation,False,37,37,1.0000000000000002,0.00197025993299052,0.10290507180122666,True,True,False,0.25,True,INDA,international_equity,0.10290507180122666
2023-04-19,Asset-Class Momentum Rotation,False,37,37,1.0000000000000002,0.002024071301495763,0.10234631705679897,True,True,False,0.25,True,INDA,international_equity,0.10234631705679897
2023-04-20,Asset-Class Momentum Rotation,False,37,37,1.0,0.0019416878960114975,0.10290112425499877,True,True,False,0.25,True,INDA,international_equity,0.10290112425499877
2023-04-21,Asset-Class Momentum Rotation,False,37,37,1.0,0.0019560389560027616,0.10334831206075479,True,True,False,0.25,True,INDA,international_equity,0.10334831206075479
2023-04-24,Asset-Class Momentum Rotation,False,37,37,1.0000000000000002,0.0019558051208689925,0.1036832064885771,True,True,False,0.25,True,INDA,international_equity,0.1036832064885771
2023-04-25,Asset-Class Momentum Rotation,False,37,37,1.0000000000000002,0.002003654401960744,0.10421676974908935,True,True,False,0.25,True,INDA,international_equity,0.10421676974908935
2023-04-26,Asset-Class Momentum Rotation,False,37,37,1.0,0.001968092429031936,0.10467469297615378,True,True,False,0.25,True,INDA,international_equity,0.10467469297615378
2023-04-27,Asset-Class Momentum Rotation,False,37,37,1.0,0.0019046529292568507,0.10555250797402914,True,True,False,0.25,True,INDA,international_equity,0.10555250797402914
2023-04-28,Asset-Class Momentum Rotation,False,37,37,1.0,0.0019151689398622122,0.10555333669943444,True,True,False,0.25,True,INDA,international_equity,0.10555333669943444
2023-05-01,Asset-Class Momentum Rotation,False,37,37,1.0,0.0019428224896508757,0.10604590246886435,True,True,False,0.25,True,INDA,international_equity,0.10604590246886435
2023-05-02,Asset-Class Momentum Rotation,False,37,37,0.9999999999999999,0.0018822266930018092,0.10653787248815298,True,True,False,0.25,True,INDA,international_equity,0.10653787248815298
2023-05-03,Asset-Class Momentum Rotation,False,37,37,1.0,0.0018204885865607662,0.1071736260729621,True,True,False,0.25,True,INDA,international_equity,0.1071736260729621
2023-05-04,Asset-Class Momentum Rotation,False,37,37,1.0,0.0017721286530835991,0.10693679406302065,True,True,False,0.25,True,INDA,international_equity,0.10693679406302065
2023-05-05,Asset-Class Momentum Rotation,False,37,37,0.9999999999999999,0.0017138029012234582,0.10768979509628913,True,True,False,0.25,True,INDA,international_equity,0.10768979509628913
2023-05-08,Asset-Class Momentum Rotation,False,37,37,0.9999999999999998,0.0017089698469174896,0.10670267381702968,True,True,False,0.25,True,INDA,international_equity,0.10670267381702968
2023-05-09,Asset-Class Momentum Rotation,False,37,37,0.9999999999999998,0.001818326403370468,0.10760842511617306,True,True,False,0.25,True,INDA,international_equity,0.10760842511617306
2023-05-10,Asset-Class Momentum Rotation,False,37,37,0.9999999999999999,0.0018521840818913437,0.10780287559321317,True,True,False,0.25,True,INDA,international_equity,0.10780287559321317
2023-05-11,Asset-Class Momentum Rotation,False,37,37,1.0000000000000004,0.0017858957749097369,0.10830337764426269,True,True,False,0.25,True,INDA,international_equity,0.10830337764426269
2023-05-12,Asset-Class Momentum Rotation,False,37,37,0.9999999999999999,0.0017935439158403108,0.10828446363880304,True,True,False,0.25,True,INDA,international_equity,0.10828446363880304
2023-05-15,Asset-Class Momentum Rotation,False,37,37,1.0,0.001869561739388318,0.1082574324469451,True,True,False,0.25,True,INDA,international_equity,0.1082574324469451
2023-05-16,Asset-Class Momentum Rotation,False,37,37,0.9999999999999999,0.0019389480436529697,0.10830578691979538,True,True,False,0.25,True,INDA,international_equity,0.10830578691979538
2023-05-17,Asset-Class Momentum Rotation,False,37,37,0.9999999999999998,0.0019345906910881632,0.10835165863089802,True,True,False,0.25,True,INDA,international_equity,0.10835165863089802
2023-05-18,Asset-Class Momentum Rotation,False,37,37,0.9999999999999999,0.001936389209207863,0.10766699885280845,True,True,False,0.25,True,INDA,international_equity,0.10766699885280845
2023-05-19,Asset-Class Momentum Rotation,False,37,37,0.9999999999999998,0.0021060736624391877,0.10723570197967106,True,True,False,0.25,True,INDA,international_equity,0.10723570197967106
2023-05-22,Asset-Class Momentum Rotation,False,37,37,0.9999999999999997,0.002096746933518259,0.1069162671501649,True,True,False,0.25,True,INDA,international_equity,0.1069162671501649
2023-05-23,Asset-Class Momentum Rotation,False,37,37,0.9999999999999999,0.0019640723111503497,0.10772446100433926,True,True,False,0.25,True,INDA,international_equity,0.10772446100433926
2023-05-24,Asset-Class Momentum Rotation,False,37,37,1.0,0.0019465243474973116,0.10828188653434517,True,True,False,0.25,True,INDA,international_equity,0.10828188653434517
2023-05-25,Asset-Class Momentum Rotation,False,37,37,1.0,0.0020189642584737193,0.10960778200541249,True,True,False,0.25,True,INDA,international_equity,0.10960778200541249
2023-05-26,Asset-Class Momentum Rotation,False,37,37,0.9999999999999999,0.001938069491622285,0.1104723437268071,True,True,False,0.25,True,INDA,international_equity,0.1104723437268071
2023-05-29,Asset-Class Momentum Rotation,False,37,37,0.9999999999999999,0.0018845022388702666,0.11097120680205311,True,True,False,0.25,True,INDA,international_equity,0.11097120680205311
2023-05-30,Asset-Class Momentum Rotation,False,37,37,1.0,0.0018792006072415168,0.11065901377424595,True,True,False,0.25,True,INDA,international_equity,0.11065901377424595
2023-05-31,Asset-Class Momentum Rotation,False,37,37,1.0,0.0018004428268065663,0.11065767113187625,True,True,False,0.25,True,INDA,international_equity,0.11065767113187625
2023-06-01,Asset-Class Momentum Rotation,True,37,37,1.0,0.002688360121605003,0.11647335458840906,True,True,True,0.25,True,BNB-USD,crypto,0.11647335458840906
2023-06-02,Asset-Class Momentum Rotation,False,37,37,1.0,0.002576849356922209,0.11580223467790457,True,True,False,0.25,True,BNB-USD,crypto,0.11580223467790457
2023-06-05,Asset-Class Momentum Rotation,False,37,37,0.9999999999999998,0.002550766856678939,0.11478578712125184,True,True,False,0.25,True,BNB-USD,crypto,0.11478578712125184
2023-06-06,Asset-Class Momentum Rotation,False,37,37,1.0,0.002718730033465492,0.10662640650905122,True,True,False,0.25,True,BNB-USD,crypto,0.10662640650905122
2023-06-07,Asset-Class Momentum Rotation,False,37,37,0.9999999999999999,0.0026836284062647033,0.1064837661995805,True,True,False,0.25,True,BNB-USD,crypto,0.1064837661995805
2023-06-08,Asset-Class Momentum Rotation,False,37,37,0.9999999999999999,0.0028305197138123067,0.10057777957834328,True,True,False,0.25,True,BNB-USD,crypto,0.10057777957834328
2023-06-09,Asset-Class Momentum Rotation,False,37,37,1.0000000000000002,0.002825023934395012,0.10097538706222693,True,True,False,0.25,True,BNB-USD,crypto,0.10097538706222693
2023-06-12,Asset-Class Momentum Rotation,False,37,37,1.0,0.0027521350917229207,0.10097835094850849,True,True,False,0.25,True,BNB-USD,crypto,0.10097835094850849
2023-06-13,Asset-Class Momentum Rotation,False,37,37,1.0000000000000002,0.0028293326694607927,0.09698366092713606,True,True,False,0.25,True,BTC-USD,crypto,0.09698366092713606
2023-06-14,Asset-Class Momentum Rotation,False,37,37,1.0,0.0028883960292896698,0.09629258589929561,True,True,False,0.25,True,BTC-USD,crypto,0.09629258589929561
2023-06-15,Asset-Class Momentum Rotation,False,37,37,1.0000000000000002,0.0029522878506028347,0.0951873956422239,True,True,False,0.25,True,BNB-USD,crypto,0.0951873956422239
2023-06-16,Asset-Class Momentum Rotation,False,37,37,0.9999999999999999,0.003190497597387346,0.09598825231382753,True,True,False,0.25,True,BTC-USD,crypto,0.09598825231382753
2023-06-19,Asset-Class Momentum Rotation,False,37,37,0.9999999999999999,0.0032487931755291123,0.09823350284188548,True,True,False,0.25,True,BTC-USD,crypto,0.09823350284188548
2023-06-20,Asset-Class Momentum Rotation,False,37,37,0.9999999999999999,0.0032252020703046743,0.09945953521290996,True,True,False,0.25,True,BTC-USD,crypto,0.09945953521290996
2023-06-21,Asset-Class Momentum Rotation,False,37,37,1.0000000000000002,0.003057648364557206,0.10441490393385013,True,True,False,0.25,True,BTC-USD,crypto,0.10441490393385013
2023-06-22,Asset-Class Momentum Rotation,False,37,37,0.9999999999999998,0.003133868763172204,0.10883191990027594,True,True,False,0.25,True,BTC-USD,crypto,0.10883191990027594
2023-06-23,Asset-Class Momentum Rotation,False,37,37,1.0,0.00317313523850918,0.10931415657199389,True,True,False,0.25,True,BTC-USD,crypto,0.10931415657199389
2023-06-26,Asset-Class Momentum Rotation,False,37,37,1.0000000000000002,0.0033391900834770804,0.11210523673955752,True,True,False,0.25,True,BTC-USD,crypto,0.11210523673955752
2023-06-27,Asset-Class Momentum Rotation,False,37,37,0.9999999999999999,0.0034423987853061376,0.11175232356726858,True,True,False,0.25,True,BTC-USD,crypto,0.11175232356726858
2023-06-28,Asset-Class Momentum Rotation,False,37,37,0.9999999999999999,0.003309264413423432,0.11226367053271968,True,True,False,0.25,True,BTC-USD,crypto,0.11226367053271968
2023-06-29,Asset-Class Momentum Rotation,False,37,37,1.0,0.0031907312696856966,0.1118071142417118,True,True,False,0.25,True,BTC-USD,crypto,0.1118071142417118
2023-06-30,Asset-Class Momentum Rotation,False,37,37,1.0,0.0032124553077519076,0.11248409144458532,True,True,False,0.25,True,BTC-USD,crypto,0.11248409144458532
2023-07-03,Asset-Class Momentum Rotation,False,37,37,1.0,0.0032724735988577947,0.1109955322259967,True,True,False,0.25,True,BTC-USD,crypto,0.1109955322259967
2023-07-04,Asset-Class Momentum Rotation,False,37,37,1.0000000000000002,0.0031533625587233036,0.11205742177893085,True,True,False,0.25,True,BTC-USD,crypto,0.11205742177893085
2023-07-05,Asset-Class Momentum Rotation,False,37,37,0.9999999999999999,0.0031687097808433986,0.11123356599158289,True,True,False,0.25,True,BTC-USD,crypto,0.11123356599158289
2023-07-06,Asset-Class Momentum Rotation,False,37,37,1.0,0.0031407395763254427,0.11130669147984243,True,True,False,0.25,True,BTC-USD,crypto,0.11130669147984243
2023-07-07,Asset-Class Momentum Rotation,False,37,37,1.0,0.003167329075087535,0.11111809330435422,True,True,False,0.25,True,BTC-USD,crypto,0.11111809330435422
2023-07-10,Asset-Class Momentum Rotation,False,37,37,0.9999999999999999,0.003059558991112629,0.11174810415555685,True,True,False,0.25,True,BTC-USD,crypto,0.11174810415555685
2023-07-11,Asset-Class Momentum Rotation,False,37,37,0.9999999999999998,0.0031444459527593246,0.11107395584641766,True,True,False,0.25,True,BTC-USD,crypto,0.11107395584641766
2023-07-12,Asset-Class Momentum Rotation,False,37,37,1.0,0.003205955292566409,0.11104799410548577,True,True,False,0.25,True,BTC-USD,crypto,0.11104799410548577
2023-07-13,Asset-Class Momentum Rotation,False,37,37,1.0,0.0031004581244464344,0.10990167127126955,True,True,False,0.25,True,BTC-USD,crypto,0.10990167127126955
2023-07-14,Asset-Class Momentum Rotation,False,37,37,0.9999999999999999,0.0027420133608200897,0.11521968643894363,True,True,False,0.25,True,XRP-USD,crypto,0.11521968643894363
2023-07-17,Asset-Class Momentum Rotation,False,37,37,1.0,0.0028183371333816605,0.10491469085509629,True,True,False,0.25,True,XRP-USD,crypto,0.10491469085509629
2023-07-18,Asset-Class Momentum Rotation,False,37,37,0.9999999999999999,0.0028220874729120633,0.1083019147560596,True,True,False,0.25,True,XRP-USD,crypto,0.1083019147560596
2023-07-19,Asset-Class Momentum Rotation,False,37,37,1.0,0.002910297594766431,0.11391140287457795,True,True,False,0.25,True,XRP-USD,crypto,0.11391140287457795
2023-07-20,Asset-Class Momentum Rotation,False,37,37,1.0,0.0028786549170223457,0.11862118936091685,True,True,False,0.25,True,XRP-USD,crypto,0.11862118936091685
2023-07-21,Asset-Class Momentum Rotation,False,37,37,1.0,0.0030145061886968174,0.11556503659220155,True,True,False,0.25,True,XRP-USD,crypto,0.11556503659220155
2023-07-24,Asset-Class Momentum Rotation,False,37,37,0.9999999999999998,0.0030185991189127293,0.11273534042213978,True,True,False,0.25,True,XRP-USD,crypto,0.11273534042213978
2023-07-25,Asset-Class Momentum Rotation,False,37,37,1.0000000000000004,0.0030553266699571116,0.10423621889151338,True,True,False,0.25,True,XRP-USD,crypto,0.10423621889151338
2023-07-26,Asset-Class Momentum Rotation,False,37,37,1.0000000000000002,0.0030900946258385765,0.10499744554162775,True,True,False,0.25,True,XRP-USD,crypto,0.10499744554162775
2023-07-27,Asset-Class Momentum Rotation,False,37,37,0.9999999999999999,0.003024740455561211,0.10539777326450786,True,True,False,0.25,True,XRP-USD,crypto,0.10539777326450786
2023-07-28,Asset-Class Momentum Rotation,False,37,37,1.0,0.0029486392545716804,0.1056564147314689,True,True,False,0.25,True,XRP-USD,crypto,0.1056564147314689
2023-07-31,Asset-Class Momentum Rotation,False,37,37,1.0,0.0029653314615728774,0.10474727676288322,True,True,False,0.25,True,XRP-USD,crypto,0.10474727676288322
2023-08-01,Asset-Class Momentum Rotation,False,37,37,1.0,0.002981517459268257,0.1029524438602015,True,True,False,0.25,True,XRP-USD,crypto,0.1029524438602015
2023-08-02,Asset-Class Momentum Rotation,False,37,37,1.0000000000000002,0.002899068533868016,0.10413358854631566,True,True,False,0.25,True,XRP-USD,crypto,0.10413358854631566
2023-08-03,Asset-Class Momentum Rotation,False,37,37,1.0,0.0028496868011492647,0.10289041749159905,True,True,False,0.25,True,XRP-USD,crypto,0.10289041749159905
2023-08-04,Asset-Class Momentum Rotation,False,37,37,1.0000000000000002,0.0029539820348489947,0.10345285768032923,True,True,False,0.25,True,BTC-USD,crypto,0.10345285768032923
2023-08-07,Asset-Class Momentum Rotation,False,37,37,1.0,0.0029965367543970693,0.10351384114710416,True,True,False,0.25,True,BTC-USD,crypto,0.10351384114710416
2023-08-08,Asset-Class Momentum Rotation,False,37,37,1.0,0.003190621616268377,0.10389506535891062,True,True,False,0.25,True,BTC-USD,crypto,0.10389506535891062
2023-08-09,Asset-Class Momentum Rotation,False,37,37,1.0,0.003223633939468066,0.10536549193369676,True,True,False,0.25,True,BTC-USD,crypto,0.10536549193369676
2023-08-10,Asset-Class Momentum Rotation,False,37,37,1.0,0.0034172002000118274,0.10466366662376927,True,True,False,0.25,True,BTC-USD,crypto,0.10466366662376927
2023-08-11,Asset-Class Momentum Rotation,False,37,37,0.9999999999999998,0.003220916689489682,0.10464526495106151,True,True,False,0.25,True,BTC-USD,crypto,0.10464526495106151
2023-08-14,Asset-Class Momentum Rotation,False,37,37,1.0000000000000002,0.0032406930218510893,0.10503332485063953,True,True,False,0.25,True,BTC-USD,crypto,0.10503332485063953
2023-08-15,Asset-Class Momentum Rotation,False,37,37,0.9999999999999999,0.0032621585146541624,0.10534567470051953,True,True,False,0.25,True,BTC-USD,crypto,0.10534567470051953
2023-08-16,Asset-Class Momentum Rotation,False,37,37,1.0,0.0031558132018045175,0.10602082622269124,True,True,False,0.25,True,BTC-USD,crypto,0.10602082622269124
2023-08-17,Asset-Class Momentum Rotation,False,37,37,1.0,0.003121480393596725,0.10568876981874163,True,True,False,0.25,True,BTC-USD,crypto,0.10568876981874163
2023-08-18,Asset-Class Momentum Rotation,False,37,37,1.0,0.0032743447082374325,0.10197570021981617,True,True,False,0.25,True,BTC-USD,crypto,0.10197570021981617
2023-08-21,Asset-Class Momentum Rotation,False,37,37,0.9999999999999999,0.0032241635801115633,0.09993448548739603,True,True,False,0.25,True,BTC-USD,crypto,0.09993448548739603
2023-08-22,Asset-Class Momentum Rotation,False,37,37,1.0,0.0032330510922226902,0.10006432419239987,True,True,False,0.25,True,BTC-USD,crypto,0.10006432419239987
2023-08-23,Asset-Class Momentum Rotation,False,37,37,0.9999999999999999,0.0031578054633395673,0.1001186341281001,True,True,False,0.25,True,BTC-USD,crypto,0.1001186341281001
2023-08-24,Asset-Class Momentum Rotation,False,37,37,1.0,0.003027432726643515,0.09996652712754037,True,True,False,0.25,True,BTC-USD,crypto,0.09996652712754037
2023-08-25,Asset-Class Momentum Rotation,False,37,37,0.9999999999999999,0.003109916285568565,0.09968352834518221,True,True,False,0.25,True,BTC-USD,crypto,0.09968352834518221
2023-08-28,Asset-Class Momentum Rotation,False,37,37,0.9999999999999998,0.0031610769867885078,0.09911451200373476,True,True,False,0.25,True,BTC-USD,crypto,0.09911451200373476
2023-08-29,Asset-Class Momentum Rotation,True,37,37,1.0,0.0034319583509676587,0.12235266408713982,True,True,True,0.25,True,BNB-USD,crypto,0.12235266408713982
2023-08-30,Asset-Class Momentum Rotation,False,37,37,1.0000000000000002,0.0033537030288750803,0.12383410333108827,True,True,False,0.25,True,BNB-USD,crypto,0.12383410333108827
2023-08-31,Asset-Class Momentum Rotation,False,37,37,1.0000000000000002,0.0035458540615252994,0.12306192375534421,True,True,False,0.25,True,BNB-USD,crypto,0.12306192375534421
2023-09-01,Asset-Class Momentum Rotation,False,37,37,1.0,0.0035722949191634126,0.12150889191813731,True,True,False,0.25,True,BNB-USD,crypto,0.12150889191813731
2023-09-04,Asset-Class Momentum Rotation,False,37,37,0.9999999999999998,0.003555374973078399,0.12029178919160052,True,True,False,0.25,True,BNB-USD,crypto,0.12029178919160052
2023-09-05,Asset-Class Momentum Rotation,False,37,37,1.0,0.0035477205731417687,0.12091323875876502,True,True,False,0.25,True,BNB-USD,crypto,0.12091323875876502
2023-09-06,Asset-Class Momentum Rotation,False,37,37,1.0,0.0033607654303682544,0.12102522751539861,True,True,False,0.25,True,BNB-USD,crypto,0.12102522751539861
2023-09-07,Asset-Class Momentum Rotation,False,37,37,1.0,0.0032801398562935986,0.12159173943829596,True,True,False,0.25,True,BNB-USD,crypto,0.12159173943829596
2023-09-08,Asset-Class Momentum Rotation,False,37,37,1.0000000000000002,0.0033513855579480247,0.12204302185011,True,True,False,0.25,True,BNB-USD,crypto,0.12204302185011
2023-09-11,Asset-Class Momentum Rotation,False,37,37,0.9999999999999998,0.003397057220254394,0.12128568294944932,True,True,False,0.25,True,BNB-USD,crypto,0.12128568294944932
2023-09-12,Asset-Class Momentum Rotation,False,37,37,0.9999999999999999,0.0034570134258983466,0.11852070220317196,True,True,False,0.25,True,BNB-USD,crypto,0.11852070220317196
2023-09-13,Asset-Class Momentum Rotation,False,37,37,1.0000000000000002,0.0035975363268210096,0.12021627322568282,True,True,False,0.25,True,BNB-USD,crypto,0.12021627322568282
2023-09-14,Asset-Class Momentum Rotation,False,37,37,1.0,0.0035320782244915817,0.12066244354378244,True,True,False,0.25,True,BNB-USD,crypto,0.12066244354378244
2023-09-15,Asset-Class Momentum Rotation,False,37,37,1.0,0.003492910842656286,0.1194663223039961,True,True,False,0.25,True,BNB-USD,crypto,0.1194663223039961
2023-09-18,Asset-Class Momentum Rotation,False,37,37,1.0,0.003431782624335195,0.12050881935475384,True,True,False,0.25,True,BNB-USD,crypto,0.12050881935475384
2023-09-19,Asset-Class Momentum Rotation,False,37,37,1.0000000000000002,0.0034983966964695053,0.12140099114516309,True,True,False,0.25,True,BNB-USD,crypto,0.12140099114516309
2023-09-20,Asset-Class Momentum Rotation,False,37,37,1.0,0.0035249714477723786,0.1216069290274941,True,True,False,0.25,True,BNB-USD,crypto,0.1216069290274941
2023-09-21,Asset-Class Momentum Rotation,False,37,37,1.0000000000000002,0.0034236893144926534,0.12068447334352854,True,True,False,0.25,True,BNB-USD,crypto,0.12068447334352854
2023-09-22,Asset-Class Momentum Rotation,False,37,37,1.0,0.0033993914650817763,0.12085862951876089,True,True,False,0.25,True,BNB-USD,crypto,0.12085862951876089
2023-09-25,Asset-Class Momentum Rotation,False,37,37,1.0000000000000002,0.003437098271877703,0.12094456486397923,True,True,False,0.25,True,BNB-USD,crypto,0.12094456486397923
2023-09-26,Asset-Class Momentum Rotation,False,37,37,1.0,0.00346797396934935,0.12068802705217996,True,True,False,0.25,True,BNB-USD,crypto,0.12068802705217996
2023-09-27,Asset-Class Momentum Rotation,False,37,37,1.0,0.003419814438230387,0.1226839787727242,True,True,False,0.25,True,BNB-USD,crypto,0.1226839787727242
2023-09-28,Asset-Class Momentum Rotation,False,37,37,1.0,0.0034804144024979293,0.12258688500358196,True,True,False,0.25,True,BNB-USD,crypto,0.12258688500358196
2023-09-29,Asset-Class Momentum Rotation,False,37,37,1.0,0.003498120229050152,0.12281371930881274,True,True,False,0.25,True,BNB-USD,crypto,0.12281371930881274
2023-10-02,Asset-Class Momentum Rotation,False,37,37,1.0,0.0034914970480957592,0.12287678168398382,True,True,False,0.25,True,BNB-USD,crypto,0.12287678168398382
2023-10-03,Asset-Class Momentum Rotation,False,37,37,0.9999999999999999,0.0033937815145963666,0.12274276364193884,True,True,False,0.25,True,BNB-USD,crypto,0.12274276364193884
2023-10-04,Asset-Class Momentum Rotation,False,37,37,1.0000000000000002,0.003524467786067398,0.12243717903310658,True,True,False,0.25,True,BNB-USD,crypto,0.12243717903310658
2023-10-05,Asset-Class Momentum Rotation,False,37,37,1.0,0.0035815770824491272,0.12226897162482786,True,True,False,0.25,True,BNB-USD,crypto,0.12226897162482786
2023-10-06,Asset-Class Momentum Rotation,False,37,37,1.0000000000000002,0.003687684579543968,0.1214576616127255,True,True,False,0.25,True,BNB-USD,crypto,0.1214576616127255
2023-10-09,Asset-Class Momentum Rotation,False,37,37,0.9999999999999999,0.0035997296333744877,0.12165325345796266,True,True,False,0.25,True,BNB-USD,crypto,0.12165325345796266
2023-10-10,Asset-Class Momentum Rotation,False,37,37,1.0,0.0037343656441913625,0.12017576964933298,True,True,False,0.25,True,BTC-USD,crypto,0.12017576964933298
2023-10-11,Asset-Class Momentum Rotation,False,37,37,0.9999999999999998,0.0037219188200852383,0.12019934820347633,True,True,False,0.25,True,BNB-USD,crypto,0.12019934820347633
2023-10-12,Asset-Class Momentum Rotation,False,37,37,0.9999999999999998,0.003810281251192451,0.1193545580529062,True,True,False,0.25,True,BNB-USD,crypto,0.1193545580529062
2023-10-13,Asset-Class Momentum Rotation,False,37,37,1.0000000000000002,0.0037401329354390537,0.11966371988554726,True,True,False,0.25,True,BNB-USD,crypto,0.11966371988554726
2023-10-16,Asset-Class Momentum Rotation,False,37,37,1.0,0.0037963027649644014,0.1197948836986366,True,True,False,0.25,True,BNB-USD,crypto,0.1197948836986366
2023-10-17,Asset-Class Momentum Rotation,False,37,37,1.0,0.0036555954930729824,0.12245030550488316,True,True,False,0.25,True,BTC-USD,crypto,0.12245030550488316
2023-10-18,Asset-Class Momentum Rotation,False,37,37,0.9999999999999999,0.003637715133954126,0.12276110084999094,True,True,False,0.25,True,BTC-USD,crypto,0.12276110084999094
2023-10-19,Asset-Class Momentum Rotation,False,37,37,1.0000000000000002,0.003635012486959619,0.12337806089416617,True,True,False,0.25,True,BTC-USD,crypto,0.12337806089416617
2023-10-20,Asset-Class Momentum Rotation,False,37,37,1.0000000000000002,0.003554372972664419,0.12486455001557553,True,True,False,0.25,True,BTC-USD,crypto,0.12486455001557553
2023-10-23,Asset-Class Momentum Rotation,False,37,37,1.0000000000000002,0.0034820854435868675,0.1284319196878792,True,True,False,0.25,True,BTC-USD,crypto,0.1284319196878792
2023-10-24,Asset-Class Momentum Rotation,False,37,37,0.9999999999999999,0.0033481928105434772,0.13704616962816563,True,True,False,0.25,True,BTC-USD,crypto,0.13704616962816563
2023-10-25,Asset-Class Momentum Rotation,False,37,37,1.0000000000000002,0.0033989265466847804,0.13947873841235564,True,True,False,0.25,True,BTC-USD,crypto,0.13947873841235564
2023-10-26,Asset-Class Momentum Rotation,False,37,37,0.9999999999999999,0.0033994176196306836,0.14229849146040627,True,True,False,0.25,True,BTC-USD,crypto,0.14229849146040627
2023-10-27,Asset-Class Momentum Rotation,False,37,37,0.9999999999999998,0.003446173580494529,0.14065096020387652,True,True,False,0.25,True,BTC-USD,crypto,0.14065096020387652
2023-10-30,Asset-Class Momentum Rotation,False,37,37,1.0,0.003446015776691774,0.14022388825174922,True,True,False,0.25,True,BTC-USD,crypto,0.14022388825174922
2023-10-31,Asset-Class Momentum Rotation,False,37,37,1.0,0.0033562453919294233,0.1403698921819061,True,True,False,0.25,True,BTC-USD,crypto,0.1403698921819061
2023-11-01,Asset-Class Momentum Rotation,False,37,37,1.0,0.003354167088072628,0.1408561868999963,True,True,False,0.25,True,BTC-USD,crypto,0.1408561868999963
2023-11-02,Asset-Class Momentum Rotation,False,37,37,1.0,0.003381547925129072,0.14207741399813312,True,True,False,0.25,True,BTC-USD,crypto,0.14207741399813312
2023-11-03,Asset-Class Momentum Rotation,False,37,37,1.0,0.003424703370479314,0.13870237081366107,True,True,False,0.25,True,BTC-USD,crypto,0.13870237081366107
2023-11-06,Asset-Class Momentum Rotation,False,37,37,0.9999999999999999,0.0033953421038935396,0.13684752889169602,True,True,False,0.25,True,BTC-USD,crypto,0.13684752889169602
2023-11-07,Asset-Class Momentum Rotation,False,37,37,1.0000000000000002,0.003085196987890908,0.1335322708474648,True,True,False,0.25,True,BTC-USD,crypto,0.1335322708474648
2023-11-08,Asset-Class Momentum Rotation,False,37,37,1.0,0.0030226798018660093,0.1365476566768722,True,True,False,0.25,True,BTC-USD,crypto,0.1365476566768722
2023-11-09,Asset-Class Momentum Rotation,False,37,37,0.9999999999999998,0.002983082642276248,0.13701482704904616,True,True,False,0.25,True,BTC-USD,crypto,0.13701482704904616
2023-11-10,Asset-Class Momentum Rotation,False,37,37,1.0,0.0028419062897970583,0.13856750391624523,True,True,False,0.25,True,BTC-USD,crypto,0.13856750391624523
2023-11-13,Asset-Class Momentum Rotation,False,37,37,1.0,0.0028175224097270473,0.13992371470170423,True,True,False,0.25,True,BTC-USD,crypto,0.13992371470170423
2023-11-14,Asset-Class Momentum Rotation,False,37,37,1.0000000000000002,0.0030378627047270945,0.13901958295490174,True,True,False,0.25,True,BTC-USD,crypto,0.13901958295490174
2023-11-15,Asset-Class Momentum Rotation,False,37,37,0.9999999999999999,0.0029222724279716083,0.13543564480684114,True,True,False,0.25,True,BTC-USD,crypto,0.13543564480684114
2023-11-16,Asset-Class Momentum Rotation,False,37,37,1.0,0.0028875438710440396,0.1404745364275736,True,True,False,0.25,True,BTC-USD,crypto,0.1404745364275736
2023-11-17,Asset-Class Momentum Rotation,False,37,37,0.9999999999999999,0.0028710291574249895,0.1372840189864184,True,True,False,0.25,True,BTC-USD,crypto,0.1372840189864184
2023-11-20,Asset-Class Momentum Rotation,False,37,37,0.9999999999999998,0.002768117213477152,0.13854846369463308,True,True,False,0.25,True,BTC-USD,crypto,0.13854846369463308
2023-11-21,Asset-Class Momentum Rotation,False,37,37,1.0,0.002645987170619932,0.13947021093875508,True,True,False,0.25,True,BTC-USD,crypto,0.13947021093875508
2023-11-22,Asset-Class Momentum Rotation,False,37,37,0.9999999999999998,0.00269116213581207,0.13785779981648194,True,True,False,0.25,True,BTC-USD,crypto,0.13785779981648194
2023-11-23,Asset-Class Momentum Rotation,False,37,37,1.0000000000000002,0.0026569566780216946,0.14011559378466867,True,True,False,0.25,True,BTC-USD,crypto,0.14011559378466867
2023-11-24,Asset-Class Momentum Rotation,True,37,37,1.0,0.0029619244011056325,0.12522152947340864,True,True,True,0.25,True,BTC-USD,crypto,0.12522152947340864
2023-11-27,Asset-Class Momentum Rotation,False,37,37,0.9999999999999999,0.0029170233009347063,0.12623393603522215,True,True,False,0.25,True,BTC-USD,crypto,0.12623393603522215
2023-11-28,Asset-Class Momentum Rotation,False,37,37,1.0000000000000002,0.0029974027881391114,0.12600472513611116,True,True,False,0.25,True,BTC-USD,crypto,0.12600472513611116
2023-11-29,Asset-Class Momentum Rotation,False,37,37,0.9999999999999999,0.0029793123346241253,0.1269335234597755,True,True,False,0.25,True,BTC-USD,crypto,0.1269335234597755
2023-11-30,Asset-Class Momentum Rotation,False,37,37,1.0,0.003024466713293355,0.12734974765223553,True,True,False,0.25,True,BTC-USD,crypto,0.12734974765223553
2023-12-01,Asset-Class Momentum Rotation,False,37,37,0.9999999999999999,0.0029842187622663888,0.1266341115859551,True,True,False,0.25,True,BTC-USD,crypto,0.1266341115859551
2023-12-04,Asset-Class Momentum Rotation,False,37,37,1.0,0.0030021072801946947,0.1282741707590326,True,True,False,0.25,True,BTC-USD,crypto,0.1282741707590326
2023-12-05,Asset-Class Momentum Rotation,False,37,37,1.0,0.002918240366030729,0.13583896608665946,True,True,False,0.25,True,BTC-USD,crypto,0.13583896608665946
2023-12-06,Asset-Class Momentum Rotation,False,37,37,1.0000000000000002,0.002951462685740716,0.1412253587579362,True,True,False,0.25,True,BTC-USD,crypto,0.1412253587579362
2023-12-07,Asset-Class Momentum Rotation,False,37,37,1.0,0.002991167738454473,0.14039974463976418,True,True,False,0.25,True,BTC-USD,crypto,0.14039974463976418
2023-12-08,Asset-Class Momentum Rotation,False,37,37,0.9999999999999998,0.0029451548691586896,0.13737352446385853,True,True,False,0.25,True,BTC-USD,crypto,0.13737352446385853
2023-12-11,Asset-Class Momentum Rotation,False,37,37,0.9999999999999998,0.00285226335722119,0.13684619490575212,True,True,False,0.25,True,BTC-USD,crypto,0.13684619490575212
2023-12-12,Asset-Class Momentum Rotation,False,37,37,0.9999999999999999,0.002783224517642884,0.12956731887880682,True,True,False,0.25,True,BTC-USD,crypto,0.12956731887880682
2023-12-13,Asset-Class Momentum Rotation,False,37,37,1.0,0.0025939974528793983,0.129149066789501,True,True,False,0.25,True,BTC-USD,crypto,0.129149066789501
2023-12-14,Asset-Class Momentum Rotation,False,37,37,1.0,0.00255667268766826,0.12942380478308665,True,True,False,0.25,True,BTC-USD,crypto,0.12942380478308665
2023-12-15,Asset-Class Momentum Rotation,False,37,37,1.0,0.002633004227795025,0.12920769649857328,True,True,False,0.25,True,BTC-USD,crypto,0.12920769649857328
2023-12-18,Asset-Class Momentum Rotation,False,37,37,1.0,0.0027347890517018894,0.12889389714399488,True,True,False,0.25,True,BTC-USD,crypto,0.12889389714399488
2023-12-19,Asset-Class Momentum Rotation,False,37,37,1.0,0.0027659076269883247,0.1308915539058123,True,True,False,0.25,True,BTC-USD,crypto,0.1308915539058123
2023-12-20,Asset-Class Momentum Rotation,False,37,37,1.0,0.0027711615397713898,0.1297886492441766,True,True,False,0.25,True,BTC-USD,crypto,0.1297886492441766
2023-12-21,Asset-Class Momentum Rotation,False,37,37,0.9999999999999998,0.0026439420465098444,0.13331960467903686,True,True,False,0.25,True,BTC-USD,crypto,0.13331960467903686
2023-12-22,Asset-Class Momentum Rotation,False,37,37,1.0000000000000002,0.002749217635137047,0.13122033148856946,True,True,False,0.25,True,BTC-USD,crypto,0.13122033148856946
2023-12-25,Asset-Class Momentum Rotation,False,37,37,1.0,0.002766299022196062,0.13110940720688635,True,True,False,0.25,True,BTC-USD,crypto,0.13110940720688635
2023-12-26,Asset-Class Momentum Rotation,False,37,37,1.0000000000000002,0.002777523515789737,0.13049019059415132,True,True,False,0.25,True,BTC-USD,crypto,0.13049019059415132
2023-12-27,Asset-Class Momentum Rotation,False,37,37,1.0000000000000002,0.0027035683425234124,0.12659632711840513,True,True,False,0.25,True,BTC-USD,crypto,0.12659632711840513
2023-12-28,Asset-Class Momentum Rotation,False,37,37,1.0000000000000002,0.002641439551141975,0.12818720047441573,True,True,False,0.25,True,BNB-USD,crypto,0.12818720047441573
2023-12-29,Asset-Class Momentum Rotation,False,37,37,1.0,0.002760787322427385,0.12899530073688437,True,True,False,0.25,True,BNB-USD,crypto,0.12899530073688437
2024-01-01,Asset-Class Momentum Rotation,False,37,37,1.0,0.0027546231091137023,0.1265648204887122,True,True,False,0.25,True,BNB-USD,crypto,0.1265648204887122
2024-01-02,Asset-Class Momentum Rotation,False,37,37,0.9999999999999998,0.002722473371449917,0.12876271488257654,True,True,False,0.25,True,BTC-USD,crypto,0.12876271488257654
2024-01-03,Asset-Class Momentum Rotation,False,37,37,1.0,0.0027936699226990967,0.1313855800818571,True,True,False,0.25,True,BTC-USD,crypto,0.1313855800818571
2024-01-04,Asset-Class Momentum Rotation,False,37,37,0.9999999999999999,0.002892451910427929,0.12983364250247972,True,True,False,0.25,True,BNB-USD,crypto,0.12983364250247972
2024-01-05,Asset-Class Momentum Rotation,False,37,37,1.0000000000000002,0.0028154259492877685,0.131137895032529,True,True,False,0.25,True,BNB-USD,crypto,0.131137895032529
2024-01-08,Asset-Class Momentum Rotation,False,37,37,0.9999999999999997,0.0028116078986858565,0.13200691519276864,True,True,False,0.25,True,BTC-USD,crypto,0.13200691519276864
2024-01-09,Asset-Class Momentum Rotation,False,37,37,0.9999999999999998,0.0028135309685431028,0.13912324306267523,True,True,False,0.25,True,BTC-USD,crypto,0.13912324306267523
2024-01-10,Asset-Class Momentum Rotation,False,37,37,0.9999999999999999,0.0028273341103174153,0.13821425339748247,True,True,False,0.25,True,BTC-USD,crypto,0.13821425339748247
2024-01-11,Asset-Class Momentum Rotation,False,37,37,1.0,0.0027395220061200514,0.13597138367676148,True,True,False,0.25,True,BTC-USD,crypto,0.13597138367676148
2024-01-12,Asset-Class Momentum Rotation,False,37,37,1.0,0.0027417244372266447,0.13456868923645546,True,True,False,0.25,True,BTC-USD,crypto,0.13456868923645546
2024-01-15,Asset-Class Momentum Rotation,False,37,37,0.9999999999999998,0.0028094650081664668,0.12768997957861455,True,True,False,0.25,True,BTC-USD,crypto,0.12768997957861455
2024-01-16,Asset-Class Momentum Rotation,False,37,37,1.0000000000000004,0.002798867985179647,0.1288641097121894,True,True,False,0.25,True,BNB-USD,crypto,0.1288641097121894
2024-01-17,Asset-Class Momentum Rotation,False,37,37,0.9999999999999999,0.002746801727697059,0.1279751094232892,True,True,False,0.25,True,BTC-USD,crypto,0.1279751094232892
2024-01-18,Asset-Class Momentum Rotation,False,37,37,1.0,0.002777878466608133,0.12838966720413295,True,True,False,0.25,True,BTC-USD,crypto,0.12838966720413295
2024-01-19,Asset-Class Momentum Rotation,False,37,37,1.0,0.002779387228341689,0.12991945144090808,True,True,False,0.25,True,BNB-USD,crypto,0.12991945144090808
2024-01-22,Asset-Class Momentum Rotation,False,37,37,1.0000000000000004,0.0027746624384978567,0.12970090262312564,True,True,False,0.25,True,BNB-USD,crypto,0.12970090262312564
2024-01-23,Asset-Class Momentum Rotation,False,37,37,0.9999999999999999,0.0028033405983165643,0.12916037423282944,True,True,False,0.25,True,BNB-USD,crypto,0.12916037423282944
2024-01-24,Asset-Class Momentum Rotation,False,37,37,0.9999999999999999,0.0028546692777851306,0.12694803710146643,True,True,False,0.25,True,BNB-USD,crypto,0.12694803710146643
2024-01-25,Asset-Class Momentum Rotation,False,37,37,1.0000000000000002,0.0028457379807832776,0.12506739166785125,True,True,False,0.25,True,BTC-USD,crypto,0.12506739166785125
2024-01-26,Asset-Class Momentum Rotation,False,37,37,0.9999999999999999,0.002867803826355049,0.12477135819743021,True,True,False,0.25,True,BTC-USD,crypto,0.12477135819743021
2024-01-29,Asset-Class Momentum Rotation,False,37,37,1.0,0.0028111937473887256,0.1283215732650059,True,True,False,0.25,True,BTC-USD,crypto,0.1283215732650059
2024-01-30,Asset-Class Momentum Rotation,False,37,37,1.0000000000000002,0.002647995998311036,0.13012646950461726,True,True,False,0.25,True,BTC-USD,crypto,0.13012646950461726
2024-01-31,Asset-Class Momentum Rotation,False,37,37,1.0000000000000002,0.0026969664015548903,0.12967511766079082,True,True,False,0.25,True,BTC-USD,crypto,0.12967511766079082
2024-02-01,Asset-Class Momentum Rotation,False,37,37,1.0000000000000002,0.0027670302617877627,0.130352433177958,True,True,False,0.25,True,BTC-USD,crypto,0.130352433177958
2024-02-02,Asset-Class Momentum Rotation,False,37,37,0.9999999999999999,0.0026410929047311965,0.13065273964157947,True,True,False,0.25,True,BTC-USD,crypto,0.13065273964157947
2024-02-05,Asset-Class Momentum Rotation,False,37,37,0.9999999999999999,0.0027029281693550147,0.13093748280459044,True,True,False,0.25,True,BTC-USD,crypto,0.13093748280459044
2024-02-06,Asset-Class Momentum Rotation,False,37,37,1.0,0.002713947234940495,0.13060843929116056,True,True,False,0.25,True,BTC-USD,crypto,0.13060843929116056
2024-02-07,Asset-Class Momentum Rotation,False,37,37,1.0,0.0025869925354555343,0.1305574015187771,True,True,False,0.25,True,BTC-USD,crypto,0.1305574015187771
2024-02-08,Asset-Class Momentum Rotation,False,37,37,1.0,0.002519568028106829,0.13294649096332545,True,True,False,0.25,True,BTC-USD,crypto,0.13294649096332545
2024-02-09,Asset-Class Momentum Rotation,False,37,37,1.0000000000000002,0.0023767881799853963,0.13422976475182413,True,True,False,0.25,True,BTC-USD,crypto,0.13422976475182413
2024-02-12,Asset-Class Momentum Rotation,False,37,37,1.0,0.0023084829535858684,0.1378198393716096,True,True,False,0.25,True,BTC-USD,crypto,0.1378198393716096
2024-02-13,Asset-Class Momentum Rotation,False,37,37,1.0,0.0021278603300091594,0.14276881635145888,True,True,False,0.25,True,BTC-USD,crypto,0.14276881635145888
2024-02-14,Asset-Class Momentum Rotation,False,37,37,1.0,0.0020672751795700367,0.14388878363550234,True,True,False,0.25,True,BTC-USD,crypto,0.14388878363550234
2024-02-15,Asset-Class Momentum Rotation,False,37,37,0.9999999999999999,0.0019332737358488405,0.14613203899247343,True,True,False,0.25,True,BTC-USD,crypto,0.14613203899247343
2024-02-16,Asset-Class Momentum Rotation,False,37,37,1.0,0.0018813739833877796,0.1432858179013539,True,True,False,0.25,True,BTC-USD,crypto,0.1432858179013539
2024-02-19,Asset-Class Momentum Rotation,False,37,37,1.0,0.0019040267713011099,0.1438811769848848,True,True,False,0.25,True,BTC-USD,crypto,0.1438811769848848
2024-02-20,Asset-Class Momentum Rotation,False,37,37,1.0000000000000002,0.0018906200126759143,0.14182434256829973,True,True,False,0.25,True,BTC-USD,crypto,0.14182434256829973
2024-02-21,Asset-Class Momentum Rotation,True,37,37,1.0,0.0029403484749809883,0.10491512168943364,True,True,True,0.25,True,BTC-USD,crypto,0.10491512168943364
2024-02-22,Asset-Class Momentum Rotation,False,37,37,1.0000000000000002,0.0029146027298825174,0.10812536697695133,True,True,False,0.25,True,BNB-USD,crypto,0.10812536697695133
2024-02-23,Asset-Class Momentum Rotation,False,37,37,0.9999999999999999,0.0029262855772689074,0.10902240538998,True,True,False,0.25,True,BNB-USD,crypto,0.10902240538998
2024-02-26,Asset-Class Momentum Rotation,False,37,37,1.0,0.002981480068717714,0.10769162648028587,True,True,False,0.25,True,BNB-USD,crypto,0.10769162648028587
2024-02-27,Asset-Class Momentum Rotation,False,37,37,1.0,0.002891359619911172,0.11209599238958101,True,True,False,0.25,True,BNB-USD,crypto,0.11209599238958101
2024-02-28,Asset-Class Momentum Rotation,False,37,37,0.9999999999999999,0.0028352721761777206,0.1103473722310497,True,True,False,0.25,True,BTC-USD,crypto,0.1103473722310497
2024-02-29,Asset-Class Momentum Rotation,False,37,37,0.9999999999999999,0.002800095999229071,0.11857145118685537,True,True,False,0.25,True,BTC-USD,crypto,0.11857145118685537
2024-03-01,Asset-Class Momentum Rotation,False,37,37,0.9999999999999999,0.0028269804279940428,0.11638643791018898,True,True,False,0.25,True,BTC-USD,crypto,0.11638643791018898
2024-03-04,Asset-Class Momentum Rotation,False,37,37,1.0,0.002788057175928991,0.11638874744843043,True,True,False,0.25,True,BTC-USD,crypto,0.11638874744843043
2024-03-05,Asset-Class Momentum Rotation,False,37,37,1.0,0.0026862001412589942,0.12320969880966581,True,True,False,0.25,True,BTC-USD,crypto,0.12320969880966581
2024-03-06,Asset-Class Momentum Rotation,False,37,37,1.0000000000000002,0.0028251044238773986,0.11929284721160154,True,True,False,0.25,True,BTC-USD,crypto,0.11929284721160154
2024-03-07,Asset-Class Momentum Rotation,False,37,37,0.9999999999999998,0.002753728038514099,0.11977804225323682,True,True,False,0.25,True,BTC-USD,crypto,0.11977804225323682
2024-03-08,Asset-Class Momentum Rotation,False,37,37,0.9999999999999999,0.0026940060951500906,0.12024110042849558,True,True,False,0.25,True,BNB-USD,crypto,0.12024110042849558
2024-03-11,Asset-Class Momentum Rotation,False,37,37,0.9999999999999999,0.002681027609945924,0.12310356788812644,True,True,False,0.25,True,BNB-USD,crypto,0.12310356788812644
2024-03-12,Asset-Class Momentum Rotation,False,37,37,1.0000000000000004,0.002576207878613632,0.12674795765416197,True,True,False,0.25,True,BNB-USD,crypto,0.12674795765416197
2024-03-13,Asset-Class Momentum Rotation,False,37,37,0.9999999999999997,0.0025690889197450256,0.1311572004522261,True,True,False,0.25,True,BNB-USD,crypto,0.1311572004522261
2024-03-14,Asset-Class Momentum Rotation,False,37,37,0.9999999999999999,0.0024851413777731046,0.1494611408482485,True,True,False,0.25,True,BNB-USD,crypto,0.1494611408482485
2024-03-15,Asset-Class Momentum Rotation,False,37,37,1.0,0.002494330687808414,0.14569149502271928,True,True,False,0.25,True,BNB-USD,crypto,0.14569149502271928
2024-03-18,Asset-Class Momentum Rotation,False,37,37,1.0000000000000002,0.002513070157993753,0.15409343377839155,True,True,False,0.25,True,BNB-USD,crypto,0.15409343377839155
2024-03-19,Asset-Class Momentum Rotation,False,37,37,1.0,0.002586317477203759,0.13939572294310099,True,True,False,0.25,True,BNB-USD,crypto,0.13939572294310099
2024-03-20,Asset-Class Momentum Rotation,False,37,37,0.9999999999999999,0.0027224424173760086,0.133794086976143,True,True,False,0.25,True,BNB-USD,crypto,0.133794086976143
2024-03-21,Asset-Class Momentum Rotation,False,37,37,1.0,0.00259745256790631,0.14018902340538558,True,True,False,0.25,True,BNB-USD,crypto,0.14018902340538558
2024-03-22,Asset-Class Momentum Rotation,False,37,37,1.0,0.0026059695717394805,0.1394761841767004,True,True,False,0.25,True,BNB-USD,crypto,0.1394761841767004
2024-03-25,Asset-Class Momentum Rotation,False,37,37,1.0,0.002674180337872766,0.14139492061346853,True,True,False,0.25,True,BNB-USD,crypto,0.14139492061346853
2024-03-26,Asset-Class Momentum Rotation,False,37,37,0.9999999999999999,0.002567255148478061,0.1452375937117077,True,True,False,0.25,True,BNB-USD,crypto,0.1452375937117077
2024-03-27,Asset-Class Momentum Rotation,False,37,37,1.0000000000000002,0.0025821362640235297,0.143869805189432,True,True,False,0.25,True,BNB-USD,crypto,0.143869805189432
2024-03-28,Asset-Class Momentum Rotation,False,37,37,0.9999999999999998,0.00261922628060866,0.14309868230601852,True,True,False,0.25,True,BNB-USD,crypto,0.14309868230601852
2024-03-29,Asset-Class Momentum Rotation,False,37,37,1.0000000000000002,0.002591891740282098,0.14388580581981006,True,True,False,0.25,True,BNB-USD,crypto,0.14388580581981006
2024-04-01,Asset-Class Momentum Rotation,False,37,37,0.9999999999999999,0.0025747203911690446,0.15013396617160218,True,True,False,0.25,True,BNB-USD,crypto,0.15013396617160218
2024-04-02,Asset-Class Momentum Rotation,False,37,37,1.0,0.002572977458222242,0.1438336003330929,True,True,False,0.25,True,BNB-USD,crypto,0.1438336003330929
2024-04-03,Asset-Class Momentum Rotation,False,37,37,1.0,0.002636424442329624,0.14158542987174766,True,True,False,0.25,True,BNB-USD,crypto,0.14158542987174766
2024-04-04,Asset-Class Momentum Rotation,False,37,37,1.0,0.0026271815613032657,0.1440252890325566,True,True,False,0.25,True,BNB-USD,crypto,0.1440252890325566
2024-04-05,Asset-Class Momentum Rotation,False,37,37,0.9999999999999999,0.002614689093187297,0.14825075949064637,True,True,False,0.25,True,BNB-USD,crypto,0.14825075949064637
2024-04-08,Asset-Class Momentum Rotation,False,37,37,1.0000000000000002,0.002583350762897501,0.146898649756689,True,True,False,0.25,True,BNB-USD,crypto,0.146898649756689
2024-04-09,Asset-Class Momentum Rotation,False,37,37,1.0000000000000002,0.00250982022777844,0.14468906865341977,True,True,False,0.25,True,BNB-USD,crypto,0.14468906865341977
2024-04-10,Asset-Class Momentum Rotation,False,37,37,1.0,0.0025629320194545564,0.14487505676889167,True,True,False,0.25,True,BNB-USD,crypto,0.14487505676889167
2024-04-11,Asset-Class Momentum Rotation,False,37,37,0.9999999999999998,0.002496046695937195,0.15150214469279205,True,True,False,0.25,True,BNB-USD,crypto,0.15150214469279205
2024-04-12,Asset-Class Momentum Rotation,False,37,37,1.0,0.0024936413108188255,0.15075363113418688,True,True,False,0.25,True,BNB-USD,crypto,0.15075363113418688
2024-04-15,Asset-Class Momentum Rotation,False,37,37,1.0,0.002602032336835061,0.15426789937084784,True,True,False,0.25,True,BNB-USD,crypto,0.15426789937084784
2024-04-16,Asset-Class Momentum Rotation,False,37,37,0.9999999999999997,0.0026595797948031825,0.14847938360632965,True,True,False,0.25,True,BNB-USD,crypto,0.14847938360632965
2024-04-17,Asset-Class Momentum Rotation,False,37,37,0.9999999999999998,0.0026627332758897048,0.14557635338544314,True,True,False,0.25,True,BNB-USD,crypto,0.14557635338544314
2024-04-18,Asset-Class Momentum Rotation,False,37,37,0.9999999999999999,0.0027216336367999003,0.14622927683971276,True,True,False,0.25,True,BNB-USD,crypto,0.14622927683971276
2024-04-19,Asset-Class Momentum Rotation,False,37,37,1.0000000000000002,0.0026681059418023987,0.1488666029686375,True,True,False,0.25,True,BNB-USD,crypto,0.1488666029686375
2024-04-22,Asset-Class Momentum Rotation,False,37,37,1.0,0.002666624681664347,0.14897944455040835,True,True,False,0.25,True,BNB-USD,crypto,0.14897944455040835
2024-04-23,Asset-Class Momentum Rotation,False,37,37,0.9999999999999999,0.0025618134934920793,0.15646068568524613,True,True,False,0.25,True,BNB-USD,crypto,0.15646068568524613
2024-04-24,Asset-Class Momentum Rotation,False,37,37,0.9999999999999999,0.002564572261876018,0.15690346927200147,True,True,False,0.25,True,BNB-USD,crypto,0.15690346927200147
2024-04-25,Asset-Class Momentum Rotation,False,37,37,1.0000000000000002,0.0025743486306226246,0.15894964039164197,True,True,False,0.25,True,BNB-USD,crypto,0.15894964039164197
2024-04-26,Asset-Class Momentum Rotation,False,37,37,0.9999999999999998,0.0025531963310077795,0.1603023488419923,True,True,False,0.25,True,BNB-USD,crypto,0.1603023488419923
2024-04-29,Asset-Class Momentum Rotation,False,37,37,0.9999999999999999,0.0025821760546003497,0.1569953785210483,True,True,False,0.25,True,BNB-USD,crypto,0.1569953785210483
2024-04-30,Asset-Class Momentum Rotation,False,37,37,1.0,0.002598507670831029,0.15539678633963486,True,True,False,0.25,True,BNB-USD,crypto,0.15539678633963486
2024-05-01,Asset-Class Momentum Rotation,False,37,37,1.0000000000000002,0.0026461272176471714,0.15574616388428517,True,True,False,0.25,True,BNB-USD,crypto,0.15574616388428517
2024-05-02,Asset-Class Momentum Rotation,False,37,37,0.9999999999999999,0.002685358985532175,0.15226638845704044,True,True,False,0.25,True,BNB-USD,crypto,0.15226638845704044
2024-05-03,Asset-Class Momentum Rotation,False,37,37,0.9999999999999999,0.002677665282871402,0.15094404434088776,True,True,False,0.25,True,BNB-USD,crypto,0.15094404434088776
2024-05-06,Asset-Class Momentum Rotation,False,37,37,0.9999999999999999,0.00264068030061143,0.1543307400131379,True,True,False,0.25,True,BNB-USD,crypto,0.1543307400131379
2024-05-07,Asset-Class Momentum Rotation,False,37,37,0.9999999999999998,0.0026447018952599497,0.15435032072958438,True,True,False,0.25,True,BNB-USD,crypto,0.15435032072958438
2024-05-08,Asset-Class Momentum Rotation,False,37,37,1.0000000000000002,0.0026819764946376936,0.15267160247597847,True,True,False,0.25,True,BNB-USD,crypto,0.15267160247597847
2024-05-09,Asset-Class Momentum Rotation,False,37,37,0.9999999999999999,0.002669513373402494,0.15572463688469856,True,True,False,0.25,True,BNB-USD,crypto,0.15572463688469856
2024-05-10,Asset-Class Momentum Rotation,False,37,37,1.0,0.00264604025770134,0.15565194936445365,True,True,False,0.25,True,BNB-USD,crypto,0.15565194936445365
2024-05-13,Asset-Class Momentum Rotation,False,37,37,1.0,0.0026702383424916706,0.15520538527499944,True,True,False,0.25,True,BNB-USD,crypto,0.15520538527499944
2024-05-14,Asset-Class Momentum Rotation,False,37,37,1.0,0.002662337166150878,0.1559296280516955,True,True,False,0.25,True,BNB-USD,crypto,0.1559296280516955
2024-05-15,Asset-Class Momentum Rotation,False,37,37,1.0,0.002705990448876143,0.1509637565379992,True,True,False,0.25,True,BNB-USD,crypto,0.1509637565379992
2024-05-16,Asset-Class Momentum Rotation,False,37,37,1.0,0.0026669768880931803,0.15076430349765724,True,True,False,0.25,True,BNB-USD,crypto,0.15076430349765724
2024-05-17,Asset-Class Momentum Rotation,False,37,37,1.0,0.0026864141367090857,0.14864690757989477,True,True,False,0.25,True,BNB-USD,crypto,0.14864690757989477
2024-05-20,Asset-Class Momentum Rotation,True,37,37,1.0,0.0032832422106164917,0.1027582376158564,True,True,True,0.25,True,XRP-USD,crypto,0.1027582376158564
2024-05-21,Asset-Class Momentum Rotation,False,37,37,1.0,0.003168823299452024,0.11156857900613518,True,True,False,0.25,True,ETH-USD,crypto,0.11156857900613518
2024-05-22,Asset-Class Momentum Rotation,False,37,37,1.0,0.003173082064255634,0.11495103517530439,True,True,False,0.25,True,ETH-USD,crypto,0.11495103517530439
2024-05-23,Asset-Class Momentum Rotation,False,37,37,0.9999999999999998,0.003220990020946937,0.11494435408588768,True,True,False,0.25,True,ETH-USD,crypto,0.11494435408588768
2024-05-24,Asset-Class Momentum Rotation,False,37,37,0.9999999999999999,0.0032333415546885167,0.117366282215415,True,True,False,0.25,True,ETH-USD,crypto,0.117366282215415
2024-05-27,Asset-Class Momentum Rotation,False,37,37,1.0000000000000002,0.003238317950406331,0.11564832578529363,True,True,False,0.25,True,ETH-USD,crypto,0.11564832578529363
2024-05-28,Asset-Class Momentum Rotation,False,37,37,0.9999999999999998,0.003213168126457701,0.1198326432520115,True,True,False,0.25,True,ETH-USD,crypto,0.1198326432520115
2024-05-29,Asset-Class Momentum Rotation,False,37,37,1.0,0.0031701459026844724,0.11835280891797931,True,True,False,0.25,True,ETH-USD,crypto,0.11835280891797931
2024-05-30,Asset-Class Momentum Rotation,False,37,37,1.0,0.003168556862782258,0.1173397762910723,True,True,False,0.25,True,ETH-USD,crypto,0.1173397762910723
2024-05-31,Asset-Class Momentum Rotation,False,37,37,0.9999999999999999,0.0032081504074167383,0.11715761228312825,True,True,False,0.25,True,ETH-USD,crypto,0.11715761228312825
2024-06-03,Asset-Class Momentum Rotation,False,37,37,0.9999999999999998,0.003232394948354848,0.11765924409764564,True,True,False,0.25,True,ETH-USD,crypto,0.11765924409764564
2024-06-04,Asset-Class Momentum Rotation,False,37,37,1.0,0.0032515697952832426,0.11667038996400053,True,True,False,0.25,True,ETH-USD,crypto,0.11667038996400053
2024-06-05,Asset-Class Momentum Rotation,False,37,37,1.0,0.003256575129471137,0.11691529899268296,True,True,False,0.25,True,ETH-USD,crypto,0.11691529899268296
2024-06-06,Asset-Class Momentum Rotation,False,37,37,1.0000000000000002,0.003252274528139084,0.11748356758846173,True,True,False,0.25,True,ETH-USD,crypto,0.11748356758846173
2024-06-07,Asset-Class Momentum Rotation,False,37,37,1.0,0.0032402033734184772,0.11562606297581304,True,True,False,0.25,True,ETH-USD,crypto,0.11562606297581304
2024-06-10,Asset-Class Momentum Rotation,False,37,37,1.0,0.0032609012203481226,0.11440377438143182,True,True,False,0.25,True,ETH-USD,crypto,0.11440377438143182
2024-06-11,Asset-Class Momentum Rotation,False,37,37,0.9999999999999999,0.0032665486917670063,0.11499748811589075,True,True,False,0.25,True,ETH-USD,crypto,0.11499748811589075
2024-06-12,Asset-Class Momentum Rotation,False,37,37,1.0,0.0033622829076261724,0.11177594911254292,True,True,False,0.25,True,ETH-USD,crypto,0.11177594911254292
2024-06-13,Asset-Class Momentum Rotation,False,37,37,1.0,0.003341877204474035,0.11220083181895306,True,True,False,0.25,True,ETH-USD,crypto,0.11220083181895306
2024-06-14,Asset-Class Momentum Rotation,False,37,37,1.0000000000000002,0.0034475736120535092,0.11117773593279,True,True,False,0.25,True,ETH-USD,crypto,0.11117773593279
2024-06-17,Asset-Class Momentum Rotation,False,37,37,1.0000000000000002,0.0034813181551842636,0.11168179675120761,True,True,False,0.25,True,ETH-USD,crypto,0.11168179675120761
2024-06-18,Asset-Class Momentum Rotation,False,37,37,1.0,0.00342609662100924,0.11200474330992162,True,True,False,0.25,True,ETH-USD,crypto,0.11200474330992162
2024-06-19,Asset-Class Momentum Rotation,False,37,37,1.0,0.003486596734050313,0.11205538179968909,True,True,False,0.25,True,ETH-USD,crypto,0.11205538179968909
2024-06-20,Asset-Class Momentum Rotation,False,37,37,0.9999999999999999,0.003471822926214414,0.1140041124052896,True,True,False,0.25,True,ETH-USD,crypto,0.1140041124052896
2024-06-21,Asset-Class Momentum Rotation,False,37,37,1.0000000000000002,0.003460177872314765,0.11283267437783735,True,True,False,0.25,True,ETH-USD,crypto,0.11283267437783735
2024-06-24,Asset-Class Momentum Rotation,False,37,37,0.9999999999999997,0.003482926534644837,0.11373585741367376,True,True,False,0.25,True,ETH-USD,crypto,0.11373585741367376
2024-06-25,Asset-Class Momentum Rotation,False,37,37,1.0000000000000002,0.0035494608322261486,0.10999739699882215,True,True,False,0.25,True,ETH-USD,crypto,0.10999739699882215
2024-06-26,Asset-Class Momentum Rotation,False,37,37,1.0000000000000002,0.003541176196486681,0.1110189189387611,True,True,False,0.25,True,ETH-USD,crypto,0.1110189189387611
2024-06-27,Asset-Class Momentum Rotation,False,37,37,1.0,0.003515548838904104,0.11097127581689022,True,True,False,0.25,True,ETH-USD,crypto,0.11097127581689022
2024-06-28,Asset-Class Momentum Rotation,False,37,37,1.0000000000000002,0.00350485722771014,0.11265948863117124,True,True,False,0.25,True,ETH-USD,crypto,0.11265948863117124
2024-07-01,Asset-Class Momentum Rotation,False,37,37,1.0000000000000004,0.0034655260426309717,0.11116222681448473,True,True,False,0.25,True,ETH-USD,crypto,0.11116222681448473
2024-07-02,Asset-Class Momentum Rotation,False,37,37,1.0,0.0033678623800559295,0.11210024385980083,True,True,False,0.25,True,ETH-USD,crypto,0.11210024385980083
2024-07-03,Asset-Class Momentum Rotation,False,37,37,0.9999999999999999,0.003378687505818189,0.11081371092821757,True,True,False,0.25,True,ETH-USD,crypto,0.11081371092821757
2024-07-04,Asset-Class Momentum Rotation,False,37,37,0.9999999999999999,0.0034632130780673643,0.10806271272015873,True,True,False,0.25,True,ETH-USD,crypto,0.10806271272015873
2024-07-05,Asset-Class Momentum Rotation,False,37,37,0.9999999999999998,0.0035836948089395474,0.10372660723618743,True,True,False,0.25,True,ETH-USD,crypto,0.10372660723618743
2024-07-08,Asset-Class Momentum Rotation,False,37,37,1.0000000000000002,0.0036317579225181237,0.1017656922545101,True,True,False,0.25,True,ETH-USD,crypto,0.1017656922545101
2024-07-09,Asset-Class Momentum Rotation,False,37,37,1.0,0.003623299599379706,0.10257147845348918,True,True,False,0.25,True,ETH-USD,crypto,0.10257147845348918
2024-07-10,Asset-Class Momentum Rotation,False,37,37,0.9999999999999999,0.003585382941865252,0.10347863936997583,True,True,False,0.25,True,ETH-USD,crypto,0.10347863936997583
2024-07-11,Asset-Class Momentum Rotation,False,37,37,1.0,0.003570448827285502,0.10400525712474029,True,True,False,0.25,True,ETH-USD,crypto,0.10400525712474029
2024-07-12,Asset-Class Momentum Rotation,False,37,37,0.9999999999999999,0.0035783509687250946,0.10316971066666998,True,True,False,0.25,True,ETH-USD,crypto,0.10316971066666998
2024-07-15,Asset-Class Momentum Rotation,False,37,37,1.0000000000000002,0.003546025368445139,0.10291314719407099,True,True,False,0.25,True,ETH-USD,crypto,0.10291314719407099
2024-07-16,Asset-Class Momentum Rotation,False,37,37,0.9999999999999998,0.0033490850285906675,0.10947774585077477,True,True,False,0.25,True,ETH-USD,crypto,0.10947774585077477
2024-07-17,Asset-Class Momentum Rotation,False,37,37,1.0000000000000002,0.003372770415250385,0.11256872819705255,True,True,False,0.25,True,XRP-USD,crypto,0.11256872819705255
2024-07-18,Asset-Class Momentum Rotation,False,37,37,0.9999999999999999,0.0033657607187138018,0.12144312077831433,True,True,False,0.25,True,XRP-USD,crypto,0.12144312077831433
2024-07-19,Asset-Class Momentum Rotation,False,37,37,0.9999999999999998,0.003395533842396886,0.11224551904469429,True,True,False,0.25,True,XRP-USD,crypto,0.11224551904469429
2024-07-22,Asset-Class Momentum Rotation,False,37,37,1.0,0.0033469520266989207,0.11211083723912137,True,True,False,0.25,True,XRP-USD,crypto,0.11211083723912137
2024-07-23,Asset-Class Momentum Rotation,False,37,37,1.0,0.0033187075027861107,0.11807305854742288,True,True,False,0.25,True,XRP-USD,crypto,0.11807305854742288
2024-07-24,Asset-Class Momentum Rotation,False,37,37,1.0,0.003342258693049333,0.11708307724965826,True,True,False,0.25,True,XRP-USD,crypto,0.11708307724965826
2024-07-25,Asset-Class Momentum Rotation,False,37,37,0.9999999999999997,0.003330325411207572,0.12216145928919908,True,True,False,0.25,True,XRP-USD,crypto,0.12216145928919908
2024-07-26,Asset-Class Momentum Rotation,False,37,37,1.0,0.003404014509659648,0.12004168958946644,True,True,False,0.25,True,XRP-USD,crypto,0.12004168958946644
2024-07-29,Asset-Class Momentum Rotation,False,37,37,0.9999999999999998,0.0033785274199652575,0.11905842226747117,True,True,False,0.25,True,XRP-USD,crypto,0.11905842226747117
2024-07-30,Asset-Class Momentum Rotation,False,37,37,1.0,0.00341136709533256,0.11918039873644996,True,True,False,0.25,True,XRP-USD,crypto,0.11918039873644996
2024-07-31,Asset-Class Momentum Rotation,False,37,37,1.0,0.0034020290229963787,0.12346995514133326,True,True,False,0.25,True,XRP-USD,crypto,0.12346995514133326
2024-08-01,Asset-Class Momentum Rotation,False,37,37,1.0,0.003445118162603896,0.12299150817433235,True,True,False,0.25,True,XRP-USD,crypto,0.12299150817433235
2024-08-02,Asset-Class Momentum Rotation,False,37,37,1.0000000000000002,0.0035124884101346366,0.11884979671971639,True,True,False,0.25,True,XRP-USD,crypto,0.11884979671971639
2024-08-05,Asset-Class Momentum Rotation,False,37,37,1.0,0.003742819656454705,0.11546674690196923,True,True,False,0.25,True,XRP-USD,crypto,0.11546674690196923
2024-08-06,Asset-Class Momentum Rotation,False,37,37,0.9999999999999999,0.00407230055123304,0.109079521897754,True,True,False,0.25,True,XRP-USD,crypto,0.109079521897754
2024-08-07,Asset-Class Momentum Rotation,False,37,37,1.0000000000000002,0.003915831660280872,0.11084599405040767,True,True,False,0.25,True,XRP-USD,crypto,0.11084599405040767
2024-08-08,Asset-Class Momentum Rotation,False,37,37,0.9999999999999999,0.0038389377972374047,0.13002356207110619,True,True,False,0.25,True,XRP-USD,crypto,0.13002356207110619
2024-08-09,Asset-Class Momentum Rotation,False,37,37,1.0000000000000002,0.0036502748445123028,0.1278705095464999,True,True,False,0.25,True,XRP-USD,crypto,0.1278705095464999
2024-08-12,Asset-Class Momentum Rotation,False,37,37,1.0,0.00372845001384411,0.12170561369584669,True,True,False,0.25,True,XRP-USD,crypto,0.12170561369584669
2024-08-13,Asset-Class Momentum Rotation,False,37,37,1.0,0.0037323034226751637,0.11880310953323887,True,True,False,0.25,True,XRP-USD,crypto,0.11880310953323887
2024-08-14,Asset-Class Momentum Rotation,False,37,37,1.0,0.003738513801167472,0.11976676227953607,True,True,False,0.25,True,XRP-USD,crypto,0.11976676227953607
2024-08-15,Asset-Class Momentum Rotation,True,37,37,1.0,0.003000812572390631,0.10307471741417513,True,True,True,0.25,True,GLD,commodities,0.10307471741417513
2024-08-16,Asset-Class Momentum Rotation,False,37,37,1.0000000000000002,0.0029521060198467596,0.10254757552436382,True,True,False,0.25,True,GLD,commodities,0.10254757552436382
2024-08-19,Asset-Class Momentum Rotation,False,37,37,1.0000000000000002,0.00294975429263102,0.10439428613581433,True,True,False,0.25,True,GLD,commodities,0.10439428613581433
2024-08-20,Asset-Class Momentum Rotation,False,37,37,1.0,0.002940010164634471,0.10340149717155624,True,True,False,0.25,True,GLD,commodities,0.10340149717155624
2024-08-21,Asset-Class Momentum Rotation,False,37,37,1.0,0.0029694639340795666,0.10399205241291129,True,True,False,0.25,True,GLD,commodities,0.10399205241291129
2024-08-22,Asset-Class Momentum Rotation,False,37,37,1.0,0.00295675376789518,0.10334600544380368,True,True,False,0.25,True,GLD,commodities,0.10334600544380368
2024-08-23,Asset-Class Momentum Rotation,False,37,37,1.0,0.0029459984959055914,0.10275699697352128,True,True,False,0.25,True,GLD,commodities,0.10275699697352128
2024-08-26,Asset-Class Momentum Rotation,False,37,37,0.9999999999999998,0.002919445679703413,0.10233730451887542,True,True,False,0.25,True,GLD,commodities,0.10233730451887542
2024-08-27,Asset-Class Momentum Rotation,False,37,37,0.9999999999999998,0.0029111780249804196,0.10263370764647074,True,True,False,0.25,True,GLD,commodities,0.10263370764647074
2024-08-28,Asset-Class Momentum Rotation,False,37,37,0.9999999999999999,0.002916698277932096,0.10328556875700091,True,True,False,0.25,True,GLD,commodities,0.10328556875700091
2024-08-29,Asset-Class Momentum Rotation,False,37,37,1.0,0.0029348017312283503,0.1033229051882225,True,True,False,0.25,True,GLD,commodities,0.1033229051882225
2024-08-30,Asset-Class Momentum Rotation,False,37,37,1.0000000000000002,0.0029160818400824325,0.10353404975277794,True,True,False,0.25,True,GLD,commodities,0.10353404975277794
2024-09-02,Asset-Class Momentum Rotation,False,37,37,1.0,0.002890521760531215,0.10299350888996359,True,True,False,0.25,True,GLD,commodities,0.10299350888996359
2024-09-03,Asset-Class Momentum Rotation,False,37,37,1.0,0.00289217688805829,0.10305248349932356,True,True,False,0.25,True,GLD,commodities,0.10305248349932356
2024-09-04,Asset-Class Momentum Rotation,False,37,37,1.0,0.0029828364865104456,0.10412037339910396,True,True,False,0.25,True,GLD,commodities,0.10412037339910396
2024-09-05,Asset-Class Momentum Rotation,False,37,37,1.0,0.0030287211326933175,0.10444006933486912,True,True,False,0.25,True,GLD,commodities,0.10444006933486912
2024-09-06,Asset-Class Momentum Rotation,False,37,37,1.0,0.0030332958935818527,0.10487620647206501,True,True,False,0.25,True,GLD,commodities,0.10487620647206501
2024-09-09,Asset-Class Momentum Rotation,False,37,37,1.0,0.0030697228458436946,0.10536055347200832,True,True,False,0.25,True,GLD,commodities,0.10536055347200832
2024-09-10,Asset-Class Momentum Rotation,False,37,37,1.0,0.003046751311360426,0.10456034880080406,True,True,False,0.25,True,GLD,commodities,0.10456034880080406
2024-09-11,Asset-Class Momentum Rotation,False,37,37,1.0000000000000002,0.003068675013001917,0.10504116017463255,True,True,False,0.25,True,GLD,commodities,0.10504116017463255
2024-09-12,Asset-Class Momentum Rotation,False,37,37,1.0,0.003049014795778919,0.10428504774327498,True,True,False,0.25,True,GLD,commodities,0.10428504774327498
2024-09-13,Asset-Class Momentum Rotation,False,37,37,1.0,0.00299508534557574,0.10472938680096498,True,True,False,0.25,True,GLD,commodities,0.10472938680096498
2024-09-16,Asset-Class Momentum Rotation,False,37,37,1.0,0.0029776583990337785,0.10487258742445117,True,True,False,0.25,True,GLD,commodities,0.10487258742445117
2024-09-17,Asset-Class Momentum Rotation,False,37,37,1.0,0.0029991584922148414,0.10466199978908393,True,True,False,0.25,True,GLD,commodities,0.10466199978908393
2024-09-18,Asset-Class Momentum Rotation,False,37,37,0.9999999999999997,0.002983624662720851,0.10404716767376389,True,True,False,0.25,True,GLD,commodities,0.10404716767376389
2024-09-19,Asset-Class Momentum Rotation,False,37,37,1.0000000000000002,0.0029602829894994046,0.10372292262980262,True,True,False,0.25,True,GLD,commodities,0.10372292262980262
2024-09-20,Asset-Class Momentum Rotation,False,37,37,1.0,0.0029110505510021646,0.10392740092499168,True,True,False,0.25,True,GLD,commodities,0.10392740092499168
2024-09-23,Asset-Class Momentum Rotation,False,37,37,1.0,0.0028943150094557593,0.10504548236547537,True,True,False,0.25,True,GLD,commodities,0.10504548236547537
2024-09-24,Asset-Class Momentum Rotation,False,37,37,0.9999999999999999,0.0028732841567937575,0.10470691846905089,True,True,False,0.25,True,GLD,commodities,0.10470691846905089
2024-09-25,Asset-Class Momentum Rotation,False,37,37,1.0000000000000002,0.002834930961752347,0.10477363142938674,True,True,False,0.25,True,GLD,commodities,0.10477363142938674
2024-09-26,Asset-Class Momentum Rotation,False,37,37,1.0,0.0028297405370155656,0.10531266514159687,True,True,False,0.25,True,GLD,commodities,0.10531266514159687
2024-09-27,Asset-Class Momentum Rotation,False,37,37,0.9999999999999998,0.0028161992585478387,0.10509481479349678,True,True,False,0.25,True,GLD,commodities,0.10509481479349678
2024-09-30,Asset-Class Momentum Rotation,False,37,37,1.0,0.0028265925440152605,0.10410412555653938,True,True,False,0.25,True,GLD,commodities,0.10410412555653938
2024-10-01,Asset-Class Momentum Rotation,False,37,37,1.0,0.002836162777247896,0.10411746496887142,True,True,False,0.25,True,GLD,commodities,0.10411746496887142
2024-10-02,Asset-Class Momentum Rotation,False,37,37,1.0000000000000002,0.0028563787474428035,0.10520018644517279,True,True,False,0.25,True,GLD,commodities,0.10520018644517279
2024-10-03,Asset-Class Momentum Rotation,False,37,37,0.9999999999999999,0.0028258529735427054,0.10498181606271004,True,True,False,0.25,True,GLD,commodities,0.10498181606271004
2024-10-04,Asset-Class Momentum Rotation,False,37,37,1.0,0.0028069971259751113,0.10520018329362209,True,True,False,0.25,True,GLD,commodities,0.10520018329362209
2024-10-07,Asset-Class Momentum Rotation,False,37,37,0.9999999999999999,0.002767086153560857,0.10478637046207682,True,True,False,0.25,True,GLD,commodities,0.10478637046207682
2024-10-08,Asset-Class Momentum Rotation,False,37,37,1.0,0.0027580963610895413,0.10488242529784617,True,True,False,0.25,True,GLD,commodities,0.10488242529784617
2024-10-09,Asset-Class Momentum Rotation,False,37,37,1.0000000000000002,0.0027863760037158606,0.10499954909493552,True,True,False,0.25,True,GLD,commodities,0.10499954909493552
2024-10-10,Asset-Class Momentum Rotation,False,37,37,0.9999999999999999,0.00277840903056993,0.1047244683902347,True,True,False,0.25,True,GLD,commodities,0.1047244683902347
2024-10-11,Asset-Class Momentum Rotation,False,37,37,1.0,0.0027515594702821346,0.10488485000807947,True,True,False,0.25,True,GLD,commodities,0.10488485000807947
2024-10-14,Asset-Class Momentum Rotation,False,37,37,1.0000000000000002,0.0027183190200905597,0.10517342654978211,True,True,False,0.25,True,GLD,commodities,0.10517342654978211
2024-10-15,Asset-Class Momentum Rotation,False,37,37,1.0,0.002720813389787445,0.10501992413213841,True,True,False,0.25,True,GLD,commodities,0.10501992413213841
2024-10-16,Asset-Class Momentum Rotation,False,37,37,1.0000000000000002,0.0027683482158485447,0.10593740993418696,True,True,False,0.25,True,GLD,commodities,0.10593740993418696
2024-10-17,Asset-Class Momentum Rotation,False,37,37,1.0,0.002772013719917963,0.10616082267131025,True,True,False,0.25,True,GLD,commodities,0.10616082267131025
2024-10-18,Asset-Class Momentum Rotation,False,37,37,1.0000000000000002,0.002735821332154867,0.10709893240205783,True,True,False,0.25,True,GLD,commodities,0.10709893240205783
2024-10-21,Asset-Class Momentum Rotation,False,37,37,0.9999999999999999,0.0027185601889270737,0.10747300315485564,True,True,False,0.25,True,GLD,commodities,0.10747300315485564
2024-10-22,Asset-Class Momentum Rotation,False,37,37,1.0,0.0026806076382048885,0.10783556916947949,True,True,False,0.25,True,GLD,commodities,0.10783556916947949
2024-10-23,Asset-Class Momentum Rotation,False,37,37,1.0,0.0026699864484131205,0.10846111944795885,True,True,False,0.25,True,GLD,commodities,0.10846111944795885
2024-10-24,Asset-Class Momentum Rotation,False,37,37,0.9999999999999999,0.002683372118213398,0.10798370193503294,True,True,False,0.25,True,GLD,commodities,0.10798370193503294
2024-10-25,Asset-Class Momentum Rotation,False,37,37,0.9999999999999998,0.0026954187564787024,0.10860696301730643,True,True,False,0.25,True,GLD,commodities,0.10860696301730643
2024-10-28,Asset-Class Momentum Rotation,False,37,37,1.0,0.002691044688417365,0.10926697789398357,True,True,False,0.25,True,GLD,commodities,0.10926697789398357
2024-10-29,Asset-Class Momentum Rotation,False,37,37,1.0,0.00268005169418928,0.10912096369847706,True,True,False,0.25,True,GLD,commodities,0.10912096369847706
2024-10-30,Asset-Class Momentum Rotation,False,37,37,1.0,0.0026765427300160546,0.10999783817025265,True,True,False,0.25,True,GLD,commodities,0.10999783817025265
2024-10-31,Asset-Class Momentum Rotation,False,37,37,0.9999999999999998,0.002689784252144985,0.11082548721262232,True,True,False,0.25,True,GLD,commodities,0.11082548721262232
2024-11-01,Asset-Class Momentum Rotation,False,37,37,0.9999999999999999,0.0027219000132791596,0.11023185515736904,True,True,False,0.25,True,GLD,commodities,0.11023185515736904
2024-11-04,Asset-Class Momentum Rotation,False,37,37,1.0000000000000002,0.0026928404629581125,0.11016068447141784,True,True,False,0.25,True,GLD,commodities,0.11016068447141784
2024-11-05,Asset-Class Momentum Rotation,False,37,37,1.0,0.0027285573663894586,0.1100724566687624,True,True,False,0.25,True,GLD,commodities,0.1100724566687624
2024-11-06,Asset-Class Momentum Rotation,False,37,37,1.0000000000000002,0.0027236952645370853,0.10954218262412241,True,True,False,0.25,True,GLD,commodities,0.10954218262412241
2024-11-07,Asset-Class Momentum Rotation,False,37,37,1.0,0.002657543506142828,0.10655215888142514,True,True,False,0.25,True,GLD,commodities,0.10655215888142514
2024-11-08,Asset-Class Momentum Rotation,False,37,37,1.0,0.002654406977448352,0.10679942338370266,True,True,False,0.25,True,GLD,commodities,0.10679942338370266
2024-11-11,Asset-Class Momentum Rotation,False,37,37,1.0000000000000002,0.0027016297849189286,0.10660952717282984,True,True,False,0.25,True,GLD,commodities,0.10660952717282984
2024-11-12,Asset-Class Momentum Rotation,True,37,37,1.0,0.0028161234026268375,0.10822455300700819,True,True,True,0.25,True,BNB-USD,crypto,0.10822455300700819
2024-11-13,Asset-Class Momentum Rotation,False,37,37,1.0,0.0027907163761458605,0.11083215770517973,True,True,False,0.25,True,XRP-USD,crypto,0.11083215770517973
2024-11-14,Asset-Class Momentum Rotation,False,37,37,1.0000000000000002,0.0027686620809024742,0.11072114772048257,True,True,False,0.25,True,BTC-USD,crypto,0.11072114772048257
2024-11-15,Asset-Class Momentum Rotation,False,37,37,0.9999999999999998,0.0027753653025429058,0.12084728219162852,True,True,False,0.25,True,XRP-USD,crypto,0.12084728219162852
2024-11-18,Asset-Class Momentum Rotation,False,37,37,1.0,0.002679297421072339,0.13499538474074768,True,True,False,0.25,True,XRP-USD,crypto,0.13499538474074768
2024-11-19,Asset-Class Momentum Rotation,False,37,37,1.0,0.0025646681460361584,0.16164652956691497,True,True,False,0.25,True,XRP-USD,crypto,0.16164652956691497
2024-11-20,Asset-Class Momentum Rotation,False,37,37,0.9999999999999999,0.0025827900959566317,0.15964663966692255,True,True,False,0.25,True,XRP-USD,crypto,0.15964663966692255
2024-11-21,Asset-Class Momentum Rotation,False,37,37,1.0,0.00255774266985356,0.15865648719739434,True,True,False,0.25,True,XRP-USD,crypto,0.15865648719739434
2024-11-22,Asset-Class Momentum Rotation,False,37,37,0.9999999999999998,0.002457140423409893,0.17302120356578823,True,True,False,0.25,True,XRP-USD,crypto,0.17302120356578823
2024-11-25,Asset-Class Momentum Rotation,False,37,37,0.9999999999999998,0.002334343708038371,0.19301410754677628,True,True,False,0.25,True,XRP-USD,crypto,0.19301410754677628
2024-11-26,Asset-Class Momentum Rotation,False,37,37,1.0000000000000002,0.002432566942360851,0.18890700636172028,True,True,False,0.25,True,XRP-USD,crypto,0.18890700636172028
2024-11-27,Asset-Class Momentum Rotation,False,37,37,0.9999999999999999,0.002437986645455951,0.1881723589916779,True,True,False,0.25,True,XRP-USD,crypto,0.1881723589916779
2024-11-28,Asset-Class Momentum Rotation,False,37,37,0.9999999999999999,0.0023805233287503545,0.191781815792467,True,True,False,0.25,True,XRP-USD,crypto,0.191781815792467
2024-11-29,Asset-Class Momentum Rotation,False,37,37,1.0,0.0023564594152822352,0.19867668504998134,True,True,False,0.25,True,XRP-USD,crypto,0.19867668504998134
2024-12-02,Asset-Class Momentum Rotation,False,37,37,1.0,0.002286898043066881,0.2224630610070848,True,True,False,0.25,True,XRP-USD,crypto,0.2224630610070848
2024-12-03,Asset-Class Momentum Rotation,False,37,37,1.0000000000000002,0.0020441027285141218,0.2996173724261872,True,True,False,0.25,True,XRP-USD,crypto,0.2996173724261872
2024-12-04,Asset-Class Momentum Rotation,False,37,37,1.0,0.0020500162888570086,0.28207127982569635,True,True,False,0.25,True,XRP-USD,crypto,0.28207127982569635
2024-12-05,Asset-Class Momentum Rotation,False,37,37,1.0,0.0021010766548305738,0.2666477461191588,True,True,False,0.25,True,XRP-USD,crypto,0.2666477461191588
2024-12-06,Asset-Class Momentum Rotation,False,37,37,1.0,0.0021322493995518687,0.2632636668409516,True,True,False,0.25,True,XRP-USD,crypto,0.2632636668409516
2024-12-09,Asset-Class Momentum Rotation,False,37,37,1.0000000000000002,0.0020796399408663296,0.2708565932179617,True,True,False,0.25,True,XRP-USD,crypto,0.2708565932179617
2024-12-10,Asset-Class Momentum Rotation,False,37,37,1.0000000000000002,0.002176306578053165,0.26180389795067294,True,True,False,0.25,True,XRP-USD,crypto,0.26180389795067294
2024-12-11,Asset-Class Momentum Rotation,False,37,37,1.0,0.0021385732800063614,0.27597816117865426,True,True,False,0.25,True,XRP-USD,crypto,0.27597816117865426
2024-12-12,Asset-Class Momentum Rotation,False,37,37,1.0,0.002073449926255367,0.27365236917237107,True,True,False,0.25,True,XRP-USD,crypto,0.27365236917237107
2024-12-13,Asset-Class Momentum Rotation,False,37,37,1.0000000000000002,0.002060777805012393,0.26875121662220874,True,True,False,0.25,True,XRP-USD,crypto,0.26875121662220874
2024-12-16,Asset-Class Momentum Rotation,False,37,37,0.9999999999999999,0.002016463998945079,0.2745929377956693,True,True,False,0.25,True,XRP-USD,crypto,0.2745929377956693
2024-12-17,Asset-Class Momentum Rotation,False,37,37,1.0,0.0020065654080012375,0.2800056212984131,True,True,False,0.25,True,XRP-USD,crypto,0.2800056212984131
2024-12-18,Asset-Class Momentum Rotation,False,37,37,1.0000000000000002,0.0020051413944527858,0.28771152154159296,True,True,False,0.25,True,XRP-USD,crypto,0.28771152154159296
2024-12-19,Asset-Class Momentum Rotation,False,37,37,1.0000000000000002,0.002102564170837146,0.2743220263602005,True,True,False,0.25,True,XRP-USD,crypto,0.2743220263602005
2024-12-20,Asset-Class Momentum Rotation,False,37,37,1.0,0.0021220886259917617,0.2744830563341285,True,True,False,0.25,True,XRP-USD,crypto,0.2744830563341285
2024-12-23,Asset-Class Momentum Rotation,False,37,37,1.0,0.0021012832497663016,0.27361725802638226,True,True,False,0.25,True,XRP-USD,crypto,0.27361725802638226
2024-12-24,Asset-Class Momentum Rotation,False,37,37,0.9999999999999999,0.0020946587719737684,0.27290706281757415,True,True,False,0.25,True,XRP-USD,crypto,0.27290706281757415
2024-12-25,Asset-Class Momentum Rotation,False,37,37,1.0,0.002067285029684832,0.2762103653915508,True,True,False,0.25,True,XRP-USD,crypto,0.2762103653915508
2024-12-26,Asset-Class Momentum Rotation,False,37,37,1.0000000000000002,0.0020752105151771597,0.2738515764958751,True,True,False,0.25,True,XRP-USD,crypto,0.2738515764958751
2024-12-27,Asset-Class Momentum Rotation,False,37,37,1.0,0.002137829094410946,0.26486292080271057,True,True,False,0.25,True,XRP-USD,crypto,0.26486292080271057
2024-12-30,Asset-Class Momentum Rotation,False,37,37,0.9999999999999999,0.0021283424107671734,0.26430133864345523,True,True,False,0.25,True,XRP-USD,crypto,0.26430133864345523
2024-12-31,Asset-Class Momentum Rotation,False,37,37,0.9999999999999999,0.00217323336042227,0.25721379208398976,True,True,False,0.25,True,XRP-USD,crypto,0.25721379208398976
2025-01-01,Asset-Class Momentum Rotation,False,37,37,0.9999999999999999,0.002158220679564645,0.2596270752526585,True,True,False,0.25,True,XRP-USD,crypto,0.2596270752526585
2025-01-02,Asset-Class Momentum Rotation,False,37,37,1.0000000000000002,0.002076993869259637,0.27894930174510696,True,True,False,0.25,True,XRP-USD,crypto,0.27894930174510696
2025-01-03,Asset-Class Momentum Rotation,False,37,37,1.0,0.00204710191358253,0.2837476473156745,True,True,False,0.25,True,XRP-USD,crypto,0.2837476473156745
2025-01-06,Asset-Class Momentum Rotation,False,37,37,0.9999999999999998,0.0019922391201843332,0.2827377095572584,True,True,False,0.25,True,XRP-USD,crypto,0.2827377095572584
2025-01-07,Asset-Class Momentum Rotation,False,37,37,0.9999999999999998,0.0019772927919150156,0.2779585101700326,True,True,False,0.25,True,XRP-USD,crypto,0.2779585101700326
2025-01-08,Asset-Class Momentum Rotation,False,37,37,0.9999999999999999,0.00203816525783424,0.2722374851187702,True,True,False,0.25,True,XRP-USD,crypto,0.2722374851187702
2025-01-09,Asset-Class Momentum Rotation,False,37,37,1.0000000000000002,0.0020283246651577455,0.2828359017768324,True,True,False,0.25,True,XRP-USD,crypto,0.2828359017768324
2025-01-10,Asset-Class Momentum Rotation,False,37,37,1.0,0.0020725703839821925,0.2768272634255395,True,True,False,0.25,True,XRP-USD,crypto,0.2768272634255395
2025-01-13,Asset-Class Momentum Rotation,False,37,37,1.0,0.002036392443309911,0.2819974298459517,True,True,False,0.25,True,XRP-USD,crypto,0.2819974298459517
2025-01-14,Asset-Class Momentum Rotation,False,37,37,1.0,0.0019939099300271294,0.297391588705229,True,True,False,0.25,True,XRP-USD,crypto,0.297391588705229
2025-01-15,Asset-Class Momentum Rotation,False,37,37,1.0,0.0019362372844888107,0.30602594907787006,True,True,False,0.25,True,XRP-USD,crypto,0.30602594907787006
2025-01-16,Asset-Class Momentum Rotation,False,37,37,1.0,0.0018298108744095637,0.336063585521932,True,True,False,0.25,True,XRP-USD,crypto,0.336063585521932
2025-01-17,Asset-Class Momentum Rotation,False,37,37,1.0,0.0018194196564915712,0.3426324912661929,True,True,False,0.25,True,XRP-USD,crypto,0.3426324912661929
2025-01-20,Asset-Class Momentum Rotation,False,37,37,1.0000000000000002,0.0017903968126921318,0.3420931823256759,True,True,False,0.25,True,XRP-USD,crypto,0.3420931823256759
2025-01-21,Asset-Class Momentum Rotation,False,37,37,0.9999999999999999,0.0018646766555608714,0.33481349898698126,True,True,False,0.25,True,XRP-USD,crypto,0.33481349898698126
2025-01-22,Asset-Class Momentum Rotation,False,37,37,0.9999999999999999,0.0018514024698366423,0.336876595159691,True,True,False,0.25,True,XRP-USD,crypto,0.336876595159691
2025-01-23,Asset-Class Momentum Rotation,False,37,37,0.9999999999999999,0.001853971703610685,0.33929975399264434,True,True,False,0.25,True,XRP-USD,crypto,0.33929975399264434
2025-01-24,Asset-Class Momentum Rotation,False,37,37,1.0,0.0018432708586716218,0.33449250663079955,True,True,False,0.25,True,XRP-USD,crypto,0.33449250663079955
2025-01-27,Asset-Class Momentum Rotation,False,37,37,1.0,0.0018576953141945139,0.33383763513349557,True,True,False,0.25,True,XRP-USD,crypto,0.33383763513349557
2025-01-28,Asset-Class Momentum Rotation,False,37,37,1.0,0.0019042532557472756,0.3327290043136884,True,True,False,0.25,True,XRP-USD,crypto,0.3327290043136884
2025-01-29,Asset-Class Momentum Rotation,False,37,37,0.9999999999999998,0.001915068932851268,0.33571674117367256,True,True,False,0.25,True,XRP-USD,crypto,0.33571674117367256
2025-01-30,Asset-Class Momentum Rotation,False,37,37,0.9999999999999999,0.0019003146373893587,0.3345939351304534,True,True,False,0.25,True,XRP-USD,crypto,0.3345939351304534
2025-01-31,Asset-Class Momentum Rotation,False,37,37,1.0000000000000002,0.0018769604600445745,0.335983474893481,True,True,False,0.25,True,XRP-USD,crypto,0.335983474893481
2025-02-03,Asset-Class Momentum Rotation,False,37,37,1.0,0.0018928591054060853,0.33064956264275985,True,True,False,0.25,True,XRP-USD,crypto,0.33064956264275985
2025-02-04,Asset-Class Momentum Rotation,False,37,37,0.9999999999999999,0.0020346387853563525,0.31372288526569647,True,True,False,0.25,True,XRP-USD,crypto,0.31372288526569647
2025-02-05,Asset-Class Momentum Rotation,False,37,37,1.0,0.0021146630162706967,0.30512169398442707,True,True,False,0.25,True,XRP-USD,crypto,0.30512169398442707
2025-02-06,Asset-Class Momentum Rotation,False,37,37,1.0,0.0021881259594197255,0.29183741456394235,True,True,False,0.25,True,XRP-USD,crypto,0.29183741456394235
2025-02-07,Asset-Class Momentum Rotation,True,37,37,1.0,0.0028894429693410804,0.12836241147181704,True,True,True,0.25,True,BTC-USD,crypto,0.12836241147181704
2025-02-10,Asset-Class Momentum Rotation,False,37,37,1.0,0.002873741397414197,0.12840893331436495,True,True,False,0.25,True,BTC-USD,crypto,0.12840893331436495
2025-02-11,Asset-Class Momentum Rotation,False,37,37,1.0000000000000002,0.0028143787397780185,0.13409000164256527,True,True,False,0.25,True,BNB-USD,crypto,0.13409000164256527
2025-02-12,Asset-Class Momentum Rotation,False,37,37,1.0000000000000002,0.0027798824287987045,0.13853305451870568,True,True,False,0.25,True,BNB-USD,crypto,0.13853305451870568
2025-02-13,Asset-Class Momentum Rotation,False,37,37,0.9999999999999999,0.0026805660031499075,0.14710718013542934,True,True,False,0.25,True,BNB-USD,crypto,0.14710718013542934
2025-02-14,Asset-Class Momentum Rotation,False,37,37,1.0,0.0027315495519730153,0.14116752144190486,True,True,False,0.25,True,BNB-USD,crypto,0.14116752144190486
2025-02-17,Asset-Class Momentum Rotation,False,37,37,1.0,0.0027438845216159807,0.13889725447564819,True,True,False,0.25,True,BNB-USD,crypto,0.13889725447564819
2025-02-18,Asset-Class Momentum Rotation,False,37,37,0.9999999999999999,0.0027464578242497027,0.1409681582681012,True,True,False,0.25,True,BNB-USD,crypto,0.1409681582681012
2025-02-19,Asset-Class Momentum Rotation,False,37,37,0.9999999999999998,0.0027421849963199757,0.13820288243393458,True,True,False,0.25,True,BNB-USD,crypto,0.13820288243393458
2025-02-20,Asset-Class Momentum Rotation,False,37,37,0.9999999999999999,0.0027169863254281465,0.13804463848321144,True,True,False,0.25,True,BNB-USD,crypto,0.13804463848321144
2025-02-21,Asset-Class Momentum Rotation,False,37,37,1.0000000000000002,0.002712411579554025,0.13807300917613988,True,True,False,0.25,True,BNB-USD,crypto,0.13807300917613988
2025-02-24,Asset-Class Momentum Rotation,False,37,37,0.9999999999999997,0.002796003028196723,0.1384243559621361,True,True,False,0.25,True,BNB-USD,crypto,0.1384243559621361
2025-02-25,Asset-Class Momentum Rotation,False,37,37,1.0,0.0029012398062931185,0.1359269641099497,True,True,False,0.25,True,BNB-USD,crypto,0.1359269641099497
2025-02-26,Asset-Class Momentum Rotation,False,37,37,1.0,0.0029551279626141348,0.13809448080808873,True,True,False,0.25,True,BNB-USD,crypto,0.13809448080808873
2025-02-27,Asset-Class Momentum Rotation,False,37,37,1.0000000000000002,0.0030355648467259586,0.13824774765607145,True,True,False,0.25,True,BNB-USD,crypto,0.13824774765607145
2025-02-28,Asset-Class Momentum Rotation,False,37,37,1.0,0.003030697444582577,0.13774090568414185,True,True,False,0.25,True,BNB-USD,crypto,0.13774090568414185
2025-03-03,Asset-Class Momentum Rotation,False,37,37,1.0,0.003101370257103334,0.1351783917591651,True,True,False,0.25,True,BNB-USD,crypto,0.1351783917591651
2025-03-04,Asset-Class Momentum Rotation,False,37,37,0.9999999999999999,0.003045618003627055,0.12936926804221419,True,True,False,0.25,True,BNB-USD,crypto,0.12936926804221419
2025-03-05,Asset-Class Momentum Rotation,False,37,37,1.0000000000000004,0.0029657376571873444,0.12941339761933518,True,True,False,0.25,True,BNB-USD,crypto,0.12941339761933518
2025-03-06,Asset-Class Momentum Rotation,False,37,37,1.0,0.0028822767196688853,0.1299097728530982,True,True,False,0.25,True,BNB-USD,crypto,0.1299097728530982
2025-03-07,Asset-Class Momentum Rotation,False,37,37,1.0,0.0029014941910544545,0.13093518744929727,True,True,False,0.25,True,BNB-USD,crypto,0.13093518744929727
2025-03-10,Asset-Class Momentum Rotation,False,37,37,0.9999999999999998,0.00294661010642197,0.13278196354947994,True,True,False,0.25,True,BNB-USD,crypto,0.13278196354947994
2025-03-11,Asset-Class Momentum Rotation,False,37,37,0.9999999999999999,0.003169856633431781,0.126648650834838,True,True,False,0.25,True,BNB-USD,crypto,0.126648650834838
2025-03-12,Asset-Class Momentum Rotation,False,37,37,1.0,0.0030732485770412726,0.12816944531592336,True,True,False,0.25,True,BNB-USD,crypto,0.12816944531592336
2025-03-13,Asset-Class Momentum Rotation,False,37,37,0.9999999999999998,0.003028620153464498,0.1313115430268909,True,True,False,0.25,True,BNB-USD,crypto,0.1313115430268909
2025-03-14,Asset-Class Momentum Rotation,False,37,37,1.0,0.0030719260151697097,0.13418850613158484,True,True,False,0.25,True,BNB-USD,crypto,0.13418850613158484
2025-03-17,Asset-Class Momentum Rotation,False,37,37,1.0,0.0030059174008768117,0.13380848022928568,True,True,False,0.25,True,BNB-USD,crypto,0.13380848022928568
2025-03-18,Asset-Class Momentum Rotation,False,37,37,1.0000000000000002,0.0029798546554020374,0.1419317814954897,True,True,False,0.25,True,BNB-USD,crypto,0.1419317814954897
2025-03-19,Asset-Class Momentum Rotation,False,37,37,1.0,0.00299707949331876,0.14188139144540862,True,True,False,0.25,True,BNB-USD,crypto,0.14188139144540862
2025-03-20,Asset-Class Momentum Rotation,False,37,37,0.9999999999999999,0.002950444241022023,0.13698999458512284,True,True,False,0.25,True,BNB-USD,crypto,0.13698999458512284
2025-03-21,Asset-Class Momentum Rotation,False,37,37,1.0,0.0029847303500946856,0.14088037070003825,True,True,False,0.25,True,BNB-USD,crypto,0.14088037070003825
2025-03-24,Asset-Class Momentum Rotation,False,37,37,0.9999999999999999,0.002981840503138631,0.1426304742659412,True,True,False,0.25,True,BNB-USD,crypto,0.1426304742659412
2025-03-25,Asset-Class Momentum Rotation,False,37,37,1.0,0.0029103917543678035,0.14110650566727778,True,True,False,0.25,True,BNB-USD,crypto,0.14110650566727778
2025-03-26,Asset-Class Momentum Rotation,False,37,37,0.9999999999999999,0.0029062225495030468,0.13943664201096645,True,True,False,0.25,True,BNB-USD,crypto,0.13943664201096645
2025-03-27,Asset-Class Momentum Rotation,False,37,37,0.9999999999999998,0.002918227579964071,0.13822604870394106,True,True,False,0.25,True,BNB-USD,crypto,0.13822604870394106
2025-03-28,Asset-Class Momentum Rotation,False,37,37,0.9999999999999998,0.002892243677877352,0.1417080431077073,True,True,False,0.25,True,BNB-USD,crypto,0.1417080431077073
2025-03-31,Asset-Class Momentum Rotation,False,37,37,1.0,0.0029879866824911983,0.14038302100649125,True,True,False,0.25,True,BNB-USD,crypto,0.14038302100649125
2025-04-01,Asset-Class Momentum Rotation,False,37,37,1.0000000000000002,0.0030558752158408387,0.1388636132664769,True,True,False,0.25,True,BNB-USD,crypto,0.1388636132664769
2025-04-02,Asset-Class Momentum Rotation,False,37,37,1.0,0.0030501866390770594,0.13882791367719893,True,True,False,0.25,True,BNB-USD,crypto,0.13882791367719893
2025-04-03,Asset-Class Momentum Rotation,False,37,37,1.0,0.0030998400010481372,0.13640907245138412,True,True,False,0.25,True,BNB-USD,crypto,0.13640907245138412
2025-04-04,Asset-Class Momentum Rotation,False,37,37,1.0000000000000002,0.0031408374119714392,0.13792752105360986,True,True,False,0.25,True,BNB-USD,crypto,0.13792752105360986
2025-04-07,Asset-Class Momentum Rotation,False,37,37,0.9999999999999998,0.0032382944151698365,0.1419716794315298,True,True,False,0.25,True,BNB-USD,crypto,0.1419716794315298
2025-04-08,Asset-Class Momentum Rotation,False,37,37,1.0,0.003307671351421769,0.1387390794877984,True,True,False,0.25,True,BNB-USD,crypto,0.1387390794877984
2025-04-09,Asset-Class Momentum Rotation,False,37,37,1.0,0.003309404411301696,0.141223521363227,True,True,False,0.25,True,BNB-USD,crypto,0.141223521363227
2025-04-10,Asset-Class Momentum Rotation,False,37,37,0.9999999999999999,0.0031247907169968062,0.1394876916884403,True,True,False,0.25,True,BNB-USD,crypto,0.1394876916884403
2025-04-11,Asset-Class Momentum Rotation,False,37,37,1.0,0.003102610832918028,0.14121018159710969,True,True,False,0.25,True,BNB-USD,crypto,0.14121018159710969
2025-04-14,Asset-Class Momentum Rotation,False,37,37,1.0,0.0030488064109667726,0.14008616648558977,True,True,False,0.25,True,BNB-USD,crypto,0.14008616648558977
2025-04-15,Asset-Class Momentum Rotation,False,37,37,1.0,0.0030387079157090094,0.1382181109398738,True,True,False,0.25,True,BNB-USD,crypto,0.1382181109398738
2025-04-16,Asset-Class Momentum Rotation,False,37,37,0.9999999999999999,0.00307082917535546,0.13807869890980987,True,True,False,0.25,True,BNB-USD,crypto,0.13807869890980987
2025-04-17,Asset-Class Momentum Rotation,False,37,37,1.0,0.003073646121785653,0.13817829818067484,True,True,False,0.25,True,BNB-USD,crypto,0.13817829818067484
2025-04-18,Asset-Class Momentum Rotation,False,37,37,1.0000000000000002,0.0030269146866965476,0.13902287720909678,True,True,False,0.25,True,BNB-USD,crypto,0.13902287720909678
2025-04-21,Asset-Class Momentum Rotation,False,37,37,0.9999999999999994,0.00302409645393022,0.13927039199501257,True,True,False,0.25,True,BNB-USD,crypto,0.13927039199501257
2025-04-22,Asset-Class Momentum Rotation,False,37,37,1.0000000000000002,0.0029567117050628517,0.13991286192443372,True,True,False,0.25,True,BNB-USD,crypto,0.13991286192443372
2025-04-23,Asset-Class Momentum Rotation,False,37,37,1.0,0.002878554741445255,0.14031358332818053,True,True,False,0.25,True,BNB-USD,crypto,0.14031358332818053
2025-04-24,Asset-Class Momentum Rotation,False,37,37,1.0,0.0029064555741321013,0.13736042027969875,True,True,False,0.25,True,BNB-USD,crypto,0.13736042027969875
2025-04-25,Asset-Class Momentum Rotation,False,37,37,1.0,0.0029231785387910793,0.1357853605601249,True,True,False,0.25,True,BNB-USD,crypto,0.1357853605601249
2025-04-28,Asset-Class Momentum Rotation,False,37,37,1.0,0.0029473583685943236,0.1355607521118709,True,True,False,0.25,True,BNB-USD,crypto,0.1355607521118709
2025-04-29,Asset-Class Momentum Rotation,False,37,37,1.0,0.002945485440248356,0.1360136055340611,True,True,False,0.25,True,BNB-USD,crypto,0.1360136055340611
2025-04-30,Asset-Class Momentum Rotation,False,37,37,0.9999999999999999,0.0029890730518613174,0.13567412555252337,True,True,False,0.25,True,BNB-USD,crypto,0.13567412555252337
2025-05-01,Asset-Class Momentum Rotation,False,37,37,0.9999999999999999,0.0029876763884769332,0.136410751052838,True,True,False,0.25,True,BNB-USD,crypto,0.136410751052838
2025-05-02,Asset-Class Momentum Rotation,False,37,37,1.0000000000000002,0.0029544072091428008,0.13563267367091544,True,True,False,0.25,True,BNB-USD,crypto,0.13563267367091544
2025-05-05,Asset-Class Momentum Rotation,False,37,37,1.0,0.002909498749560568,0.1353130599981699,True,True,False,0.25,True,BNB-USD,crypto,0.1353130599981699
2025-05-06,Asset-Class Momentum Rotation,False,37,37,1.0,0.0029173413029139777,0.13565132803174207,True,True,False,0.25,True,BNB-USD,crypto,0.13565132803174207
2025-05-07,Asset-Class Momentum Rotation,True,37,37,1.0,0.0030354965897417792,0.13702172729717677,True,True,True,0.25,True,BTC-USD,crypto,0.13702172729717677
2025-05-08,Asset-Class Momentum Rotation,False,37,37,1.0,0.0030615416529430482,0.1379424421045248,True,True,False,0.25,True,BTC-USD,crypto,0.1379424421045248
2025-05-09,Asset-Class Momentum Rotation,False,37,37,0.9999999999999999,0.002893484952114586,0.14027677453967435,True,True,False,0.25,True,BTC-USD,crypto,0.14027677453967435
2025-05-12,Asset-Class Momentum Rotation,False,37,37,0.9999999999999999,0.002841856689218898,0.13720748639633978,True,True,False,0.25,True,BTC-USD,crypto,0.13720748639633978
2025-05-13,Asset-Class Momentum Rotation,False,37,37,0.9999999999999999,0.0027784457180211907,0.13519827833829473,True,True,False,0.25,True,BTC-USD,crypto,0.13519827833829473
2025-05-14,Asset-Class Momentum Rotation,False,37,37,1.0000000000000002,0.002724137295698808,0.1348523300435395,True,True,False,0.25,True,BTC-USD,crypto,0.1348523300435395
2025-05-15,Asset-Class Momentum Rotation,False,37,37,1.0,0.0027462450997579463,0.1360267392958912,True,True,False,0.25,True,BTC-USD,crypto,0.1360267392958912
2025-05-16,Asset-Class Momentum Rotation,False,37,37,0.9999999999999999,0.002788046064407837,0.1371651936034093,True,True,False,0.25,True,BTC-USD,crypto,0.1371651936034093
2025-05-19,Asset-Class Momentum Rotation,False,37,37,1.0000000000000002,0.0028016753669201466,0.13713004991796457,True,True,False,0.25,True,BTC-USD,crypto,0.13713004991796457
2025-05-20,Asset-Class Momentum Rotation,False,37,37,0.9999999999999999,0.002781818595523061,0.1393469349326625,True,True,False,0.25,True,BTC-USD,crypto,0.1393469349326625
2025-05-21,Asset-Class Momentum Rotation,False,37,37,0.9999999999999998,0.0027448677135968975,0.14004777969581297,True,True,False,0.25,True,BTC-USD,crypto,0.14004777969581297
2025-05-22,Asset-Class Momentum Rotation,False,37,37,0.9999999999999998,0.0026678287602028513,0.14222757353306195,True,True,False,0.25,True,BTC-USD,crypto,0.14222757353306195
2025-05-23,Asset-Class Momentum Rotation,False,37,37,1.0,0.0026514245106634806,0.1431741959821192,True,True,False,0.25,True,BTC-USD,crypto,0.1431741959821192
2025-05-26,Asset-Class Momentum Rotation,False,37,37,0.9999999999999999,0.0027142787055798438,0.14057929782907239,True,True,False,0.25,True,BTC-USD,crypto,0.14057929782907239
2025-05-27,Asset-Class Momentum Rotation,False,37,37,1.0,0.0026885487009114415,0.14204045416020006,True,True,False,0.25,True,BTC-USD,crypto,0.14204045416020006
2025-05-28,Asset-Class Momentum Rotation,False,37,37,0.9999999999999998,0.0027090877760682064,0.1405806427828583,True,True,False,0.25,True,BTC-USD,crypto,0.1405806427828583
2025-05-29,Asset-Class Momentum Rotation,False,37,37,1.0,0.00271222912959371,0.13980743573363247,True,True,False,0.25,True,BTC-USD,crypto,0.13980743573363247
2025-05-30,Asset-Class Momentum Rotation,False,37,37,1.0,0.002762609475766432,0.13827064544591067,True,True,False,0.25,True,BTC-USD,crypto,0.13827064544591067
2025-06-02,Asset-Class Momentum Rotation,False,37,37,1.0,0.002814967535134303,0.13849076227885798,True,True,False,0.25,True,BTC-USD,crypto,0.13849076227885798
2025-06-03,Asset-Class Momentum Rotation,False,37,37,1.0,0.0027426669099921666,0.13866729744130876,True,True,False,0.25,True,BTC-USD,crypto,0.13866729744130876
2025-06-04,Asset-Class Momentum Rotation,False,37,37,1.0,0.0027421068859108787,0.13829456550806835,True,True,False,0.25,True,BTC-USD,crypto,0.13829456550806835
2025-06-05,Asset-Class Momentum Rotation,False,37,37,1.0,0.0027871838143325805,0.1374035211498286,True,True,False,0.25,True,BTC-USD,crypto,0.1374035211498286
2025-06-06,Asset-Class Momentum Rotation,False,37,37,0.9999999999999999,0.0028478194371067372,0.13606762435495928,True,True,False,0.25,True,BTC-USD,crypto,0.13606762435495928
2025-06-09,Asset-Class Momentum Rotation,False,37,37,1.0,0.0027695910032226683,0.1377491224985197,True,True,False,0.25,True,BTC-USD,crypto,0.1377491224985197
2025-06-10,Asset-Class Momentum Rotation,False,37,37,1.0,0.002683913312370639,0.1408886372257289,True,True,False,0.25,True,BTC-USD,crypto,0.1408886372257289
2025-06-11,Asset-Class Momentum Rotation,False,37,37,1.0000000000000002,0.0026769820456570624,0.13975810253877058,True,True,False,0.25,True,BTC-USD,crypto,0.13975810253877058
2025-06-12,Asset-Class Momentum Rotation,False,37,37,1.0,0.002698207403883778,0.13844045296860558,True,True,False,0.25,True,BTC-USD,crypto,0.13844045296860558
2025-06-13,Asset-Class Momentum Rotation,False,37,37,1.0,0.0027643339232175127,0.13660134385985503,True,True,False,0.25,True,BTC-USD,crypto,0.13660134385985503
2025-06-16,Asset-Class Momentum Rotation,False,37,37,1.0000000000000002,0.002762351313130683,0.1380422300251684,True,True,False,0.25,True,BTC-USD,crypto,0.1380422300251684
2025-06-17,Asset-Class Momentum Rotation,False,37,37,0.9999999999999997,0.002731007743039942,0.13878245041283555,True,True,False,0.25,True,BTC-USD,crypto,0.13878245041283555
2025-06-18,Asset-Class Momentum Rotation,False,37,37,1.0,0.0027831401806500365,0.13685849825317417,True,True,False,0.25,True,BTC-USD,crypto,0.13685849825317417
2025-06-19,Asset-Class Momentum Rotation,False,37,37,1.0,0.0027810735153920648,0.13688843649142396,True,True,False,0.25,True,BTC-USD,crypto,0.13688843649142396
2025-06-20,Asset-Class Momentum Rotation,False,37,37,0.9999999999999999,0.0027827296727602805,0.1367100244808766,True,True,False,0.25,True,BTC-USD,crypto,0.1367100244808766
2025-06-23,Asset-Class Momentum Rotation,False,37,37,0.9999999999999998,0.0028201252238091914,0.13698075442403568,True,True,False,0.25,True,BTC-USD,crypto,0.13698075442403568
2025-06-24,Asset-Class Momentum Rotation,False,37,37,1.0,0.0028128205950557995,0.13917505382826947,True,True,False,0.25,True,BTC-USD,crypto,0.13917505382826947
2025-06-25,Asset-Class Momentum Rotation,False,37,37,1.0,0.002825063155154705,0.13938818301905412,True,True,False,0.25,True,BTC-USD,crypto,0.13938818301905412
2025-06-26,Asset-Class Momentum Rotation,False,37,37,1.0000000000000002,0.0028287202696152015,0.1411225289278537,True,True,False,0.25,True,BTC-USD,crypto,0.1411225289278537
2025-06-27,Asset-Class Momentum Rotation,False,37,37,1.0,0.002840165113931638,0.14045774765602168,True,True,False,0.25,True,BTC-USD,crypto,0.14045774765602168
2025-06-30,Asset-Class Momentum Rotation,False,37,37,0.9999999999999999,0.0028260199651777927,0.14082264431104288,True,True,False,0.25,True,BTC-USD,crypto,0.14082264431104288
2025-07-01,Asset-Class Momentum Rotation,False,37,37,1.0000000000000002,0.0028286530843748808,0.13964136603007513,True,True,False,0.25,True,BTC-USD,crypto,0.13964136603007513
2025-07-02,Asset-Class Momentum Rotation,False,37,37,0.9999999999999999,0.002866976355452171,0.1392894629792261,True,True,False,0.25,True,BTC-USD,crypto,0.1392894629792261
2025-07-03,Asset-Class Momentum Rotation,False,37,37,1.0,0.0027765887036544814,0.13982072936179485,True,True,False,0.25,True,BTC-USD,crypto,0.13982072936179485
2025-07-04,Asset-Class Momentum Rotation,False,37,37,1.0000000000000002,0.0027533688994821367,0.14063545557327004,True,True,False,0.25,True,BTC-USD,crypto,0.14063545557327004
2025-07-07,Asset-Class Momentum Rotation,False,37,37,0.9999999999999999,0.0027827155499407915,0.14004268275637935,True,True,False,0.25,True,BTC-USD,crypto,0.14004268275637935
2025-07-08,Asset-Class Momentum Rotation,False,37,37,1.0,0.002749145603509988,0.1400296702712603,True,True,False,0.25,True,BTC-USD,crypto,0.1400296702712603
2025-07-09,Asset-Class Momentum Rotation,False,37,37,1.0000000000000002,0.002724961741881795,0.13980995078234454,True,True,False,0.25,True,BTC-USD,crypto,0.13980995078234454
2025-07-10,Asset-Class Momentum Rotation,False,37,37,1.0000000000000002,0.0027085423278188268,0.14052836410652098,True,True,False,0.25,True,BTC-USD,crypto,0.14052836410652098
2025-07-11,Asset-Class Momentum Rotation,False,37,37,1.0,0.0026409665763997103,0.14266023599642208,True,True,False,0.25,True,BTC-USD,crypto,0.14266023599642208
2025-07-14,Asset-Class Momentum Rotation,False,37,37,1.0,0.0025726148014716815,0.14277036228369402,True,True,False,0.25,True,BTC-USD,crypto,0.14277036228369402
2025-07-15,Asset-Class Momentum Rotation,False,37,37,0.9999999999999999,0.002543902833935215,0.1442820560913979,True,True,False,0.25,True,BTC-USD,crypto,0.1442820560913979
2025-07-16,Asset-Class Momentum Rotation,False,37,37,0.9999999999999998,0.0025246728796936616,0.14170837560638264,True,True,False,0.25,True,BTC-USD,crypto,0.14170837560638264
2025-07-17,Asset-Class Momentum Rotation,False,37,37,1.0,0.002472886793557428,0.14317535534373488,True,True,False,0.25,True,ETH-USD,crypto,0.14317535534373488
2025-07-18,Asset-Class Momentum Rotation,False,37,37,0.9999999999999999,0.0024166535012985412,0.14432251314387867,True,True,False,0.25,True,ETH-USD,crypto,0.14432251314387867
2025-07-21,Asset-Class Momentum Rotation,False,37,37,1.0000000000000002,0.00241895557376337,0.14723636727803502,True,True,False,0.25,True,ETH-USD,crypto,0.14723636727803502
2025-07-22,Asset-Class Momentum Rotation,False,37,37,1.0,0.0023828976280733756,0.15244267633557487,True,True,False,0.25,True,ETH-USD,crypto,0.15244267633557487
2025-07-23,Asset-Class Momentum Rotation,False,37,37,1.0000000000000002,0.002376138210664408,0.1505254954271356,True,True,False,0.25,True,ETH-USD,crypto,0.1505254954271356
2025-07-24,Asset-Class Momentum Rotation,False,37,37,1.0,0.0024116609392887504,0.14873374902660322,True,True,False,0.25,True,ETH-USD,crypto,0.14873374902660322
2025-07-25,Asset-Class Momentum Rotation,False,37,37,1.0000000000000002,0.002409514217952036,0.15207220874901123,True,True,False,0.25,True,ETH-USD,crypto,0.15207220874901123
2025-07-28,Asset-Class Momentum Rotation,False,37,37,0.9999999999999998,0.002422572434892388,0.15273032857969454,True,True,False,0.25,True,ETH-USD,crypto,0.15273032857969454
2025-07-29,Asset-Class Momentum Rotation,False,37,37,1.0,0.002397206101232983,0.15457192116762497,True,True,False,0.25,True,ETH-USD,crypto,0.15457192116762497
2025-07-30,Asset-Class Momentum Rotation,False,37,37,1.0,0.0024390369918465605,0.15490381471914635,True,True,False,0.25,True,ETH-USD,crypto,0.15490381471914635
2025-07-31,Asset-Class Momentum Rotation,False,37,37,1.0,0.0024657797954403776,0.15802541522221886,True,True,False,0.25,True,ETH-USD,crypto,0.15802541522221886
2025-08-01,Asset-Class Momentum Rotation,False,37,37,1.0000000000000002,0.0025039992908541153,0.1556869396361292,True,True,False,0.25,True,ETH-USD,crypto,0.1556869396361292
2025-08-04,Asset-Class Momentum Rotation,True,37,37,1.0,0.0032607088156547453,0.13263848059246458,True,True,True,0.25,True,BTC-USD,crypto,0.13263848059246458
2025-08-05,Asset-Class Momentum Rotation,False,37,37,1.0000000000000002,0.003208304991490855,0.13216309352814798,True,True,False,0.25,True,BTC-USD,crypto,0.13216309352814798
2025-08-06,Asset-Class Momentum Rotation,False,37,37,0.9999999999999999,0.0032517465184913265,0.13246337833823238,True,True,False,0.25,True,BTC-USD,crypto,0.13246337833823238
2025-08-07,Asset-Class Momentum Rotation,False,37,37,1.0,0.0032057130148089113,0.132366728307658,True,True,False,0.25,True,BTC-USD,crypto,0.132366728307658
2025-08-08,Asset-Class Momentum Rotation,False,37,37,1.0,0.0031235503388432413,0.1319677902270378,True,True,False,0.25,True,BTC-USD,crypto,0.1319677902270378
2025-08-11,Asset-Class Momentum Rotation,False,37,37,1.0000000000000002,0.003104749927202731,0.13083833917168647,True,True,False,0.25,True,BTC-USD,crypto,0.13083833917168647
2025-08-12,Asset-Class Momentum Rotation,False,37,37,1.0,0.00309952818049589,0.13275279886251684,True,True,False,0.25,True,BTC-USD,crypto,0.13275279886251684
2025-08-13,Asset-Class Momentum Rotation,False,37,37,1.0000000000000002,0.003007741374064491,0.1322476345993681,True,True,False,0.25,True,BNB-USD,crypto,0.1322476345993681
2025-08-14,Asset-Class Momentum Rotation,False,37,37,1.0,0.0029787073466074113,0.13240292978058,True,True,False,0.25,True,BNB-USD,crypto,0.13240292978058
2025-08-15,Asset-Class Momentum Rotation,False,37,37,1.0000000000000002,0.003004913108252186,0.13328567805708882,True,True,False,0.25,True,BNB-USD,crypto,0.13328567805708882
2025-08-18,Asset-Class Momentum Rotation,False,37,37,0.9999999999999999,0.0029911800975035473,0.13146085901039728,True,True,False,0.25,True,BNB-USD,crypto,0.13146085901039728
2025-08-19,Asset-Class Momentum Rotation,False,37,37,1.0,0.002988861224180137,0.13494548948157384,True,True,False,0.25,True,BNB-USD,crypto,0.13494548948157384
2025-08-20,Asset-Class Momentum Rotation,False,37,37,1.0,0.0030774003815552016,0.13425300466429207,True,True,False,0.25,True,BNB-USD,crypto,0.13425300466429207
2025-08-21,Asset-Class Momentum Rotation,False,37,37,1.0,0.0030204943542633503,0.13875228381514312,True,True,False,0.25,True,BNB-USD,crypto,0.13875228381514312
2025-08-22,Asset-Class Momentum Rotation,False,37,37,1.0000000000000002,0.0030519705168674943,0.13602217836973635,True,True,False,0.25,True,BNB-USD,crypto,0.13602217836973635
2025-08-25,Asset-Class Momentum Rotation,False,37,37,0.9999999999999999,0.0029424752190864733,0.13944566660421912,True,True,False,0.25,True,BNB-USD,crypto,0.13944566660421912
2025-08-26,Asset-Class Momentum Rotation,False,37,37,1.0,0.003057473911110156,0.13583806205690413,True,True,False,0.25,True,BNB-USD,crypto,0.13583806205690413
2025-08-27,Asset-Class Momentum Rotation,False,37,37,0.9999999999999998,0.003009883596425248,0.13753663987915596,True,True,False,0.25,True,BNB-USD,crypto,0.13753663987915596
2025-08-28,Asset-Class Momentum Rotation,False,37,37,1.0,0.003026947697983141,0.1371958073008988,True,True,False,0.25,True,BNB-USD,crypto,0.1371958073008988
2025-08-29,Asset-Class Momentum Rotation,False,37,37,1.0,0.003027509340620584,0.13930700995876977,True,True,False,0.25,True,BNB-USD,crypto,0.13930700995876977
2025-09-01,Asset-Class Momentum Rotation,False,37,37,1.0,0.003053931719659302,0.13973384848524878,True,True,False,0.25,True,BNB-USD,crypto,0.13973384848524878
2025-09-02,Asset-Class Momentum Rotation,False,37,37,1.0,0.003073840018999089,0.13780176995217178,True,True,False,0.25,True,BNB-USD,crypto,0.13780176995217178
2025-09-03,Asset-Class Momentum Rotation,False,37,37,1.0,0.0030288989891103127,0.13776761133489365,True,True,False,0.25,True,BNB-USD,crypto,0.13776761133489365
2025-09-04,Asset-Class Momentum Rotation,False,37,37,1.0000000000000002,0.003050452508482167,0.1378023409048439,True,True,False,0.25,True,BNB-USD,crypto,0.1378023409048439
2025-09-05,Asset-Class Momentum Rotation,False,37,37,0.9999999999999997,0.003100799331789387,0.13715483570100687,True,True,False,0.25,True,BNB-USD,crypto,0.13715483570100687
2025-09-08,Asset-Class Momentum Rotation,False,37,37,0.9999999999999999,0.003130263204475459,0.13737694405099063,True,True,False,0.25,True,BNB-USD,crypto,0.13737694405099063
2025-09-09,Asset-Class Momentum Rotation,False,37,37,1.0000000000000002,0.0031228374374925104,0.1397515378344638,True,True,False,0.25,True,BNB-USD,crypto,0.1397515378344638
2025-09-10,Asset-Class Momentum Rotation,False,37,37,1.0,0.0031087570775071133,0.14019360852065246,True,True,False,0.25,True,BNB-USD,crypto,0.14019360852065246
2025-09-11,Asset-Class Momentum Rotation,False,37,37,1.0,0.003098247824848859,0.14106501142062072,True,True,False,0.25,True,BNB-USD,crypto,0.14106501142062072
2025-09-12,Asset-Class Momentum Rotation,False,37,37,0.9999999999999998,0.0030814587296991622,0.1408374627605152,True,True,False,0.25,True,BNB-USD,crypto,0.1408374627605152
2025-09-15,Asset-Class Momentum Rotation,False,37,37,0.9999999999999999,0.0030338883938566446,0.14266480905074322,True,True,False,0.25,True,BNB-USD,crypto,0.14266480905074322
2025-09-16,Asset-Class Momentum Rotation,False,37,37,1.0000000000000002,0.003068065493588329,0.14314848355881266,True,True,False,0.25,True,BNB-USD,crypto,0.14314848355881266
2025-09-17,Asset-Class Momentum Rotation,False,37,37,1.0,0.0030462971095589326,0.1473444224674849,True,True,False,0.25,True,BNB-USD,crypto,0.1473444224674849
2025-09-18,Asset-Class Momentum Rotation,False,37,37,1.0,0.0030108526428713187,0.15128700420396962,True,True,False,0.25,True,BNB-USD,crypto,0.15128700420396962
2025-09-19,Asset-Class Momentum Rotation,False,37,37,1.0,0.002981483889614701,0.15007803289988056,True,True,False,0.25,True,BNB-USD,crypto,0.15007803289988056
2025-09-22,Asset-Class Momentum Rotation,False,37,37,0.9999999999999998,0.003001018535219489,0.15170267655836936,True,True,False,0.25,True,BNB-USD,crypto,0.15170267655836936
2025-09-23,Asset-Class Momentum Rotation,False,37,37,1.0,0.003033807334422912,0.15530378244616,True,True,False,0.25,True,BNB-USD,crypto,0.15530378244616
2025-09-24,Asset-Class Momentum Rotation,False,37,37,0.9999999999999998,0.003053991071582482,0.1590049909168887,True,True,False,0.25,True,BNB-USD,crypto,0.1590049909168887
2025-09-25,Asset-Class Momentum Rotation,False,37,37,0.9999999999999999,0.003034900396608842,0.1588998961353072,True,True,False,0.25,True,BNB-USD,crypto,0.1588998961353072
2025-09-26,Asset-Class Momentum Rotation,False,37,37,0.9999999999999998,0.003131912048671479,0.15220854863697506,True,True,False,0.25,True,BNB-USD,crypto,0.15220854863697506
2025-09-29,Asset-Class Momentum Rotation,False,37,37,0.9999999999999999,0.003092125190117214,0.1528292851605539,True,True,False,0.25,True,BNB-USD,crypto,0.1528292851605539
2025-09-30,Asset-Class Momentum Rotation,False,37,37,0.9999999999999999,0.0030400255310829584,0.15985851196625253,True,True,False,0.25,True,BNB-USD,crypto,0.15985851196625253
2025-10-01,Asset-Class Momentum Rotation,False,37,37,1.0,0.00304683489358639,0.1572129101240352,True,True,False,0.25,True,BNB-USD,crypto,0.1572129101240352
2025-10-02,Asset-Class Momentum Rotation,False,37,37,0.9999999999999999,0.002995446764188824,0.15686639140564995,True,True,False,0.25,True,BNB-USD,crypto,0.15686639140564995
2025-10-03,Asset-Class Momentum Rotation,False,37,37,1.0,0.002950461641728985,0.16374393937819537,True,True,False,0.25,True,BNB-USD,crypto,0.16374393937819537
2025-10-06,Asset-Class Momentum Rotation,False,37,37,0.9999999999999996,0.002889669785209319,0.17529859958741661,True,True,False,0.25,True,BNB-USD,crypto,0.17529859958741661
2025-10-07,Asset-Class Momentum Rotation,False,37,37,1.0000000000000002,0.0028349837658689374,0.1782624142567262,True,True,False,0.25,True,BNB-USD,crypto,0.1782624142567262
2025-10-08,Asset-Class Momentum Rotation,False,37,37,1.0,0.0028614221830787494,0.19156227373082055,True,True,False,0.25,True,BNB-USD,crypto,0.19156227373082055
2025-10-09,Asset-Class Momentum Rotation,False,37,37,1.0,0.002847446778016112,0.18995162778146513,True,True,False,0.25,True,BNB-USD,crypto,0.18995162778146513
2025-10-10,Asset-Class Momentum Rotation,False,37,37,1.0,0.0028977754754624246,0.18595259402779318,True,True,False,0.25,True,BNB-USD,crypto,0.18595259402779318
2025-10-13,Asset-Class Momentum Rotation,False,37,37,0.9999999999999999,0.0031682273034187186,0.17634099219083293,True,True,False,0.25,True,BNB-USD,crypto,0.17634099219083293
2025-10-14,Asset-Class Momentum Rotation,False,37,37,1.0,0.002989624764385848,0.194555246169494,True,True,False,0.25,True,BNB-USD,crypto,0.194555246169494
2025-10-15,Asset-Class Momentum Rotation,False,37,37,1.0,0.003061631778022458,0.1859498429759178,True,True,False,0.25,True,BNB-USD,crypto,0.1859498429759178
2025-10-16,Asset-Class Momentum Rotation,False,37,37,1.0,0.0030937028404745778,0.18079258976573073,True,True,False,0.25,True,BNB-USD,crypto,0.18079258976573073
2025-10-17,Asset-Class Momentum Rotation,False,37,37,0.9999999999999999,0.0031451515272102938,0.17978447847145604,True,True,False,0.25,True,BNB-USD,crypto,0.17978447847145604
2025-10-20,Asset-Class Momentum Rotation,False,37,37,1.0,0.003195765996763725,0.17116426249424999,True,True,False,0.25,True,BNB-USD,crypto,0.17116426249424999
2025-10-21,Asset-Class Momentum Rotation,False,37,37,1.0000000000000002,0.0031300285869741147,0.17153580081832326,True,True,False,0.25,True,BNB-USD,crypto,0.17153580081832326
2025-10-22,Asset-Class Momentum Rotation,False,37,37,1.0,0.0032076588083113154,0.1680000470326571,True,True,False,0.25,True,BNB-USD,crypto,0.1680000470326571
2025-10-23,Asset-Class Momentum Rotation,False,37,37,1.0,0.003213279794789198,0.17050809431932798,True,True,False,0.25,True,BNB-USD,crypto,0.17050809431932798
2025-10-24,Asset-Class Momentum Rotation,False,37,37,0.9999999999999998,0.003139807488635747,0.17644613669000025,True,True,False,0.25,True,BNB-USD,crypto,0.17644613669000025
2025-10-27,Asset-Class Momentum Rotation,False,37,37,1.0,0.0031300652556709553,0.17294882977698525,True,True,False,0.25,True,BNB-USD,crypto,0.17294882977698525
2025-10-28,Asset-Class Momentum Rotation,False,37,37,0.9999999999999998,0.003088202929771367,0.17475072210404888,True,True,False,0.25,True,BNB-USD,crypto,0.17475072210404888
2025-10-29,Asset-Class Momentum Rotation,False,37,37,1.0000000000000002,0.0031389488253330635,0.1714698191737704,True,True,False,0.25,True,BNB-USD,crypto,0.1714698191737704
2025-10-30,Asset-Class Momentum Rotation,True,37,37,1.0,0.003176834479855507,0.15575798591366172,True,True,True,0.25,True,BTC-USD,crypto,0.15575798591366172
2025-10-31,Asset-Class Momentum Rotation,False,37,37,0.9999999999999999,0.0032097086165107282,0.1557741205531734,True,True,False,0.25,True,BTC-USD,crypto,0.1557741205531734
2025-11-03,Asset-Class Momentum Rotation,False,37,37,1.0000000000000002,0.0031824219329611874,0.1567004881866159,True,True,False,0.25,True,BTC-USD,crypto,0.1567004881866159
2025-11-04,Asset-Class Momentum Rotation,False,37,37,1.0000000000000002,0.003266902734386074,0.1568349797818849,True,True,False,0.25,True,BTC-USD,crypto,0.1568349797818849
2025-11-05,Asset-Class Momentum Rotation,False,37,37,1.0000000000000002,0.0033720595170135845,0.1540085738127833,True,True,False,0.25,True,BTC-USD,crypto,0.1540085738127833
2025-11-06,Asset-Class Momentum Rotation,False,37,37,0.9999999999999999,0.0032781153130305085,0.15479619327478786,True,True,False,0.25,True,BTC-USD,crypto,0.15479619327478786
2025-11-07,Asset-Class Momentum Rotation,False,37,37,0.9999999999999998,0.003356841975950651,0.153183648374012,True,True,False,0.25,True,BTC-USD,crypto,0.153183648374012
2025-11-10,Asset-Class Momentum Rotation,False,37,37,1.0,0.0032853231036448927,0.15330964709537467,True,True,False,0.25,True,BTC-USD,crypto,0.15330964709537467
2025-11-11,Asset-Class Momentum Rotation,False,37,37,0.9999999999999999,0.0032183166589693653,0.1540297061311491,True,True,False,0.25,True,BTC-USD,crypto,0.1540297061311491
2025-11-12,Asset-Class Momentum Rotation,False,37,37,1.0,0.003282531314599633,0.1519621263267216,True,True,False,0.25,True,BTC-USD,crypto,0.1519621263267216
2025-11-13,Asset-Class Momentum Rotation,False,37,37,1.0,0.0032974451698137386,0.15040749633460038,True,True,False,0.25,True,BTC-USD,crypto,0.15040749633460038
2025-11-14,Asset-Class Momentum Rotation,False,37,37,1.0,0.0033268757958362307,0.15004788932673266,True,True,False,0.25,True,BTC-USD,crypto,0.15004788932673266
2025-11-17,Asset-Class Momentum Rotation,False,37,37,1.0000000000000004,0.003372427196819593,0.14484336500376357,True,True,False,0.25,True,BTC-USD,crypto,0.14484336500376357
2025-11-18,Asset-Class Momentum Rotation,False,37,37,1.0,0.0034383650519379605,0.14371534296877647,True,True,False,0.25,True,BTC-USD,crypto,0.14371534296877647
2025-11-19,Asset-Class Momentum Rotation,False,37,37,1.0,0.003415138284941359,0.14411829719653757,True,True,False,0.25,True,BTC-USD,crypto,0.14411829719653757
2025-11-20,Asset-Class Momentum Rotation,False,37,37,1.0,0.003457488058084353,0.14386848391151466,True,True,False,0.25,True,BTC-USD,crypto,0.14386848391151466
2025-11-21,Asset-Class Momentum Rotation,False,37,37,1.0,0.003566368371845152,0.14000467340592745,True,True,False,0.25,True,BTC-USD,crypto,0.14000467340592745
2025-11-24,Asset-Class Momentum Rotation,False,37,37,1.0,0.003605012955015986,0.13858466464560573,True,True,False,0.25,True,BTC-USD,crypto,0.13858466464560573
2025-11-25,Asset-Class Momentum Rotation,False,37,37,1.0000000000000002,0.0035317322249725316,0.14004326007214238,True,True,False,0.25,True,BTC-USD,crypto,0.14004326007214238
2025-11-26,Asset-Class Momentum Rotation,False,37,37,1.0,0.0035391213404319033,0.1385059146625663,True,True,False,0.25,True,BTC-USD,crypto,0.1385059146625663
2025-11-27,Asset-Class Momentum Rotation,False,37,37,1.0,0.003496477702682425,0.14118773480388244,True,True,False,0.25,True,BTC-USD,crypto,0.14118773480388244
2025-11-28,Asset-Class Momentum Rotation,False,37,37,0.9999999999999999,0.003495419573562005,0.14234100044969702,True,True,False,0.25,True,BTC-USD,crypto,0.14234100044969702
2025-12-01,Asset-Class Momentum Rotation,False,37,37,0.9999999999999999,0.0034790454634375527,0.1417786005343705,True,True,False,0.25,True,BTC-USD,crypto,0.1417786005343705
2025-12-02,Asset-Class Momentum Rotation,False,37,37,1.0,0.003537788589258098,0.13860734229419183,True,True,False,0.25,True,BTC-USD,crypto,0.13860734229419183
2025-12-03,Asset-Class Momentum Rotation,False,37,37,0.9999999999999998,0.0034473797739546855,0.14286902644231422,True,True,False,0.25,True,BTC-USD,crypto,0.14286902644231422
2025-12-04,Asset-Class Momentum Rotation,False,37,37,1.0,0.003400341159585581,0.14387383365387402,True,True,False,0.25,True,BTC-USD,crypto,0.14387383365387402
2025-12-05,Asset-Class Momentum Rotation,False,37,37,0.9999999999999998,0.00341559636937508,0.14314889318476826,True,True,False,0.25,True,BTC-USD,crypto,0.14314889318476826
2025-12-08,Asset-Class Momentum Rotation,False,37,37,1.0,0.003437511698054039,0.14041149562857197,True,True,False,0.25,True,BTC-USD,crypto,0.14041149562857197
2025-12-09,Asset-Class Momentum Rotation,False,37,37,0.9999999999999998,0.0034109841355834895,0.1417463259524383,True,True,False,0.25,True,BTC-USD,crypto,0.1417463259524383
2025-12-10,Asset-Class Momentum Rotation,False,37,37,1.0,0.003373709274820447,0.14322381474226198,True,True,False,0.25,True,BTC-USD,crypto,0.14322381474226198
2025-12-11,Asset-Class Momentum Rotation,False,37,37,1.0,0.0033901814323049166,0.142331494896019,True,True,False,0.25,True,BTC-USD,crypto,0.142331494896019
2025-12-12,Asset-Class Momentum Rotation,False,37,37,0.9999999999999999,0.0033976777872783363,0.1436015186486733,True,True,False,0.25,True,BTC-USD,crypto,0.1436015186486733
2025-12-15,Asset-Class Momentum Rotation,False,37,37,1.0,0.0034076214611262674,0.14190081500649193,True,True,False,0.25,True,BTC-USD,crypto,0.14190081500649193
2025-12-16,Asset-Class Momentum Rotation,False,37,37,1.0,0.0034637151683141604,0.1379892131983273,True,True,False,0.25,True,BTC-USD,crypto,0.1379892131983273
2025-12-17,Asset-Class Momentum Rotation,False,37,37,1.0,0.0034760943731281624,0.13999574174236687,True,True,False,0.25,True,BTC-USD,crypto,0.13999574174236687
2025-12-18,Asset-Class Momentum Rotation,False,37,37,1.0000000000000002,0.003521163927146469,0.13919280383600227,True,True,False,0.25,True,BTC-USD,crypto,0.13919280383600227
2025-12-19,Asset-Class Momentum Rotation,False,37,37,1.0,0.003552277838450106,0.13864898899719755,True,True,False,0.25,True,BTC-USD,crypto,0.13864898899719755
2025-12-22,Asset-Class Momentum Rotation,False,37,37,0.9999999999999999,0.003469199795351031,0.1401135419228026,True,True,False,0.25,True,BTC-USD,crypto,0.1401135419228026
2025-12-23,Asset-Class Momentum Rotation,False,37,37,1.0,0.0034489312365562543,0.1402104981126349,True,True,False,0.25,True,BTC-USD,crypto,0.1402104981126349
2025-12-24,Asset-Class Momentum Rotation,False,37,37,1.0,0.003460272306546613,0.13873868878829634,True,True,False,0.25,True,BTC-USD,crypto,0.13873868878829634
2025-12-25,Asset-Class Momentum Rotation,False,37,37,1.0,0.0034828481321641206,0.13911744491126277,True,True,False,0.25,True,BTC-USD,crypto,0.13911744491126277
2025-12-26,Asset-Class Momentum Rotation,False,37,37,1.0,0.0035025901021029254,0.13930363595858672,True,True,False,0.25,True,BTC-USD,crypto,0.13930363595858672
2025-12-29,Asset-Class Momentum Rotation,False,37,37,0.9999999999999998,0.0034708816299247737,0.13860469750861987,True,True,False,0.25,True,BTC-USD,crypto,0.13860469750861987
2025-12-30,Asset-Class Momentum Rotation,False,37,37,1.0,0.0034921239293981233,0.13867056309288706,True,True,False,0.25,True,BTC-USD,crypto,0.13867056309288706
2025-12-31,Asset-Class Momentum Rotation,False,37,37,1.0000000000000002,0.003461676509632601,0.13983309420861006,True,True,False,0.25,True,BTC-USD,crypto,0.13983309420861006
2026-01-01,Asset-Class Momentum Rotation,False,37,37,1.0000000000000002,0.0034647763792664417,0.13961247108865849,True,True,False,0.25,True,BTC-USD,crypto,0.13961247108865849
2026-01-02,Asset-Class Momentum Rotation,False,37,37,1.0,0.0034418850419701695,0.1406286122178353,True,True,False,0.25,True,BTC-USD,crypto,0.1406286122178353
2026-01-05,Asset-Class Momentum Rotation,False,37,37,0.9999999999999998,0.003364643921116015,0.1395597152684551,True,True,False,0.25,True,BTC-USD,crypto,0.1395597152684551
2026-01-06,Asset-Class Momentum Rotation,False,37,37,1.0,0.003279832862246775,0.14129977985849243,True,True,False,0.25,True,BTC-USD,crypto,0.14129977985849243
2026-01-07,Asset-Class Momentum Rotation,False,37,37,0.9999999999999999,0.0032622757307601015,0.14060295236434667,True,True,False,0.25,True,BTC-USD,crypto,0.14060295236434667
2026-01-08,Asset-Class Momentum Rotation,False,37,37,1.0,0.003339897573424758,0.1394156634385641,True,True,False,0.25,True,BTC-USD,crypto,0.1394156634385641
2026-01-09,Asset-Class Momentum Rotation,False,37,37,1.0,0.003336584546227088,0.13954827203190906,True,True,False,0.25,True,BTC-USD,crypto,0.13954827203190906
2026-01-12,Asset-Class Momentum Rotation,False,37,37,0.9999999999999999,0.003358809524699747,0.13876314931101133,True,True,False,0.25,True,BTC-USD,crypto,0.13876314931101133
2026-01-13,Asset-Class Momentum Rotation,False,37,37,1.0000000000000002,0.003330025433762981,0.13901844962033602,True,True,False,0.25,True,BTC-USD,crypto,0.13901844962033602
2026-01-14,Asset-Class Momentum Rotation,False,37,37,1.0,0.003269270873903401,0.14241770081017888,True,True,False,0.25,True,BTC-USD,crypto,0.14241770081017888
2026-01-15,Asset-Class Momentum Rotation,False,37,37,1.0000000000000002,0.0032713526115958316,0.14407500285172764,True,True,False,0.25,True,BTC-USD,crypto,0.14407500285172764
2026-01-16,Asset-Class Momentum Rotation,False,37,37,0.9999999999999999,0.003297966131042856,0.14321443262334863,True,True,False,0.25,True,BTC-USD,crypto,0.14321443262334863
2026-01-19,Asset-Class Momentum Rotation,False,37,37,1.0,0.003282561968765409,0.1433343738539058,True,True,False,0.25,True,BTC-USD,crypto,0.1433343738539058
2026-01-20,Asset-Class Momentum Rotation,False,37,37,1.0,0.0033270209457052892,0.14075656587147112,True,True,False,0.25,True,BTC-USD,crypto,0.14075656587147112
2026-01-21,Asset-Class Momentum Rotation,False,37,37,1.0,0.0033639990221024318,0.13759922778072303,True,True,False,0.25,True,BTC-USD,crypto,0.13759922778072303
2026-01-22,Asset-Class Momentum Rotation,False,37,37,1.0000000000000002,0.003352478574006823,0.13773426528401525,True,True,False,0.25,True,BTC-USD,crypto,0.13773426528401525
2026-01-23,Asset-Class Momentum Rotation,False,37,37,1.0,0.003361970484916104,0.13765721360732938,True,True,False,0.25,True,BTC-USD,crypto,0.13765721360732938
2026-01-26,Asset-Class Momentum Rotation,False,37,37,0.9999999999999998,0.003356903276869089,0.1371380567113009,True,True,False,0.25,True,BTC-USD,crypto,0.1371380567113009
2026-01-27,Asset-Class Momentum Rotation,True,37,37,0.9999999999999999,0.0029892594006119735,0.15317387527726684,True,True,True,0.25,True,DBA,commodities,0.15317387527726684
2026-01-28,Asset-Class Momentum Rotation,False,37,37,1.0,0.0029423364692877153,0.15218507488579516,True,True,False,0.25,True,DBA,commodities,0.15218507488579516
2026-01-29,Asset-Class Momentum Rotation,False,37,37,1.0,0.0029196709450295616,0.1515918310817277,True,True,False,0.25,True,DBA,commodities,0.1515918310817277
2026-01-30,Asset-Class Momentum Rotation,False,37,37,1.0,0.002907242171510754,0.1508537582571688,True,True,False,0.25,True,DBA,commodities,0.1508537582571688
2026-02-02,Asset-Class Momentum Rotation,False,37,37,1.0,0.0029897516039909216,0.15474113169353843,True,True,False,0.25,True,DBA,commodities,0.15474113169353843
2026-02-03,Asset-Class Momentum Rotation,False,37,37,1.0,0.0030430895555924146,0.15789150828242035,True,True,False,0.25,True,DBA,commodities,0.15789150828242035
2026-02-04,Asset-Class Momentum Rotation,False,37,37,0.9999999999999999,0.003012275756052185,0.15652225944755888,True,True,False,0.25,True,DBA,commodities,0.15652225944755888
2026-02-05,Asset-Class Momentum Rotation,False,37,37,1.0,0.0030106187150220672,0.15659023087728569,True,True,False,0.25,True,DBA,commodities,0.15659023087728569
2026-02-06,Asset-Class Momentum Rotation,False,37,37,0.9999999999999998,0.0031192538064084086,0.16087185596792228,True,True,False,0.25,True,DBA,commodities,0.16087185596792228
2026-02-09,Asset-Class Momentum Rotation,False,37,37,1.0,0.0030561796177764585,0.15751085860007744,True,True,False,0.25,True,DBA,commodities,0.15751085860007744
2026-02-10,Asset-Class Momentum Rotation,False,37,37,0.9999999999999998,0.003032206239506052,0.15618969522387008,True,True,False,0.25,True,DBA,commodities,0.15618969522387008
2026-02-11,Asset-Class Momentum Rotation,False,37,37,1.0000000000000002,0.0030760376699584383,0.15651814591910218,True,True,False,0.25,True,DBA,commodities,0.15651814591910218
2026-02-12,Asset-Class Momentum Rotation,False,37,37,1.0,0.0030414353312136965,0.156127685793958,True,True,False,0.25,True,DBA,commodities,0.156127685793958
2026-02-13,Asset-Class Momentum Rotation,False,37,37,1.0000000000000002,0.003128513539991622,0.15892159222179922,True,True,False,0.25,True,DBA,commodities,0.15892159222179922
2026-02-16,Asset-Class Momentum Rotation,False,37,37,0.9999999999999999,0.0031277151799454215,0.1574029918670682,True,True,False,0.25,True,DBA,commodities,0.1574029918670682
2026-02-17,Asset-Class Momentum Rotation,False,37,37,1.0000000000000002,0.003125434107693898,0.15728819637694272,True,True,False,0.25,True,DBA,commodities,0.15728819637694272
2026-02-18,Asset-Class Momentum Rotation,False,37,37,1.0000000000000002,0.0031560102450078147,0.15806999557137313,True,True,False,0.25,True,DBA,commodities,0.15806999557137313
2026-02-19,Asset-Class Momentum Rotation,False,37,37,1.0,0.003117509409066476,0.1575271565701133,True,True,False,0.25,True,DBA,commodities,0.1575271565701133
2026-02-20,Asset-Class Momentum Rotation,False,37,37,0.9999999999999999,0.003118740025158258,0.15779664148248748,True,True,False,0.25,True,DBA,commodities,0.15779664148248748
2026-02-23,Asset-Class Momentum Rotation,False,37,37,0.9999999999999999,0.003071634417197067,0.15656019501262314,True,True,False,0.25,True,DBA,commodities,0.15656019501262314
2026-02-24,Asset-Class Momentum Rotation,False,37,37,1.0,0.003092524012993034,0.15668329886643792,True,True,False,0.25,True,DBA,commodities,0.15668329886643792
2026-02-25,Asset-Class Momentum Rotation,False,37,37,1.0000000000000002,0.003097595802500767,0.1569022336333601,True,True,False,0.25,True,DBA,commodities,0.1569022336333601
2026-02-26,Asset-Class Momentum Rotation,False,37,37,1.0,0.0030707714665863172,0.15618395343786035,True,True,False,0.25,True,DBA,commodities,0.15618395343786035
2026-02-27,Asset-Class Momentum Rotation,False,37,37,1.0,0.0030883156480152668,0.15603056738921905,True,True,False,0.25,True,DBA,commodities,0.15603056738921905
2026-03-02,Asset-Class Momentum Rotation,False,37,37,1.0000000000000002,0.003093095389403609,0.15514681079400544,True,True,False,0.25,True,DBA,commodities,0.15514681079400544
2026-03-03,Asset-Class Momentum Rotation,False,37,37,1.0,0.003066310562806142,0.1551843580601328,True,True,False,0.25,True,DBA,commodities,0.1551843580601328
2026-03-04,Asset-Class Momentum Rotation,False,37,37,1.0000000000000002,0.0031196954221082876,0.1583865278382921,True,True,False,0.25,True,DBA,commodities,0.1583865278382921
2026-03-05,Asset-Class Momentum Rotation,False,37,37,1.0,0.003082995003564425,0.15761829888320453,True,True,False,0.25,True,DBA,commodities,0.15761829888320453
2026-03-06,Asset-Class Momentum Rotation,False,37,37,1.0,0.003082777196948441,0.16000312517769258,True,True,False,0.25,True,DBA,commodities,0.16000312517769258
2026-03-09,Asset-Class Momentum Rotation,False,37,37,1.0,0.0030347541829521462,0.1598941016468598,True,True,False,0.25,True,DBA,commodities,0.1598941016468598
2026-03-10,Asset-Class Momentum Rotation,False,37,37,1.0,0.0030639100904265846,0.15907853004561304,True,True,False,0.25,True,DBA,commodities,0.15907853004561304
2026-03-11,Asset-Class Momentum Rotation,False,37,37,1.0,0.003016691913326468,0.15867026533726583,True,True,False,0.25,True,DBA,commodities,0.15867026533726583
2026-03-12,Asset-Class Momentum Rotation,False,37,37,1.0,0.0029769017454691253,0.15916228811474667,True,True,False,0.25,True,DBA,commodities,0.15916228811474667
2026-03-13,Asset-Class Momentum Rotation,False,37,37,1.0,0.0029722962604816832,0.15952486806621224,True,True,False,0.25,True,DBA,commodities,0.15952486806621224
2026-03-16,Asset-Class Momentum Rotation,False,37,37,1.0,0.0029782888399536474,0.16064073860970712,True,True,False,0.25,True,DBA,commodities,0.16064073860970712
2026-03-17,Asset-Class Momentum Rotation,False,37,37,0.9999999999999999,0.002982046843006779,0.1578177567936574,True,True,False,0.25,True,DBA,commodities,0.1578177567936574
2026-03-18,Asset-Class Momentum Rotation,False,37,37,0.9999999999999998,0.002979801624592606,0.15827691884309295,True,True,False,0.25,True,DBA,commodities,0.15827691884309295
2026-03-19,Asset-Class Momentum Rotation,False,37,37,1.0,0.0029971238489182035,0.16183813002546943,True,True,False,0.25,True,DBA,commodities,0.16183813002546943
2026-03-20,Asset-Class Momentum Rotation,False,37,37,1.0000000000000002,0.003047382626601823,0.16391983411259864,True,True,False,0.25,True,DBA,commodities,0.16391983411259864
2026-03-23,Asset-Class Momentum Rotation,False,37,37,0.9999999999999998,0.003037311683474467,0.1657969472085101,True,True,False,0.25,True,DBA,commodities,0.1657969472085101
2026-03-24,Asset-Class Momentum Rotation,False,37,37,1.0,0.0030680120973571655,0.16632522761155705,True,True,False,0.25,True,DBA,commodities,0.16632522761155705
2026-03-25,Asset-Class Momentum Rotation,False,37,37,1.0000000000000002,0.00305268425229541,0.16653507301924536,True,True,False,0.25,True,DBA,commodities,0.16653507301924536
2026-03-26,Asset-Class Momentum Rotation,False,37,37,0.9999999999999999,0.003052418894130872,0.16535836883184438,True,True,False,0.25,True,DBA,commodities,0.16535836883184438
2026-03-27,Asset-Class Momentum Rotation,False,37,37,1.0,0.0030651307300221847,0.16838636544336766,True,True,False,0.25,True,DBA,commodities,0.16838636544336766
2026-03-30,Asset-Class Momentum Rotation,False,37,37,1.0,0.0030269948023144786,0.16757400969119488,True,True,False,0.25,True,DBA,commodities,0.16757400969119488
2026-03-31,Asset-Class Momentum Rotation,False,37,37,1.0,0.003053761974414179,0.1665279744710997,True,True,False,0.25,True,DBA,commodities,0.1665279744710997
2026-04-01,Asset-Class Momentum Rotation,False,37,37,1.0,0.0029972668850748773,0.16482348330120922,True,True,False,0.25,True,DBA,commodities,0.16482348330120922
2026-04-02,Asset-Class Momentum Rotation,False,37,37,1.0,0.002995593863977849,0.16356595999947746,True,True,False,0.25,True,DBA,commodities,0.16356595999947746
2026-04-03,Asset-Class Momentum Rotation,False,37,37,1.0000000000000002,0.0029892295329815096,0.1625808937576,True,True,False,0.25,True,DBA,commodities,0.1625808937576
2026-04-06,Asset-Class Momentum Rotation,False,37,37,0.9999999999999998,0.002988465159892575,0.16253932034927115,True,True,False,0.25,True,DBA,commodities,0.16253932034927115
2026-04-07,Asset-Class Momentum Rotation,False,37,37,1.0,0.002970550626723015,0.16254100403319066,True,True,False,0.25,True,DBA,commodities,0.16254100403319066
2026-04-08,Asset-Class Momentum Rotation,False,37,37,1.0,0.0029692838171353716,0.16088221386463894,True,True,False,0.25,True,DBA,commodities,0.16088221386463894
2026-04-09,Asset-Class Momentum Rotation,False,37,37,0.9999999999999998,0.0029684066761331645,0.15948562168428387,True,True,False,0.25,True,DBA,commodities,0.15948562168428387
2026-04-10,Asset-Class Momentum Rotation,False,37,37,0.9999999999999998,0.0029513061427728525,0.15896922209671638,True,True,False,0.25,True,DBA,commodities,0.15896922209671638
2026-04-13,Asset-Class Momentum Rotation,False,37,37,1.0,0.0029449620734875634,0.15913099943904394,True,True,False,0.25,True,DBA,commodities,0.15913099943904394
2026-04-14,Asset-Class Momentum Rotation,False,37,37,1.0,0.002931536809732557,0.1581657437189286,True,True,False,0.25,True,DBA,commodities,0.1581657437189286
2026-04-15,Asset-Class Momentum Rotation,False,37,37,1.0,0.002933096384663411,0.15852579712496306,True,True,False,0.25,True,DBA,commodities,0.15852579712496306
2026-04-16,Asset-Class Momentum Rotation,False,37,37,1.0,0.0029237629771611063,0.1590055097364468,True,True,False,0.25,True,DBA,commodities,0.1590055097364468
2026-04-17,Asset-Class Momentum Rotation,False,37,37,1.0,0.0028958305678936976,0.1581403560587764,True,True,False,0.25,True,DBA,commodities,0.1581403560587764
2026-04-20,Asset-Class Momentum Rotation,False,37,37,1.0000000000000002,0.002921252994115293,0.15697332073603973,True,True,False,0.25,True,DBA,commodities,0.15697332073603973
2026-04-21,Asset-Class Momentum Rotation,False,37,37,1.0000000000000002,0.002922332525771226,0.15747583394804424,True,True,False,0.25,True,DBA,commodities,0.15747583394804424
2026-04-22,Asset-Class Momentum Rotation,False,37,37,1.0,0.0029195350605974737,0.15925243346340523,True,True,False,0.25,True,DBA,commodities,0.15925243346340523
2026-04-23,Asset-Class Momentum Rotation,False,37,37,1.0000000000000002,0.002902821600626237,0.15779779062400637,True,True,False,0.25,True,DBA,commodities,0.15779779062400637
2026-04-24,Asset-Class Momentum Rotation,True,37,37,1.0,0.003419647279158183,0.21771267905404398,True,True,True,0.25,True,DBA,commodities,0.21771267905404398
2026-04-27,Asset-Class Momentum Rotation,False,37,37,1.0,0.0034290679137273837,0.21783006862435605,True,True,False,0.25,True,DBA,commodities,0.21783006862435605
2026-04-28,Asset-Class Momentum Rotation,False,37,37,1.0,0.0034139995445422863,0.21938604780887166,True,True,False,0.25,True,DBA,commodities,0.21938604780887166
2026-04-29,Asset-Class Momentum Rotation,False,37,37,1.0000000000000002,0.003418315336903283,0.22253856275162065,True,True,False,0.25,True,DBA,commodities,0.22253856275162065
2026-04-30,Asset-Class Momentum Rotation,False,37,37,1.0000000000000002,0.003395494954282037,0.22397630194387827,True,True,False,0.25,True,DBA,commodities,0.22397630194387827
2026-05-01,Asset-Class Momentum Rotation,False,37,37,1.0,0.0033572112093008025,0.22102708030439247,True,True,False,0.25,True,DBA,commodities,0.22102708030439247
2026-05-04,Asset-Class Momentum Rotation,False,37,37,0.9999999999999999,0.00337087858582565,0.22176736864397018,True,True,False,0.25,True,DBA,commodities,0.22176736864397018
2026-05-05,Asset-Class Momentum Rotation,False,37,37,0.9999999999999998,0.003352898125868954,0.22369538788198046,True,True,False,0.25,True,DBA,commodities,0.22369538788198046
2026-05-06,Asset-Class Momentum Rotation,False,37,37,0.9999999999999999,0.0033553189088407448,0.22325486957629373,True,True,False,0.25,True,DBA,commodities,0.22325486957629373
2026-05-07,Asset-Class Momentum Rotation,False,37,37,0.9999999999999997,0.003358551373714012,0.21935906681449063,True,True,False,0.25,True,DBA,commodities,0.21935906681449063
2026-05-08,Asset-Class Momentum Rotation,False,37,37,1.0,0.0033641328812381156,0.21878056874921806,True,True,False,0.25,True,DBA,commodities,0.21878056874921806
2026-05-11,Asset-Class Momentum Rotation,False,37,37,1.0,0.003362075293883919,0.21888491223279471,True,True,False,0.25,True,DBA,commodities,0.21888491223279471
2026-05-12,Asset-Class Momentum Rotation,False,37,37,0.9999999999999998,0.0032969873338640223,0.21873148089531108,True,True,False,0.25,True,DBA,commodities,0.21873148089531108
2026-05-13,Asset-Class Momentum Rotation,False,37,37,0.9999999999999998,0.0032671803890657984,0.22005625849793967,True,True,False,0.25,True,DBA,commodities,0.22005625849793967
2026-05-14,Asset-Class Momentum Rotation,False,37,37,1.0,0.0032585970929816755,0.22120176786470702,True,True,False,0.25,True,DBA,commodities,0.22120176786470702
2026-05-15,Asset-Class Momentum Rotation,False,37,37,1.0,0.0032815823386377874,0.21873081603006927,True,True,False,0.25,True,DBA,commodities,0.21873081603006927
2026-05-18,Asset-Class Momentum Rotation,False,37,37,1.0,0.0032888240880373913,0.2192068714742653,True,True,False,0.25,True,DBA,commodities,0.2192068714742653
2026-05-19,Asset-Class Momentum Rotation,False,37,37,1.0,0.003271526759134883,0.2212174520409637,True,True,False,0.25,True,DBA,commodities,0.2212174520409637
2026-05-20,Asset-Class Momentum Rotation,False,37,37,1.0,0.003261409266432573,0.2225974499558473,True,True,False,0.25,True,DBA,commodities,0.2225974499558473
2026-05-21,Asset-Class Momentum Rotation,False,37,37,1.0,0.0032905314476291583,0.21976723265883596,True,True,False,0.25,True,DBA,commodities,0.21976723265883596
2026-05-22,Asset-Class Momentum Rotation,False,37,37,0.9999999999999999,0.003309463201174891,0.21738368142831563,True,True,False,0.25,True,DBA,commodities,0.21738368142831563
2026-05-25,Asset-Class Momentum Rotation,False,37,37,0.9999999999999999,0.00333827808916534,0.21769029457329211,True,True,False,0.25,True,DBA,commodities,0.21769029457329211
2026-05-26,Asset-Class Momentum Rotation,False,37,37,1.0000000000000002,0.0033345803956050728,0.21744916666876285,True,True,False,0.25,True,DBA,commodities,0.21744916666876285
2026-05-27,Asset-Class Momentum Rotation,False,37,37,1.0000000000000002,0.0033511069175729494,0.21673826580905262,True,True,False,0.25,True,DBA,commodities,0.21673826580905262
2026-05-28,Asset-Class Momentum Rotation,False,37,37,1.0,0.003377498803787047,0.21793299717127693,True,True,False,0.25,True,DBA,commodities,0.21793299717127693
2026-05-29,Asset-Class Momentum Rotation,False,37,37,1.0000000000000002,0.003380670076202915,0.21788722592395662,True,True,False,0.25,True,DBA,commodities,0.21788722592395662
2026-06-01,Asset-Class Momentum Rotation,False,37,37,1.0,0.0033954470658970775,0.21617071798423868,True,True,False,0.25,True,DBA,commodities,0.21617071798423868
2026-06-02,Asset-Class Momentum Rotation,False,37,37,1.0,0.0033997459664679396,0.21624853428082574,True,True,False,0.25,True,DBA,commodities,0.21624853428082574
2026-06-03,Asset-Class Momentum Rotation,False,37,37,0.9999999999999999,0.0034111098604867355,0.21556157410745008,True,True,False,0.25,True,DBA,commodities,0.21556157410745008
2026-06-04,Asset-Class Momentum Rotation,False,37,37,1.0000000000000002,0.0034272023869423573,0.21535708107188464,True,True,False,0.25,True,DBA,commodities,0.21535708107188464
2026-06-05,Asset-Class Momentum Rotation,False,37,37,1.0,0.0034278425170561084,0.21355839333901416,True,True,False,0.25,True,DBA,commodities,0.21355839333901416
2026-06-08,Asset-Class Momentum Rotation,False,37,37,0.9999999999999999,0.0034876854101520815,0.21603751602576673,True,True,False,0.25,True,DBA,commodities,0.21603751602576673
2026-06-09,Asset-Class Momentum Rotation,False,37,37,0.9999999999999999,0.003463651801003475,0.21509254826625726,True,True,False,0.25,True,DBA,commodities,0.21509254826625726
2026-06-10,Asset-Class Momentum Rotation,False,37,37,1.0,0.003490150507697225,0.21505582723406494,True,True,False,0.25,True,DBA,commodities,0.21505582723406494
2026-06-11,Asset-Class Momentum Rotation,False,37,37,1.0,0.0035056727467652144,0.21703520671064414,True,True,False,0.25,True,DBA,commodities,0.21703520671064414
2026-06-12,Asset-Class Momentum Rotation,False,37,37,1.0,0.0035125951760328128,0.21443698610306744,True,True,False,0.25,True,DBA,commodities,0.21443698610306744
2026-06-15,Asset-Class Momentum Rotation,False,37,37,0.9999999999999999,0.0034930316412171095,0.21327712088868228,True,True,False,0.25,True,DBA,commodities,0.21327712088868228
2026-06-16,Asset-Class Momentum Rotation,False,37,37,1.0,0.003463948519306499,0.21275381368989735,True,True,False,0.25,True,DBA,commodities,0.21275381368989735
2026-06-17,Asset-Class Momentum Rotation,False,37,37,0.9999999999999999,0.003478778901942534,0.21475505388573754,True,True,False,0.25,True,DBA,commodities,0.21475505388573754
2026-06-18,Asset-Class Momentum Rotation,False,37,37,1.0000000000000002,0.00352660351060827,0.21882186503953122,True,True,False,0.25,True,DBA,commodities,0.21882186503953122
2026-06-19,Asset-Class Momentum Rotation,False,37,37,1.0,0.0035520970345560778,0.21762050126594445,True,True,False,0.25,True,DBA,commodities,0.21762050126594445
2026-06-22,Asset-Class Momentum Rotation,False,37,37,1.0000000000000002,0.0035517282999933315,0.21759791061045325,True,True,False,0.25,True,DBA,commodities,0.21759791061045325
2026-06-23,Asset-Class Momentum Rotation,False,37,37,1.0000000000000002,0.003524244376125247,0.21773279575750426,True,True,False,0.25,True,DBA,commodities,0.21773279575750426
2026-06-24,Asset-Class Momentum Rotation,False,37,37,1.0,0.0035653793877315635,0.2195803422756047,True,True,False,0.25,True,DBA,commodities,0.2195803422756047
