Date,Equal Weight,Momentum Tilt 6M/12M,Time-Series Momentum,Cross-Asset Relative Momentum,Dual Momentum Absolute,Trend-Following MA,Volatility-Scaled Momentum,Risk-Managed Equal Weight,Regime-Aware Allocation,Asset-Class Momentum Rotation,Signal-Aware HRP Lite,Shrunk Max Sharpe Nested
2019-10-17,0.006695774205568952,0.0036152595245190354,0.0023132802834633843,0.006913887878462014,0.00877285838123134,0.00033233871469173304,0.0023132802834633843,0.004809398916694479,0.0064622691957578636,0.0033199726721019106,0.0011819267974145866,0.004349800211102639
2019-10-18,-0.0029563499045506857,-0.0010169782517577511,-0.00011942022716824696,-0.0037331086488140556,-0.0037552092880066583,0.0002375676330761913,-0.00011942022716824696,-0.0012377323128989252,-0.002776459346367592,-0.0004793891574908026,0.00021356042744705996,-0.002218938173336249
2019-10-21,0.00325250195085862,0.0021798754096734154,0.0018092870837635457,0.00598306452885717,0.004424331642717863,0.0008246466028416864,0.0018092870837635457,0.0016813419226653157,0.00359205215325833,0.004272184184847712,0.0008740721486909611,0.001174274670332553
2019-10-22,-0.0016681310984882035,-0.0008105148774673039,-0.0005356958513037834,-0.0038944596517664007,-0.0030051727346773506,0.0003405632840312145,-0.0005356958513037834,-0.0007278793147633807,-0.0017648499502623037,-0.0019457139732117095,9.365831343355356e-05,-0.001202090491739771
2019-10-23,-0.005623186587965394,-0.0026695865340252063,-0.0011593687621273443,-0.016993992886269828,-0.01609719972639525,0.001455541004090388,-0.0011593687621273443,-0.0013033516891850603,-0.005710594839991502,-0.0025664466317468727,0.0009900625798628065,-0.009534118301451157
2019-10-24,0.002935538531711415,0.0019307193137471361,0.0012550166230738504,0.003216487541444286,0.0030085036189457445,0.0008889456561155321,0.0012550166230738504,0.002564044071279373,0.0026533239885766936,-0.0002995774553379857,0.0009053272095268778,0.00329589772977458
2019-10-25,0.015273186261947992,0.007607636797491525,0.00307638408386547,0.029319173340855396,0.024679767484951078,9.779118727568198e-05,0.00307638408386547,0.008867126590891113,0.015262727876353983,0.004668191099210187,0.001674459141355648,0.00923562117961651
2019-10-28,0.004669460699897414,0.0014682837299964712,0.00036573411085627635,0.012873471067850202,0.013408839852252184,-0.0010809305737430885,0.00036573411085627635,0.002437031881718024,0.004837591407052115,0.0008596057815914518,-0.0003398635224604183,0.003089274335425176
2019-10-29,0.004813799722971138,0.0025375801602324187,0.0012082843241875132,0.007195083719768054,0.007805848469546301,0.00010504974957270202,0.0012082843241875132,0.0029725038059538822,0.004914917534060571,0.003509790169311019,0.000660506372436784,0.003176288130344449
2019-10-30,-0.0007601484553377638,0.0018277839552279112,0.003323452255464596,-0.001984885878108061,-0.001267777655767317,0.0031100228228093255,0.003323452255464596,0.001351832785234888,-0.0006679771806253908,0.000905152431342308,0.002541881907283324,0.0038090242685231432
2019-10-31,-0.001985956409436948,0.00044930594278461773,0.0011830386270189582,0.000999313196174738,-0.0004686587342287926,0.0014017696804167065,0.0011830386270189582,-0.0015932939927194596,-0.0018672082849098958,0.00017860521454582368,0.0005691452905971035,0.002532424681239958
2019-11-01,0.007595366144542268,0.004541699164685134,0.0035382636299767165,0.003420387698796489,0.0047081904165823365,0.0029266202466951955,0.0035382636299767165,0.007573281655174669,0.007212297773378647,0.00397315412012557,0.003946324175018301,0.0011689704308245894
2019-11-04,0.0051295817707993335,0.0009172802638626452,-0.0006859664406707438,0.004317501884919996,0.006477061236448557,-0.0012733213504157112,-0.0006859664406707438,0.0033659910156665666,0.0046171742076277,0.0008892519911440182,-1.5084418998677124e-05,-0.0006085468179617564
2019-11-05,-0.0005268959271927486,-0.003810906479368798,-0.005105870387070142,-0.006735413696156654,-0.004895783390371125,-0.0036921707744334824,-0.005105870387070142,-0.0011389054871309826,-0.0010320368621191157,-0.0053442839616189,-0.0026690027558873733,-0.006057958844194932
2019-11-06,0.0011611250058550472,0.0019265248451439886,0.0021876746321625234,0.0026791216882756127,0.0024576068929990777,0.001697886037633338,0.0021876746321625234,0.00045297903227684943,0.0012704160882685415,0.0019145965089174116,0.0009840656186521257,0.003867395928282822
2019-11-07,-0.005644566099466029,-0.005982371507027155,-0.0051058015848974014,-0.009225469864273108,-0.005858675427051007,-0.003798876033543953,-0.0051058015848974014,-0.00505255556106394,-0.005717145044004779,-0.005824405860047838,-0.003507415315666367,-0.010149763845720321
2019-11-08,-0.008193916258995522,-0.005599335719042263,-0.00412134651087167,-0.01572836049348804,-0.0141851631161455,-0.0016422666479137186,-0.00412134651087167,-0.005792887281647186,-0.00825496144121641,-0.005976166580246982,-0.0023789636020550183,-0.008152043822835147
2019-11-11,-0.0028854494906748918,-0.001475211151851059,-0.0005073730763860565,0.0008040764911244005,0.002587425690911781,-0.0008555036280717499,-0.0005073730763860565,-0.003964710311676636,-0.0028946931417430516,-0.0019985256835283634,-0.0017722692022417474,0.0016882464325241107
2019-11-12,0.0008979678163416184,0.000626339258471569,0.0005445223476620823,0.0047948806839131185,0.006437201335817473,-4.7785792245534425e-05,0.0005445223476620823,0.00029494464396957374,0.0008090733433350128,-0.0030165392523216657,-8.886605641441996e-06,0.005450741652576613
2019-11-13,0.001154558148417451,0.0020580647303828276,0.0020997947030612003,0.0053000304710371805,0.004600007637258749,0.0010998666294611734,0.0020997947030612003,0.0012952262560105604,0.001388632913858811,0.0010304244126390647,0.0008857136822266443,0.006587495974571485
2019-11-14,0.00022599786080367207,0.002102754534445607,0.0032105659264828274,0.0014651669760663403,0.0021838862920766453,0.002483946094394474,0.0032105659264828274,0.0009092999336568056,0.00032102815201003797,0.0029157161098231276,0.0019426622579591648,0.004266656626693118
2019-11-15,0.0004902631809607344,0.0006267017492317326,0.0006135295912581573,-0.007185710950889598,-0.0076739610505651605,0.001925823715735385,0.0006135295912581573,0.0018633786022209699,0.0005857987978147108,0.0018045892152240151,0.0017606239379812168,-0.004415692123269569
2019-11-18,-0.004013170709942785,-0.0012249285533897135,-3.7644750887399006e-07,-0.007422542242034597,-0.00901393873977511,0.0012180081760161125,-3.7644750887399006e-07,-0.0030196002421347882,-0.0038139533341406246,0.00032914418812806073,3.313261876131021e-05,-0.003772498747690435
2019-11-19,-0.002458962228653627,-0.0006606325686538629,0.0001969653339804071,-0.004592946669624675,-0.005168671683989582,0.0008243144423858292,0.0001969653339804071,-0.0012452567769569063,-0.002293633978176662,0.0011627067083228994,0.0004036599804164827,-0.004318823408266968
2019-11-20,-0.0023600872433751315,-0.0010540697551631312,-0.0009114273517308467,-0.005390526883124185,-0.006715133281700956,-4.1025607377826454e-05,-0.0009114273517308467,-0.00062519503090055,-0.0023683523040309764,-0.0018819348574771401,0.00014799443578993873,-0.0016698242515224917
2019-11-21,-0.009290587100990774,-0.0071017722081597,-0.006077020612748323,-0.018888403551786975,-0.018623299125101116,-0.002679161263398426,-0.006077020612748323,-0.005737435373760915,-0.00947012588525541,-0.008973397625873179,-0.002896185742356067,-0.013714012132473441
2019-11-22,-0.006511702784094835,-0.0035739362398119136,-0.0020736058786699893,-0.014646277245466001,-0.014636760352064083,0.00013851243996062797,-0.0020736058786699893,-0.003369910790032661,-0.006555451634584399,-0.004143290001780854,-0.0003702022830171655,-0.007644223913260098
2019-11-25,-0.0004327438885797408,0.0011173168187316787,0.002945091870620137,-0.0031255276050686114,-0.00014280458566153843,0.002729069277160058,0.002945091870620137,0.0005226888530698959,-0.00037763779561943373,0.00208882965689934,0.0024652226007463767,-6.830921780142502e-05
2019-11-26,0.0043523235021281845,0.00428731205225297,0.004076002515267517,0.007705285932513581,0.006614174487929484,0.002685044577500453,0.004076002515267517,0.0038765044428033407,0.004527594887653485,0.0056280990970993365,0.002551622794905657,0.006709742953848858
2019-11-27,0.00428524984830743,0.0025197068628621594,0.0017528499523654574,0.00915672173310223,0.008470578954545338,0.00020344831139417746,0.0017528499523654574,0.0017657807320811765,0.004527578304751105,0.003072596952773619,0.0004438752886727497,0.005486836882061709
2019-11-28,-0.0010005066778669704,-0.0006850104575562733,-0.0006928687515719614,-0.003689713084862056,-0.004470967835578037,-3.2731684785995726e-05,-0.0006928687515719614,-0.0005477127756068248,-0.0010134609451171927,-0.0005112589887027015,-0.0001244709909335711,-0.0025005082215908982
2019-11-29,-0.002473120090808486,-0.0016820276958909516,-0.0019080661344157584,0.006366240652239769,0.004433732869905881,-0.0019766108280513403,-0.0019080661344157584,-0.004955858526122197,-0.002160409257811764,-0.002135244007732998,-0.0030932508660710427,0.0024738485795407408
2019-12-02,-0.01108063080728298,-0.008669154704781589,-0.007316455808964372,-0.020085771979294034,-0.018695775386603344,-0.003965423011903557,-0.007316455808964372,-0.00782059950198832,-0.011263759102774308,-0.008693871821715476,-0.0041654057939011155,-0.015208934985569453
2019-12-03,0.0010302955245672341,0.0026189401432956134,0.0026252829078241445,0.004249318250053598,0.0021781745345948685,0.002219055776982814,0.0026252829078241445,0.0023623273916982043,0.0010892830748103143,0.0027171325895388176,0.002080686721558184,0.00430015858268838
2019-12-04,0.0019897447127621847,0.0011638043013556308,0.0012596545219728315,-0.0008713220320404772,0.000904903056501579,0.0009609219140402832,0.0012596545219728315,0.002009960771750842,0.002094710999110596,0.001125184148651293,0.0013863221324133218,0.0005615341199434515
2019-12-05,0.003207693987067983,0.0017033002577082443,0.0009644563907109651,0.006847745754881557,0.006562696042029747,-5.3245190213168325e-06,0.0009644563907109651,0.0020206910657412907,0.003251555768760805,0.0013476494805444111,0.00027852261419821915,0.002892784622423223
2019-12-06,0.003716495998808501,0.0017563200402641354,0.0011664849411645378,0.0009835645077238167,0.0015186439050225418,0.0013276399310192446,0.0011664849411645378,0.002959319155501372,0.0037571765892312503,0.0035465042061618495,0.001794534026465503,-4.3988782030532304e-05
2019-12-09,-0.003407461884184457,-0.00187052736791001,-0.0010463829890460517,-0.004464228569183617,-0.004212491712528014,-0.0007825442316212168,-0.0010463829890460517,-0.002863043754877182,-0.0034108896117821183,-0.0006350513596445144,-0.0009461689135386702,-0.002001762758800255
2019-12-10,-0.000949076194733764,-0.0010680766265198616,-0.0013112792530676066,-0.005391539157137424,-0.0058647050064586925,8.128908911316966e-05,-0.0013112792530676066,0.0004885213681137883,-0.001145754361035439,-0.0017886418090806997,0.00018341896916332592,-0.003978359809656431
2019-12-11,0.0024054274891046738,0.0024646799828923933,0.0028831262580794603,0.0003036782947614338,0.0016197457554160107,0.0028965778553041925,0.0028831262580794603,0.003019505628437639,0.002088110637321031,-0.00064520211994302,0.0028507773361089728,0.002259754987479986
2019-12-12,0.004642499859540154,0.0007982282969997815,-0.0005630089691416769,-0.0004506666482837527,0.0013749913916579226,-0.00020350684404690133,-0.0005630089691416769,0.004287872746618066,0.004206665072402221,-0.0019266281266242906,0.0008872964017276103,-0.0029463249239018805
2019-12-13,0.0008503789145698107,0.0022945208854953303,0.002901187462070239,0.0031055494452253097,0.0025981333969603217,0.0023440025153312807,0.002901187462070239,0.0005970113320946672,0.0009171661798422418,0.0006821070626780879,0.0018458938721981199,0.005466220910347666
2019-12-16,-0.003361361417220662,-0.0011801934917795903,8.858733272562808e-05,-0.011491470608223413,-0.012035414612210131,0.00162195155528762,8.858733272562808e-05,0.0003621112534786474,-0.0030773979021903415,0.0007245175008233256,0.0016922855608771975,-0.0070161348822221584
2019-12-17,-0.008542305372244752,-0.0048642954797438595,-0.002588245699582758,-0.014899205921782675,-0.014016264748225425,-0.0004692724782163567,-0.002588245699582758,-0.004881521503555135,-0.008524302058768165,-0.0066621531523719715,-0.0011223863878161888,-0.008844831762494865
2019-12-18,0.008879044871216837,0.005190426612734901,0.0029993704263890763,0.01993225160324074,0.016719172756316566,0.0004787000780862901,0.0029993704263890763,0.004800864874295929,0.00929637521802157,0.006686355835824748,0.001107746985969553,0.00854286630577528
2019-12-19,-0.0005462738610987555,0.0010690231467779718,0.0020880930460307166,0.0005772561001101212,0.0010286288057012624,0.001543000810934641,0.0020880930460307166,0.0004342258131971472,-0.0003149365907220891,0.0020340183570736426,0.0011979811703812,0.001759595793743325
2019-12-20,0.002634697381007127,0.002413705183730383,0.002276667067957898,0.00409272582599203,0.003711922589033226,0.0010794945982158092,0.002276667067957898,0.0016991973430616463,0.0028401750642906573,0.0030220953529622833,0.0013042256352143711,0.0040768054382191886
2019-12-23,-0.0005533293062007923,-0.0004120495559840649,-0.00046540603205076246,0.00030619974525907337,-0.0007848212612904233,0.00026917999248142114,-0.00046540603205076246,-0.0002282727302328308,-0.0005475292882756886,-0.0013997571315224897,-0.00016125543467460513,-0.003737807527960081
2019-12-24,0.0024827777266240632,0.0021730326484825893,0.0016988289015035794,0.003057257746991859,0.002265116422211966,0.0012440858997791395,0.0016988289015035794,0.0025236464216122937,0.0023634039114072613,0.0023956817906422003,0.0014155118875557615,0.0029870369628963306
2019-12-25,-0.0014018007921897425,-0.0007463826634479991,-0.0004508278555590663,-0.002661156086592586,-0.002970079888871265,-2.2425285978718326e-05,-0.0004508278555590663,-0.0007624760539947868,-0.0013659735831448635,-0.000697969143038585,-0.00014830559593360045,-0.0018041690760778322
2019-12-26,0.0044692102759742985,0.0036759672086117707,0.003367900513544694,0.003878261454849095,0.0037879260441744294,0.002517161905792594,0.003367900513544694,0.004793230577484712,0.0043073340482261,0.0038386435622264235,0.0028027844843460984,0.0052345418860581545
2019-12-27,0.00021435065122737073,0.00094056560631607,0.0016131622178706655,0.002273684601188613,0.002779283350775991,0.0009615792912206516,0.0016131622178706655,0.0001647709415114373,0.0004511766559812114,0.0027593217748490273,0.0009786034487235416,0.0018898549331894659
2019-12-30,9.047573818701888e-05,-0.0003521492995173708,-0.0006705115303250241,0.0032205585373847848,0.004025966984073177,-0.0011478620738971093,-0.0006705115303250241,-0.0008042586039266864,-5.808878760400044e-05,-0.0003207470626664903,-0.0011043868855491964,0.0015394315865476416
2019-12-31,-0.0006252693061730216,-0.00011760193502827453,0.0004958741841259236,-0.0022244488078498902,-0.0013433936832105233,0.0006266232585903188,0.0004958741841259236,-0.00012035930537537008,-0.00044918871340134396,0.002326727745943319,0.0003312921972619606,-0.0016442691177373187
2020-01-01,0.0005473252775577772,0.00020649882882609177,-5.086600957551944e-05,1.7833234625403284e-06,-0.0003344953022086654,3.1032106337473326e-06,-5.086600957551944e-05,0.0002975488458040742,0.0005201979525661876,0.0002577076772294791,4.30978962342876e-05,-0.00011243723064596582
2020-01-02,0.0014070952616547124,0.0016252439192024992,0.002492474238252107,-0.005616730622456427,-0.00358253394013009,0.003259243545562608,0.002492474238252107,0.0026007885517284595,0.0007747887670160472,-0.000417770671047534,0.003170815232087532,-0.0008140599471985286
2020-01-03,0.0017226925561351393,0.0019920070353517116,0.0007706578073605685,0.011145472588078928,0.006502059782851642,-0.00020526094008321694,0.0007706578073605685,0.0003716177280194471,0.002000496529989554,0.001744317152147523,-0.0005326511344057944,0.0068636847137530125
2020-01-06,0.00990873875951392,0.0049929627327275645,0.0020115602189656866,0.01697707532254587,0.015471586199927249,-0.00022499338859933925,0.0020115602189656866,0.005486066541725367,0.009807702320568958,0.0036787243045366615,0.0008352082658265811,0.010443277041388428
2020-01-07,-0.0007505214571343186,-0.0010720585848250789,-0.0016748081542485311,0.004483155165494591,0.0013923561404253952,-0.0013800193275946963,-0.0016748081542485311,-0.000743563564016773,-0.0005751208718091477,-0.0026935827589933095,-0.0012784537157904264,-0.0023291443195292963
2020-01-08,-0.003181076323214644,-0.0017817675657203682,-0.0005272683041598069,-0.005135682430776827,-0.0038414957872820905,-0.00014156594499840761,-0.0005272683041598069,-0.0029429137332594325,-0.0029680437310842253,-0.0023815493586712487,-0.0006972321472141106,-0.002762524083835518
2020-01-09,0.0007856759467598737,0.0011649841234972734,0.002062223985927098,-0.0025839560164303546,0.00015463206393359803,0.0018296322595173211,0.002062223985927098,0.0010064867401859772,0.0006686643908607732,5.818899101972993e-05,0.0018054776549452567,0.002450747754994809
2020-01-10,0.005285606004365504,0.004058483109684624,0.0029695128162853046,0.010845822117884683,0.008568679836413656,0.0014312170640279264,0.0029695128162853046,0.004248604271601322,0.005438261236913798,0.004369893004549366,0.002102931670608042,0.005717642079865911
2020-01-13,0.003547902447360937,0.0030245387454452964,0.003756265957574275,0.003629925394276044,0.006014188855887814,0.002017823456043695,0.003756265957574275,0.0027655356861051215,0.0036600455843361288,0.005545490832007226,0.002231548230579676,0.0036251663368445136
2020-01-14,0.014793986330564661,0.007763639202460005,0.007902501745027457,0.024483846989600305,0.032825047022767846,-5.260828121926537e-05,0.007515866566342706,0.008154157189940415,0.013736578772372783,0.004941765730938616,0.0014787893332135218,0.003058192464720566
2020-01-15,0.003748126165159845,0.00411121177114542,0.005742778774303226,0.011768803955092513,0.013443473176897643,0.001986060295035918,0.0054294767666495415,0.003109875623292143,0.0037039288669811626,0.002827141127861966,0.0020206563478498496,0.008190040378072928
2020-01-16,-0.001212220947870725,0.0010165143647300613,0.001429730234489595,-0.003096634399073537,-0.005416939517888992,0.0017273343701233101,0.0013554487659763908,-0.00018408600425881517,-0.0006326201836991148,0.003188814640399104,0.0013837486500355497,0.002058869170802098
2020-01-17,0.008519174917307193,0.005721653148631012,0.006083076147374048,0.014997586734069812,0.018478267170333112,0.0011673004420212217,0.005749586127296656,0.00507915212296983,0.008198728675769276,0.005988095334601729,0.0016754971331446795,0.004067723030158906
2020-01-20,-0.004413167883719805,-0.002882901207249736,-0.0038273880636388365,-0.01110070382826175,-0.014463971235758885,0.0,-0.0036179001793559405,-0.0024506276040058873,-0.004142211555322498,-0.0021756942651067184,-0.00041688630614425973,-0.0018351867961579288
2020-01-21,-0.0017785194717601816,-0.001606488247837364,0.0005198606432242574,0.006109596165207097,0.008115650935080097,-0.002399022119091809,0.0004558865004267589,-0.003641967996592136,-0.0018871660995754497,-0.004046436130238466,-0.002322263817482891,0.006908057474186671
2020-01-22,-0.001576977638346373,-0.0005872241775555215,-0.0007726049976238727,-0.003339291820480282,-0.004684076164805281,0.00022080222155658198,-0.0007431245987392586,-0.000953115470129621,-0.0014194037472710828,-0.0003160618716015341,0.00014740471454688554,0.0014579396060069084
2020-01-23,-0.007073417590449834,-0.0036707449936532206,-0.003157706632623522,-0.01059185356382973,-0.01449663660791763,-8.249930177846163e-05,-0.002975761927564686,-0.00449224176261297,-0.006501738103237232,-0.00316710898601365,-0.0006524012510895552,0.003335884540661638
2020-01-24,-0.0026863908215968004,-0.0025583625211929857,-0.002211276515768485,-0.0018276246409565048,-0.0010712891726514114,-0.002077571731987079,-0.0021007799963644793,-0.0032384559406402327,-0.002937108451749759,-0.004684319061845861,-0.0021239244929550016,0.002253033472849739
2020-01-27,-0.002619656200170377,-0.0049100502753583455,-0.0035306609073178737,0.005542005915775271,0.010053339429863788,-0.006315256636727485,-0.003351177401597751,-0.005854553335496017,-0.003397626205027684,-0.009937794130066277,-0.0056792856786987145,0.0003580474040037905
2020-01-28,0.010504439767628378,0.0073989918267254404,0.007263962294391237,0.01606395468573037,0.016829413250353045,0.0018956967607222674,0.0068484097298917145,0.006841706941979893,0.010371032230469143,0.009028493293742262,0.0027727745462257447,0.0032899054369366293
2020-01-29,-0.0009384580293342763,-0.00013559114564673614,-8.798115216653051e-06,-0.002724796155583292,-0.002837963219705518,0.0007679944228210338,1.4919843251673685e-05,-0.0006311227208487436,-0.0008189792021159938,-0.0006089611087718426,0.000593949366849774,0.0038208337945694957
2020-01-30,0.005808053297363598,0.0038153461870066665,0.004536725711688786,0.01138831229641125,0.013636635627545832,0.00011797864658549362,0.004313345452903203,0.0029117115612910614,0.0055531483095639204,0.00309757329416364,0.0006060886753402736,0.00588159689260794
2020-01-31,-0.012521698818224484,-0.010765603437932349,-0.010277331347796558,-0.016060843808356467,-0.014974304579103717,-0.005273999416485377,-0.009724091661851161,-0.010449877132973065,-0.012867544433428106,-0.014813284886739168,-0.005763796882973582,-0.004540743724610097
2020-02-03,0.006410319999442679,0.0038476331633122748,0.0028280298609795877,0.004730911463716391,0.005098994356721929,0.0004855149218630239,0.002624305518449651,0.0035349359759315564,0.006420250745857892,0.005838756248398977,0.00107589726440908,0.003262193363763182
2020-02-04,0.006570346781832331,0.0062317569765400595,0.005034041697308412,0.00253189279699457,0.0003281774772430977,0.0039464939080122875,0.004709383700847371,0.006397117508441316,0.007002301414984707,0.010869848167732479,0.004211613932329392,-0.0022681672286889282
2020-02-05,0.015355419015817426,0.010807934147665668,0.010667013392408454,0.02237360896247984,0.02628016562279132,0.0035211297941673885,0.010135084102302667,0.010959812322994485,0.01504186900634753,0.01284565054348218,0.004474291257758122,0.0019324197820708169
2020-02-06,0.006281530821010112,0.0046725282870738825,0.006236916099752789,0.013385511644678811,0.019163819280970065,0.0012470705398019773,0.005885464745112808,0.004131191698971375,0.006044678051805226,0.004128426542157927,0.0016692827245399478,0.0061945563079488205
2020-02-07,0.001113696667415981,5.645365780154049e-05,0.0022728847821043415,0.009750152813633502,0.015740528631008027,-0.001409262838147326,0.0021637583558872034,-0.0006067260079701448,0.0006614104535605213,-0.00311268164368746,-0.001144195539064547,0.003873423703080001
2020-02-10,0.00686269235608908,0.007356018193420888,0.012261533863733692,0.02663831417332117,0.03555981154439864,0.002393912393482394,0.011613332127765923,0.004280093961612134,0.006864169821975841,0.006259418979582828,0.0025890190506849885,0.011769500240844843
2020-02-11,0.01009107126748561,0.006646213052619201,0.006022336078139493,0.011797579348527173,0.014156268852035594,0.0019279488721934612,0.005703827042456575,0.007155810168334638,0.009770173601128014,0.00833550680815068,0.0026911635655254068,-0.000446848477680201
2020-02-12,0.017037013982857875,0.009358022386402324,0.0068613185364243545,0.012644956310659441,0.0171510311989188,0.0019292439256452776,0.006505832356281055,0.011311435748003666,0.016374649011877483,0.011237646259945468,0.0033715062277716017,0.0028050101977366514
2020-02-13,0.000778440728844408,-0.0006153828330151883,-0.0029133727318450026,-0.007288422578318021,-0.011113212681049825,6.827158154583816e-05,-0.00275551969025462,0.0005646536968404205,0.0006645704490819051,-0.0007552212313163451,0.0001660292235657295,0.0011059353454564917
2020-02-14,0.008066824445707237,0.005282120422976997,0.005531600447452342,0.01037738950377583,0.013839976960150673,0.001402370098064135,0.005250808724699908,0.005474834228535069,0.007786914708532033,0.004808875926173216,0.002057385204399395,0.005990658610482816
2020-02-17,-0.022123746095830187,-0.012173772735351007,-0.011104939692429221,-0.03170361735687537,-0.039055562449175116,0.0,-0.010521773563929656,-0.012656088532392216,-0.020820880229114342,-0.011041810913019173,-0.0021494040766677418,-0.005888546368706696
2020-02-18,0.009745235016213952,0.0052716206154265095,0.004607788262508774,0.013028837382624819,0.015834039896521192,0.000292535607110764,0.004361546914427825,0.007257377490794199,0.008988885227846305,0.0022196935733483007,0.0013903317904011858,0.004729757212257603
2020-02-19,-0.011571165302187277,-0.0061896305061397506,-0.007278710271122438,-0.020481767080591694,-0.027557730610387552,0.0008923312154367423,-0.006856894409090857,-0.005333750024372754,-0.01084113210259005,-0.00558538116804635,-0.00038957530289988266,-0.0038050400987677873
2020-02-20,-0.0032196779730107763,-0.002261427598711841,-0.001481434023720727,-0.0033653979538852147,-0.0033071841569697843,-0.0006823119629919684,-0.0013932281308823072,-0.003022860903437731,-0.003190143119900555,-0.0030459069365453154,-0.0009753189737550468,0.0007973458773972452
2020-02-21,0.0007015690282089535,-0.0004658420708721086,-0.0007572208299659155,-0.0008102048299645126,0.0006287841790889249,-0.00020427362887561785,-0.0007033110637215636,7.019330443423907e-05,0.0003045942736189988,-0.0019688104205225414,-8.824187293810008e-05,-0.0018523191070491539
2020-02-24,-0.01608916240974275,-0.015986365246855233,-0.015542724857634124,-0.016380305882734612,-0.013870762717903662,-0.010663313875757557,-0.014738549033012485,-0.015763605322084505,-0.016785893082713686,-0.023921828273653432,-0.010987279496357059,-0.007038592505663942
2020-02-25,-0.025043325033111685,-0.021206854932395082,-0.022028623727420794,-0.03570523242674756,-0.03789727950872629,-0.009876781129039591,-0.020882253932440056,-0.02098679329237786,-0.025199978332695775,-0.024509482419518502,-0.011049887832245378,-0.014801962252919403
2020-02-26,-0.019086558670070725,-0.011152271692758358,-0.010402346569475248,-0.02558211676813239,-0.03142871439356547,-0.0017384530393757935,-0.0098578267090774,-0.012043827745656852,-0.01817191615796379,-0.011057264339607705,-0.003309507765502968,-0.006046186694749207
2020-02-27,-0.018355782701154136,-0.020632300401361672,-0.02154923434487365,-0.02126311202904186,-0.01423230867381417,-0.014406833137479851,-0.020401785146159056,-0.019321774257780446,-0.019756425755637658,-0.029147751284748107,-0.014637755915261464,-0.018420845714101186
2020-02-28,-0.011249091085026603,-0.010037907057212102,-0.009632942364329572,-0.015705908735672142,-0.012717129368982664,-0.004003994958648706,-0.008888120958097392,-0.011076398692819688,-0.011541184973787168,-0.012775026369526283,-0.0045056974202528485,-0.002556606148091863
2020-03-02,0.021598666907370875,0.022164588162772867,0.024580604188341862,0.034483739051546725,0.03116160851618006,0.012899671135319212,0.023228632628955796,0.020589517151153987,0.0229704928614896,0.029209084769573117,0.013554484259593522,0.025730113884561836
2020-03-03,-0.004715134619657425,-0.004506176222979689,-0.00514829996707656,-0.009847420888798721,-0.008636273701035632,5.828355999597419e-05,-0.004709344628431686,-0.0024125549845213133,-0.005671168591592916,-0.01070968143356361,-0.00025736770698885834,-0.003048802593964732
2020-03-04,0.016165215157115914,0.018962575878759803,0.021006667456266847,0.022781057409829587,0.017715249766269668,0.012542285801160048,0.019870676934635834,0.015924019127924884,0.017643339798124862,0.02786804123717861,0.012856147369093785,0.020257819399772004
2020-03-05,-0.006986055724493172,-0.009270521039571062,-0.00838051617343574,-0.0015899668222412694,0.005716642211620838,-0.008061919737496658,-0.007879038772701876,-0.008946228347377936,-0.008334579639908524,-0.017742102357118386,-0.007857854093906123,-0.000643910801413928
2020-03-06,-0.0029266875049963554,-0.004109093858868817,-0.0031513469125318957,-0.0007172747748901464,0.003933181247309379,-0.003641065420351532,-0.0030272882083252095,-0.004465530184738144,-0.0037006682928337363,-0.010227207485616764,-0.0033864181381031934,0.0069812332475477565
2020-03-09,-0.07258798229536338,-0.06069844640775667,-0.06346353680379971,-0.09988267655868571,-0.11103191522978921,-0.031131408853418197,-0.05998698416118041,-0.058518815604979624,-0.07268709574160853,-0.07405499668492938,-0.03382805833596597,-0.03149888048039701
2020-03-10,0.017811008668090066,0.016740348535019524,0.015958236258355844,0.02304742609595907,0.017923319862088775,0.006930346784010169,0.014827752588592124,0.016687304802916504,0.019304720875175967,0.030185744615470002,0.007708852357636815,-0.002392755219815027
2020-03-11,-0.032684651300962826,-0.03318788053847908,-0.03436497459851019,-0.03162412959016459,-0.02896885464364999,-0.02489058366685232,-0.03250270166992109,-0.031771034938378184,-0.03374630784772132,-0.041465272137611496,-0.02533157697804001,-0.03281945738675587
2020-03-12,-0.12108965386492149,-0.09923708551679078,-0.10716395542627599,-0.18361662331093354,-0.21105076781301488,-0.04624939262009277,-0.10089666959831742,-0.09331405106692665,-0.1197257624499376,-0.11407388680514186,-0.052392852732766726,-0.06274349212389888
2020-03-13,0.05333744700293967,0.04876994007701102,0.05200064042664508,0.07619551220313336,0.07604399485696561,0.02681574355655277,0.048745063324791754,0.042605927663922925,0.05528254725842037,0.06692603668304364,0.028875918943034727,0.030736032035271976
2020-03-16,-0.08475283874866976,-0.07874722213891744,-0.07995444174784574,-0.10819492893878335,-0.10330691602524805,-0.04461032763878012,-0.07495004145753321,-0.0756470510929692,-0.08746717241652838,-0.1053889246675454,-0.047202565235156396,-0.038771247320378045
2020-03-17,0.02241942029924518,0.02439526459653401,0.02774223940757796,0.048354410786705326,0.04155908211448579,0.00824115204590322,0.02567456040326744,0.016499157869573476,0.025242219080381788,0.049324369934715666,0.009112988242609907,0.018427341384161862
2020-03-18,-0.04682695248850973,-0.04617544132039138,-0.045942054824654764,-0.03896027612539346,-0.03621013285773888,-0.03544547254459782,-0.04315325249100899,-0.04728599842446469,-0.04781856714208387,-0.05309417852670935,-0.03576205356921413,-0.03600899848907003
2020-03-19,0.02470426545804657,0.01058913589001709,0.010212610100743159,0.042777997564844635,0.06378898825651376,-0.0008680327685669767,0.009711017395553283,0.014000756407762143,0.022719093066040315,0.009078321753815847,0.001001716197803375,-0.0044650134732068265
2020-03-20,-0.011513043982197825,-0.011555837640344858,-0.013055106372914554,-0.024556493154680302,-0.017306210803204387,-0.0012760044119889875,-0.011949538252378307,-0.008577145293619394,-0.013332171721417872,-0.024680440203401766,-0.0022788817821175304,-0.004398798034300401
2020-03-23,-0.003590483132595531,-0.0035352148223683766,-0.0017208457569353808,-0.0037656655592572244,0.003863681017557514,0.0003912777910528675,-0.0016219136686250477,-0.000628103967509373,-0.005664419362356739,-0.02205667469422764,0.00031980713264104666,0.007438859245581422
2020-03-24,0.05414326622924784,0.05459650402642065,0.0564170591243619,0.06746183313739276,0.05719785594868589,0.033568303803331104,0.05255278006798289,0.05201398478903195,0.05661615635159235,0.0747820231624602,0.03476111432420294,0.03780094722494677
2020-03-25,0.015449938405986928,0.017948628604788797,0.018957895964189564,0.012229476721870858,0.01041737725965271,0.01569847532277912,0.01782985064342793,0.015864554900424703,0.016173339912113227,0.022168137524435878,0.015464323703991957,0.006437862524232681
2020-03-26,0.030527063807734824,0.03235138294394576,0.03545646681958062,0.043066476107680614,0.038644123931322064,0.02049971468165467,0.03327643480146042,0.02627593360643788,0.0324656737452187,0.046036283458325736,0.021130640785823638,0.033581771753908855
2020-03-27,-0.018628396677324292,-0.015580136915582207,-0.015239141371774716,-0.024758884946891206,-0.027477417898592833,-0.0076888748877014385,-0.014383697984663357,-0.015468017582625516,-0.019107332762800244,-0.023699046210160123,-0.008268208885442063,-0.00222635782900115
2020-03-30,0.008536100289225745,0.011447152070874787,0.01277926909567513,0.011584047312180736,0.006293526940089666,0.007336207275200079,0.011991475526768477,0.008521609194040637,0.00975341453581541,0.019166736413338402,0.007519033636044465,0.014785410088469158
2020-03-31,-0.005693457307134179,-0.008404520002034791,-0.009957656838981636,-0.008840518294664774,-0.004051599406344289,-0.005986960111606042,-0.009306507091898574,-0.007213990320183669,-0.0064110376231034175,-0.010248247902723166,-0.006066599605827519,-0.015359878235533704
2020-04-01,-0.021871809765160753,-0.023712357459962984,-0.02392324057277241,-0.020332248698058726,-0.013609172830727313,-0.017198743670748695,-0.022403981328088598,-0.021877156553301108,-0.02361471811230708,-0.03617329383839296,-0.01745946595685484,-0.01803336476974561
2020-04-02,0.01968854665096298,0.01703330392610377,0.016462426360452496,0.02197289764234697,0.02259239508633434,0.010384913533467668,0.015523448411506663,0.017682020983520445,0.019872761589963574,0.021150827549504234,0.010740904282612177,0.014059629363629745
2020-04-03,-0.004446908980063884,-0.007230193844201953,-0.008464875593487246,-0.005389273226729203,-0.003704668788880064,-0.006182110867968676,-0.007941403979882786,-0.0037891536438926197,-0.005244847714385237,-0.012684140252763529,-0.005916337601013226,-0.00892762533432517
2020-04-06,0.04928062992748339,0.044264446974434546,0.04738151612571927,0.06832531361023496,0.07269761619268797,0.0225465623022897,0.04428976361462335,0.040861373477316484,0.05041658631917935,0.057911287015350636,0.02473392292996744,0.03660663678895023
2020-04-07,0.0006515493398979272,3.1949792188299526e-05,-0.0015424760376203134,-0.006685698796196088,-0.008073864651631587,0.0014598830059162804,-0.0014234443097974308,0.0018651797790294339,0.0005071875290321504,0.0019404206999019571,0.0015711118800011505,-0.008524189921264736
2020-04-08,0.019399353497738088,0.019513816359787876,0.02121214764024649,0.02598134673120594,0.02393948556498612,0.012333277424417907,0.020014519323521246,0.01599374947629872,0.020599493346179165,0.02746451396699833,0.012571002970025818,0.016218774003447362
2020-04-09,0.01329352883028672,0.018507394189696214,0.022028285934031493,0.014840741298275985,0.012214425907976766,0.017243906832636307,0.02065850677492352,0.014748301062364008,0.013946181402719122,0.018417043962684926,0.01690414981645822,0.01604866215186285
2020-04-10,-0.009854700485479671,-0.0055196498546671415,-0.0038228554567828234,-0.007867514191408197,-0.011283757996527017,-0.0012608139057542704,-0.0036164905649393175,-0.005855731282769233,-0.006947117027369643,-0.006020639084911664,-0.0021652726007434083,-0.002980125460837289
2020-04-13,-0.006279560860529255,-0.002738248678016466,-0.0006462991463695997,-0.002977189270761134,-0.002663962977661959,-0.000848022964130211,-0.0008739046346300345,-0.004610455672219556,-0.004980106876210668,-0.0066763174815534935,-0.003560677544830064,0.0010634794289947646
2020-04-14,0.011473547286485239,0.00671156415206913,0.00402704298627205,0.00832401961287755,0.007782154344038771,0.0039281771450562185,0.004278578433020125,0.005909758086310025,0.007140342879904607,0.01063461620468803,0.006062592847149196,0.011492497390618335
2020-04-15,-0.022212458238935372,-0.00664745736187381,0.0024873995825006453,-0.004303671294697384,-0.002076062432565872,0.0029509379162789245,0.0021326441343291116,-0.01511201067980656,-0.016689226547940514,-0.014400572343526237,-0.006041840099213048,0.0022421074207026118
2020-04-16,0.010862738665992723,0.0058952676761223005,0.003725967472136894,0.00991050657097253,0.013999660483161864,0.0008921615889916603,0.003634449050178453,0.0073385486380169035,0.008116976610215177,0.004865183515034928,0.002173059268022512,0.006907010602487705
2020-04-17,0.014594119191205084,0.0031222815676487416,-0.003876759535190143,0.000573607530597102,-0.002791595002508058,-0.0022337437406804357,-0.0038230744593684,0.006620580367088754,0.00838658357792045,0.01243225841992406,0.0038012271734705395,-0.0038327352212160874
2020-04-20,-0.014355011881664815,-0.005487511269378546,-0.0006098391551933216,-0.005590171423870787,-0.006050401688631807,-0.00041272349367467475,-0.0007525598466458392,-0.00933457882861528,-0.01045336435091612,-0.010963017384379652,-0.00472495163218484,-0.001291754241072128
2020-04-21,-0.02019197463278633,-0.00827741412518041,-0.0009088445794616872,-0.007443304360668911,-0.0037630314516458488,-0.0016397148411149496,-0.0011774570237161794,-0.021939409645222348,-0.021551535401260674,-0.011500213461452665,-0.008136935619136879,-0.004582211972881804
2020-04-22,0.017523126412393855,0.008896868057727797,0.004255006701155171,0.010411825053781668,0.010886804566895692,0.003275927115832958,0.00438701681558225,0.011524309794967236,0.012857703900677853,0.011471577388397014,0.007131526305529708,0.006396275813089155
2020-04-23,0.006547135166564196,0.004504685431909188,0.0036388787932930796,0.00658671782329116,0.008906515413863635,0.0018463850229229373,0.003575610056375365,0.004774907595249779,0.005170646080312752,0.003263775472004413,0.002208251188419807,0.0020298946054014447
2020-04-24,0.0044292749707288345,0.0025074159899509197,0.0015490471820785742,0.0040230158613809505,0.005010892457999155,0.0018158868060550234,0.0015416983848033246,0.0002455103241534892,0.0011810244801362078,0.004444196429752808,0.0009991617077265143,0.0036509513895468535
2020-04-27,0.01402444495755798,0.0030094869182326943,-0.003318007492295721,0.0015316725552321706,0.000836884307519885,-0.003242165847921421,-0.0031014950671573727,0.004625858686057261,0.006734255748113214,0.010104139451823958,0.0020801212205257577,-0.005133308387661457
2020-04-28,0.00645791769724857,0.00358956959753969,0.0016291509238104491,0.002379120448242779,0.0011318851326441405,0.000949175437575637,0.0015479362522807735,0.005108047056905159,0.005413058125524148,0.004426659411096284,0.0030740715424421704,0.0018894516703578397
2020-04-29,0.025658682616807572,0.01232408911417798,0.005540720137229742,0.017162285112700033,0.023450308906512694,0.002183569096593882,0.005553289473534964,0.015765975875087986,0.018003613122766028,0.01581540905366019,0.00740296769764601,0.006088539034127331
2020-04-30,-0.015355303391494393,-0.009886236576998116,-0.006544163725723919,-0.01139157815504024,-0.011073729897836573,-0.004455381500585442,-0.006619435488000233,-0.00824868431565464,-0.00986822225531243,-0.010292857355845652,-0.0052454115100886295,-0.008844719844650056
2020-05-01,-0.01059580936661348,-0.0038207937640157086,0.0009252942678111536,-0.0015610476261490426,0.0028537186898063087,-0.0012369544248691663,0.0006982646230496133,-0.00913980396937243,-0.009469776373366755,-0.00979289634242576,-0.006161612238952452,-0.0007772766023270187
2020-05-04,0.001589575994739456,0.000980044255736973,0.0007457757380344395,0.001371166023689672,0.0018420876555381898,0.0008584714313426017,0.0006493748227211577,0.0038166964323380834,0.003312541113630084,0.00042242377855213336,0.0014504212481805865,0.0005529186729569512
2020-05-05,0.0041544590145620305,0.0021122395673673034,0.0010287240222691839,0.003042490835376392,0.0035401526591812534,0.0012541160206400348,0.001130520259634904,0.0059155761407716865,0.005517595043090937,0.0025183373603532696,0.0019973405582990244,0.0007485424201845374
2020-05-06,-0.00955616802599566,-0.007295736252508051,-0.005296782199390932,-0.0066966765634177364,-0.00303220001952527,-0.004837625463990715,-0.005309078148115782,-0.010715193433169639,-0.010453629410435981,-0.0064603185059982585,-0.005672572412541358,-0.007667671325710827
2020-05-07,0.014049476189098983,0.0106542895636226,0.009618062756626473,0.016014762624111806,0.02192682959160098,0.005587626623619902,0.009684442051064144,0.010358816667367907,0.011192464709999728,0.009907018109626568,0.007282571089317908,0.010656217172338608
2020-05-08,0.011249219515606479,0.0026072315221712774,-0.00299424666263101,-0.0002623460962665683,-0.003886171319686126,-0.0019023205166590908,-0.00274893482331047,0.006631549822623072,0.007677538389976424,0.008601713559148814,0.0034088245337659576,-0.0009069418628151392
2020-05-11,-0.02336599548047808,-0.0128369396561058,-0.00834247676987939,-0.01849370854361598,-0.028057062453600765,-0.0020370463045034223,-0.008262399186162441,-0.015559828628361149,-0.017334338929568722,-0.013102881187119067,-0.007109841154819914,-0.005957147949879396
2020-05-12,-0.004458526590360104,-0.00013745732796835626,0.002998585769030182,0.0018157443419040673,0.005344160898736001,0.001218033790208579,0.002703126213124409,-0.004408169549722066,-0.004419546528715537,-0.005402748159034902,-0.0016906020689383258,0.001262845625533106
2020-05-13,-0.0034634192419458745,0.0005686746344191125,0.004109935453429326,0.004453818345206708,0.011002263076429371,0.0009747119069773534,0.004024913525902645,-0.003300884583629799,-0.003337603997039648,-0.004066623384502137,-0.001809169854649831,0.001196025703895477
2020-05-14,0.006885379980772342,0.005910525046571434,0.006211918976252607,0.010629008335710219,0.015523176483960325,0.0037089901636793783,0.006248105683250961,0.006711433969189303,0.006750726445506708,0.004571357168483331,0.003185964559509442,0.006435385383831318
2020-05-15,-0.0027348403244319437,-0.0009102970343870628,-0.0006278640007079256,-0.003077106079764398,-0.007197909533771902,0.0015078331265337447,-0.0002614041132190752,0.002251387380669696,0.001124903152492052,-0.0016023551315384184,0.0014243446600409539,0.0006535054687682127
2020-05-18,0.03351756449640325,0.011514798323263811,-0.001481478846937171,0.009159314324634498,0.006601895217821597,-0.001780941139712533,-0.0010627045304019858,0.024563699370220796,0.026578749888300925,0.02157655117801232,0.010264011581436886,-0.0020249666383591576
2020-05-19,-0.002492242414883031,0.00012271668874257077,0.0016075852406901528,0.00029032201636954106,0.0004854138688588207,0.0010414489944955002,0.001679149858853686,0.0010743265698549736,0.0002662516821464438,-0.0034974577275909934,2.8547592869715963e-05,0.001848544256314411
2020-05-20,0.008458941492490494,0.004607649486330877,0.001570975052612271,0.0033447301261750164,-0.0004901652460885043,0.0028557124732957154,0.001692099810429105,0.007422731267319411,0.007656857200341834,0.006420338922283117,0.005218486187967577,0.004986119005169388
2020-05-21,-0.014867431138717213,-0.008125632025397745,-0.004636166272061393,-0.010355998511476725,-0.012879770506198748,-0.0020522698217447905,-0.004789685782767008,-0.010872631679223156,-0.011775952845066327,-0.00857499274244919,-0.005791436789119328,-0.00569446200879521
2020-05-22,0.004115706527356568,0.0031746952138740365,0.002781378076928997,0.004380737582190105,0.005265587007423223,0.001586565293912922,0.002888252736481102,0.0017144313688614902,0.0022557193593629762,0.0026876921516879896,0.0007059760397984822,0.004540056489067218
2020-05-25,-0.003398292508289249,-0.0017362058315862358,-0.0012185702475492803,-0.003206824544657535,-0.005714786176023908,0.0,-0.0011962232782529727,-0.0019083136874588156,-0.002244803388211423,-0.0017788239160573024,-0.0005901764020443405,-0.000345563942576152
2020-05-26,0.009592421604517284,0.0009185027725963078,-0.004848457905645679,-0.002828266256399508,-0.006619022172108408,-0.0034530038026219234,-0.004625891457360862,0.006077577005966875,0.006870435051548135,0.008336549478127897,0.0034995479714796285,-0.006286998424151357
2020-05-27,0.010055272850800268,0.0052296390537987245,0.0028693401143327843,0.007019992246409654,0.00953477360662389,0.0014594316850502953,0.0030296404829559228,0.0044268904042166005,0.005699940231478774,0.007970185604610484,0.0025871795822995434,0.0026604493731761793
2020-05-28,0.011469956062769609,0.005653504624914109,0.0026939800695499373,0.007008612353143266,0.009335290525308482,0.0009491619986688929,0.0027309397947613574,0.0058752348832423916,0.007146151230771974,0.006432633669436557,0.002669592447630993,0.000974959827889469
2020-05-29,0.004450274439107315,0.0039867639789358264,0.0033913329922444814,0.004629387974902454,0.003311524691811046,0.003551249654580839,0.0035439474384092564,0.006413332654066399,0.005965483057807773,0.0023163309831917118,0.004120866111417518,0.005847287049364915
2020-06-01,0.029131221740663817,0.012705753554968995,0.0030284655077380063,0.012832565559702485,0.014549979889188705,-0.0005153014088248857,0.0033157082161040744,0.018251730431207182,0.020730025199836053,0.01598227030441949,0.007461767019098767,0.0007547096762605697
2020-06-02,-0.0016019361787277314,-0.0021738258193370716,-0.0038665246199870054,-0.006263241227083814,-0.013344236207747003,-0.00038209950686892173,-0.0038916703187939277,-0.0014572330766384946,-0.0014904670353584311,0.0008899572374854674,0.0001528394066518025,-0.0015923249640229491
2020-06-03,0.014639759190679173,0.002864774962552788,-0.005015805871364818,0.00014261208017920396,-0.002650863473144,-0.004226193447922959,-0.004974502607211398,0.006292626548074154,0.008209498329330822,0.010202830044619353,0.0017244090403596953,-0.0059879002300222955
2020-06-04,0.0008464718782592984,-0.0007440454756323309,-0.0015344240065752585,-0.0014448812673388575,-0.000720968401787516,-0.002421023235492874,-0.0015837356097133663,0.0011232548516634385,0.0010592878180246466,-0.0008353663019829811,-0.0008331742181463237,-0.004597466974490625
2020-06-05,0.010166583926505,0.002279449625570232,-0.0035551696766831682,0.00022458238120846798,-0.003922358177442605,-0.000866258665470979,-0.0034538694067400566,0.0056325099705507135,0.0066801524600184825,0.010040145856666478,0.003484947163854147,-0.0007673515926844951
2020-06-08,0.010321552873842,0.006416121537763743,0.0039545898736198,0.007245688286750133,0.007260189875031258,0.0024912359468762533,0.004219215894304641,0.008725989822829221,0.009095937211968948,0.008141260914347158,0.005584245687282167,0.004378997379261777
2020-06-09,-0.009668934507293643,-0.002330236000221449,0.002857631457355192,3.4718901539269225e-05,0.002706110592608021,0.0020296917966942767,0.002640690439051706,-0.006377159059576588,-0.007141317400376107,-0.006867530087131719,-0.002526440734341045,0.004978154266672443
2020-06-10,-0.00020672112030938153,0.004000072427750186,0.006891419653187836,0.006741136790351319,0.008540625980139117,0.006216859226485233,0.006932341936474281,0.004198093282879129,0.0031781553718905594,-0.0020296399971867756,0.003897384439736838,0.010013756800740015
2020-06-11,-0.04732844654205083,-0.022230513086406757,-0.005591170901822479,-0.022234176827767703,-0.018841160203204248,-0.005066495943468639,-0.006128392938040019,-0.03391090791910045,-0.03700726558430498,-0.034248145043307233,-0.0185192410170379,-0.010045859963770214
2020-06-12,0.014583966296678566,0.005804299003001256,5.3096830818887586e-05,0.004650430361716629,0.0028023322930818733,0.00016895632271172258,0.00014750115079736127,0.008037627062976987,0.009532130646484558,0.01024571153056111,0.004515682164356037,-0.00012409148531483747
2020-06-15,-0.0003465531117545494,0.000464051401245467,0.0011064994683723662,0.0012471362291236504,0.0015957942428529012,0.0017071741508571392,0.0011317691834559292,-0.0002883865345884103,-0.0003017321870504391,0.0015185285123863776,0.000556170951827768,0.0017905476751458348
2020-06-16,0.007679749477338458,0.002453978468529323,-0.0008236583437920643,0.002242723255583489,0.001625326829651181,8.479540233787079e-05,-0.0006945184907410146,0.003761204194041729,0.004660229053561401,0.006965726384245469,0.0018450942558852928,0.00029450021828711565
2020-06-17,0.0012866436812898237,0.0009567187364864901,0.0005063737285128105,0.0005516038568949114,-0.00047736890796857146,0.00035372199616522993,0.0004649114110863592,0.0009163181053938503,0.001001536600064865,-0.00041860116017021845,0.0005039279399441379,0.0014331436222420292
2020-06-18,-0.0017736692918946819,0.0003268554817569994,0.0015702713046863478,0.0010043432113648442,0.0009709461043132981,0.0017477043157422267,0.001402722957043797,-0.00041342520464049127,-0.0007265306907606491,-0.0010364765432814573,0.0002945331890404645,0.0035461219407359958
2020-06-19,-0.005055758861047278,-0.0011579419848650652,0.0010838821522239557,-0.0010822544698523096,-0.0016911398717273434,0.0016443157790609517,0.0011535668155086684,-0.0008403971402846061,-0.0018096862696116878,-0.004255489167826302,2.401488669904572e-05,7.737061004704933e-05
2020-06-22,0.011508175497193195,0.006003564945253856,0.0028880789577690157,0.007749323037129274,0.009630925798083641,0.0011860984826800153,0.0028211906336229687,0.007544177291114744,0.00845270323874434,0.005973562789122678,0.003186393636828737,0.00428206289942183
2020-06-23,0.001231459451783502,0.0007938180106712787,0.0003897804580032094,0.00044764355999878547,-0.0002228119056982066,0.0007539423693120426,0.0004989578540981158,0.0010859599197559364,0.0011194086276131332,0.0006829252498055646,0.0011584622634431784,0.0005324292826578375
2020-06-24,-0.019050403368319316,-0.00870776682512599,-0.002180750229082492,-0.009188041600996302,-0.008836245189447003,-0.0018812503768709798,-0.002537274893731133,-0.01511539535076991,-0.0160201107371606,-0.013430751590603637,-0.00734797183933588,-0.003194862462174771
2020-06-25,0.003067769852194269,0.001815417355690171,0.0007126120938790246,0.0018644873797092343,0.0005386155884972711,0.0014708397828266655,0.000921995291714057,0.0016039102971857299,0.0019394363418586786,0.00318867722588524,0.001802689514678006,0.0029833064904330455
2020-06-26,-0.010656793387677815,-0.003459335609107522,0.0010909710984013101,-0.0028598957948621677,-0.0017845147907706903,0.000681523009718341,0.0009961454040163479,-0.006386997424126125,-0.007366764300810491,-0.008488449869579282,-0.0033507408338683837,-0.0009486261272004875
2020-06-29,0.009887795090304992,0.004742156110482435,0.0014572511168545596,0.004244672031408088,0.0030136480181493217,0.0015376443337617805,0.0015366667090852297,0.009212541416462626,0.009366974644767365,0.007126536329315075,0.004390680989675886,0.0025261431694601857
2020-06-30,0.004230341716171981,0.002137716854499058,0.0006567480927143841,0.0023059054099117448,0.001101600873371851,0.0013640744872817309,0.0009149755452561886,0.0057085980807344144,0.005370340464092663,0.003645135025806226,0.003319957544311701,0.002446254946675115
2020-07-01,0.01331855438562697,0.0053585142980036105,0.00010402287893931288,0.004338326551407018,0.002543888698178956,8.106115752794184e-06,0.00015628061217433305,0.00679282932599376,0.008284365769906658,0.008040858088638901,0.003063366303049498,-0.00042342081978829094
2020-07-02,0.0035305336997166507,0.0022989503214897672,0.001174002086721929,0.0016726764938089658,-0.0001008281873219833,0.0018860526912822312,0.0010762239808776693,0.0026570260246271335,0.002857674001002101,0.0033271142679845017,0.002459456649149876,0.0019251575396028908
2020-07-03,0.00028711651842102087,7.461879256670398e-05,-0.0001580759828422761,-0.00022585945564029968,-0.0007385816696765415,0.0,-0.00015506875688281444,0.0001649595144981233,0.00019303826126447802,0.0001263424514698139,5.4262816626496856e-05,-0.0003509374292638528
2020-07-06,0.024061810272445274,0.011010278077873577,0.0021731651097460373,0.010108311995026011,0.007466780898109544,0.0015887974180431967,0.002315140954776404,0.01729039785890866,0.018847006585478457,0.01353175167040397,0.008055280360512613,0.004130387661232441
2020-07-07,0.002230774042623082,0.002557737656878088,0.0024328795190011188,0.0020330461989214905,0.00044258608949131195,0.0014790710935343604,0.0022717361666438436,0.002986982984558381,0.0028122563143088983,-0.0011185990666366778,0.0005263784217217674,0.004848396734347727
2020-07-08,0.011955993978163597,0.014855120734125003,0.010152360304836492,0.02770766286155867,0.030722976968559107,0.003573584449801998,0.010020385929544358,0.00805479276703511,0.008919875934569966,0.027447407060001542,0.004636226865267749,0.0030430371542362507
2020-07-09,-0.0091400022813679,-0.006685352495780097,-0.0018134410605918875,-0.011363359108313608,-0.010413598683415869,5.207068962797016e-05,-0.001819341974120559,-0.006257703998769048,-0.00690015664566706,-0.011136023781124757,-0.0015492550740676117,0.004551340900591055
2020-07-10,0.003452522193142055,-0.003734908348119942,-0.005299032622880781,-0.010140136274440863,-0.013866986364122206,0.00034436879489967853,-0.004940429227917197,0.0030109625955031197,0.003109162465097841,-0.004017231794045449,0.00019023678991672652,-0.0021100283291467297
2020-07-13,-0.001009077373997711,0.0034649549294630787,0.0033721670996496606,0.007293974427114637,0.010209273472442326,-8.957386674336835e-05,0.0032718107768164987,-0.002152463656744114,-0.0018980952373278284,0.007301889862978226,-0.0002989094567766528,-0.0016328963192675798
2020-07-14,0.008473403691274282,0.010266595688852699,0.007981034847090415,0.01724248871949163,0.020843227425947373,0.004395039205959731,0.00808385409995312,0.006511630422040476,0.006948453609933911,0.006125846081521821,0.004172834051667492,0.003299432814218433
2020-07-15,0.0041820751596520055,0.0007420590289894062,-9.230635169402211e-05,-0.0013638626793700663,-0.001536508063868291,0.0008950607617979493,-6.388659718810065e-05,0.004093570892258644,0.004113307762808688,-0.003903466816367422,0.0018884828214840736,-0.00042409516769990424
2020-07-16,-0.006769519209496252,-0.007040639566975639,-0.005103339730398183,-0.012638628190872745,-0.013433366120709167,-0.0027165395228269853,-0.005032233539840081,-0.005700893409528916,-0.005939218341828022,-0.010907691722419224,-0.0025256605052483448,-0.003498605890505948
2020-07-17,0.002756896821535913,-0.0003861520018787793,-4.4089556163130826e-05,-0.0036856825781138173,-0.00445681334819748,0.0017766711117984115,3.332675546499511e-05,0.0026236171510903,0.0026533163566447625,-0.0009081991076502762,0.0019415367175660465,0.0021717605395630587
2020-07-20,0.0014299919323024384,-0.0004742526129801186,0.0012196212080956223,-0.0013509210777821606,-0.0022245683125897975,0.0029904498311559722,0.001181704962267325,0.0019101435691480622,0.001803138537745851,0.0015611585976696004,0.0015906589921930161,0.007003153873577712
2020-07-21,0.011745680685735886,0.01059350167573814,0.00688525935936927,0.01733771080063047,0.01533654846100576,0.005424672838157299,0.0069340618219468604,0.011656480970308705,0.011676352324298039,0.014583453229861598,0.005853012808920455,0.0014445603726395485
2020-07-22,0.01104119350253038,0.009369293835300437,0.007229808653602081,0.0178484184591232,0.012907824491286437,0.005229189126672395,0.007121837447646585,0.012337963504415893,0.012049057407563893,0.015308640895619816,0.006549918923855048,0.006153554754391897
2020-07-23,0.000830747027171477,0.0014908389025004405,-0.00015586524191455982,0.005022677329523388,-0.0018860119800545698,-0.00041228002166875317,-0.0001656802049055658,0.0014308467515612069,0.0012972842745405495,0.009055765544775274,0.0002871548763649737,0.0007407278535176589
2020-07-24,-0.0013035756276579523,-0.0013253672663155105,-0.0010925736666602946,-0.0012913740007057077,-0.004350942269122304,-0.0007747728842536537,-0.0011428375368399218,7.735243511655752e-05,-0.00022985356487434795,-0.00044319920211355866,-0.0004025875340071609,3.514465577486342e-05
2020-07-27,0.022103865485148907,0.02666533823203553,0.017563729875327623,0.056751487808455466,0.04875097803300938,0.010506363258665642,0.017411225174723627,0.015703882253707155,0.01712611542932614,0.05667082543788278,0.009402404128599835,0.006595976347528556
2020-07-28,0.003261500171116755,0.008163723571046829,0.006987452747006724,0.012683261144315767,0.018106344562757355,0.00015451161651016068,0.006767369483491977,0.0033821965859238703,0.00335524361987466,0.009839737103014647,0.0020523971604468573,0.00260515317306556
2020-07-29,0.0069428055538890004,-0.0015996531758762258,-0.0026910656117223016,-0.008139332763611772,-0.013023721845664677,0.0027121085177651133,-0.0025191012711789575,0.005097870728332428,0.005509828447653008,0.00563612777894365,0.0029210131919288006,0.004129206697886356
2020-07-30,-0.006613821186897578,-0.0012271852934234665,-0.000517207939858911,0.006462872848410694,0.0013383892939600411,-0.0021291694638253325,-0.000659748223358858,-0.008398323449949154,-0.007999291929809926,0.0043964308388013814,-0.0030322590616012335,0.0013255868613553396
2020-07-31,0.004042177118765255,0.0032653501772758773,0.0033371311798769364,0.007067146873819255,0.004122279929878837,0.00197983252926986,0.0031974684944213153,0.004390280133494638,0.0043123323060233676,0.014685958565962297,0.0023823673889476525,0.007206118263901537
2020-08-03,0.01970079100959303,0.011069763770821282,0.002115941542989834,0.023395648599864125,0.006093611836173537,0.0038734873439826194,0.0021435508958687374,0.017116893748606237,0.017695328841905337,0.04487247990280461,0.006087175582003242,0.004614030397070388
2020-08-04,0.010349752931748257,0.01166453708303541,0.01102847953880577,0.016368932264124947,0.019948516448791018,0.007275693152861912,0.010977237438140917,0.012053181312929685,0.011671097846013823,0.003482725179660646,0.006982221482516733,0.008937161482614527
2020-08-05,0.009474634785390033,0.00512967887226604,0.0017565291852319523,0.008333870269359389,0.0037570994778353814,0.003303923803979614,0.0018164674814742468,0.008647813325970812,0.008833029327115303,0.015726575474403037,0.0035661944916279414,0.0008149555617843493
2020-08-06,0.0027617943274579303,0.004344731635131165,0.007161838839412153,0.0040956866287018565,0.010469339238308076,0.00474692260480638,0.00702465492515594,0.0053026937093117645,0.004733145685401607,-0.002203275270146172,0.0038888584355550775,0.007067308629991482
2020-08-07,-0.007294397701695995,-0.00995967500806513,-0.008860284616448836,-0.01865077178063011,-0.017581983399676954,-0.006960894459191156,-0.008896519917040633,-0.007895606119458071,-0.0077611083804590315,-0.015997325875984653,-0.005998392077304608,-0.009200095732837693
2020-08-10,0.008167003194432993,0.007541746880247378,0.0034588193928011494,0.015913260829967846,0.011933514159912527,0.0037593381047976034,0.0035760935755161645,0.006126608685916324,0.0065832848076155725,0.012613503159043676,0.0033452181623827093,-0.002504668170792146
2020-08-11,-0.019088271608216047,-0.02062198313800106,-0.020588232358511933,-0.030484252651419685,-0.03338489857976272,-0.013577296835221242,-0.020317347052187372,-0.02253137429280012,-0.02175953497496098,-0.02691949309478945,-0.013540228356096223,-0.021323481084930488
2020-08-12,0.008960390125872273,0.0043997240374383,0.0007643879799606446,0.008085283320277279,0.004367169570990067,0.003159155148350268,0.0009578240791464911,0.005683337702187576,0.00641995958395862,0.009747757329044152,0.002750849111651768,0.0006727972650376326
2020-08-13,0.009160562891469833,0.010940897323488342,0.007534242195037276,0.027260199435088586,0.017890590886560524,0.0037981618745883206,0.007274054740468933,0.01010092023802349,0.009889011422321889,0.023139624385527385,0.004588756973056706,0.0027890770445052238
2020-08-14,0.0017111998112981012,-0.0016355285952620417,-0.004221036304129741,-0.0014530779744512075,-0.007859798282730377,-0.0013740688500566802,-0.00407618121396835,0.0008586072150749433,0.0010505997236488294,0.0059567762727471925,-0.0009409714015310903,-0.0011913602960483853
2020-08-17,0.009645254478349723,0.007824099360788666,0.007640711790526081,0.006013661342149115,0.011479701108748314,0.00674487198330366,0.007676099425705263,0.009955859036109588,0.00988586886589407,0.014873215312215946,0.0063469839059964945,0.007843695168674569
2020-08-18,-0.0019118798233443229,-0.0018709439693599937,0.001000134727875118,-0.00566294853087395,-0.003794238683005977,0.002472745832840284,0.0010905839588413368,0.00215681473376982,0.0012402126788106876,-0.01246794943811062,0.0018004016562585328,0.004687207830594087
2020-08-19,-0.013486041248723376,-0.015598030086252032,-0.012609549049338845,-0.025856822738358293,-0.02509452433632755,-0.007049825958793141,-0.012468881283908799,-0.011544793963963006,-0.011980744486446503,-0.023559957130613235,-0.007475660952313829,-0.010316878606810836
2020-08-20,0.0036387759874232555,0.007188403263417128,0.007249084433710015,0.014446029321646991,0.015326390892220794,0.0034481282658664725,0.007096986737942239,0.0026031433862467347,0.0028353635252208065,0.011731024790611878,0.002690176087353295,0.007740660572702032
2020-08-21,-0.008982036452517536,-0.012333819258415249,-0.007004533272365646,-0.027465059793983566,-0.021883911771658174,-0.0032241243131513665,-0.0069530354167823384,-0.006139835125215152,-0.006777653162822837,-0.025978000632769088,-0.003516290408635961,0.0014532571669130239
2020-08-24,0.009873164879535268,0.005775275462828036,0.00031782305930160026,0.012092470899424751,0.003908706685082066,0.0019396798209568244,0.00046398956642572993,0.005454484649000784,0.0064438793438015484,0.015801308920845893,0.0024232710468567844,3.692877211716413e-05
2020-08-25,-0.007686414713761323,-0.012845281117861497,-0.007915022214182435,-0.028214919147106544,-0.024178526339841244,-0.002075355275801887,-0.0077338947530168085,-0.0031441675958324656,-0.00416469584385601,-0.027108273118718135,-0.0021309207299119786,-0.0019876809121374297
2020-08-26,0.0036320962779684204,0.0048003661576652215,0.005339843122863581,0.008151310435485316,0.010570440253972947,0.0037954984011550406,0.0053354334147507265,0.003215918939273434,0.0033090928060719718,0.007033558223108018,0.002479364116365436,0.006520483252823221
2020-08-27,-0.0027616516758514516,-0.009598357560980299,-0.010201226820087488,-0.017270034553659323,-0.021818211777206616,-0.004454379407304044,-0.009984112009442086,-0.0014662584084792398,-0.0017563646815135076,-0.010713412418627466,-0.0030464029457930664,-0.006807864421736922
2020-08-28,0.009515871617016988,0.008983353590262373,0.006509329536517052,0.015212168496736862,0.012323198032509005,0.005701357409061037,0.006588496799110617,0.007253209668702885,0.007759427662551334,0.01430415624530449,0.005267086022588967,0.006189345189546388
2020-08-31,0.004769030074453906,0.015385175571852594,0.012114774666816118,0.04003286649968626,0.03443877530346049,0.003817443324801493,0.011755480852828862,0.004128302477905486,0.004271900221735667,0.02432071943480659,0.0036301459352020274,0.003093885728490843
2020-09-01,0.011387442855558864,0.0116062465513233,0.0060761040812999,0.02780285377385885,0.015002256590852617,0.004942057584843293,0.006089021521351037,0.005435400234047703,0.006770012611713329,0.030971795341548765,0.004211482236266202,0.008954341712430687
2020-09-02,-0.0062376758646107465,-0.01176558640820832,-0.006806429337948648,-0.02978883466139301,-0.021980585340696135,-0.0013680701366969833,-0.006468144857281237,-0.006335414972306122,-0.006313398650139654,-0.028704112923144627,-0.002152500508428525,0.001232913443842879
2020-09-03,-0.03569245954799687,-0.03534703798497778,-0.02159755282047754,-0.06650055369638563,-0.059018474370934826,-0.013615382949064997,-0.021567471145638478,-0.023993032494330845,-0.026628599666198106,-0.07415390712899667,-0.013895497470472164,-0.01611591886500748
2020-09-04,0.004363010811761583,0.0040571591435626655,4.480673065306896e-06,0.008355560981678235,0.008449946824801411,-0.00018342208148455883,0.00015691031860718156,0.0037773552236837057,0.003908059190401848,0.01394804191203773,0.0010448595460647672,-0.0077610848313570645
2020-09-07,-0.005836559404216146,-0.011591721627470476,-0.006790553592162692,-0.031561460371685085,-0.023311205279852615,-0.0023448402732725053,-0.006659099592501658,-0.003229717308264977,-0.003811764195984883,-0.018617336492610118,-0.002146755987095462,0.0010575735634664098
2020-09-08,-0.01574147573480055,-0.010885633064596171,-0.005727785429311755,-0.01906662221301554,-0.015800282096841534,-0.005969272864635946,-0.005995660522568342,-0.014713918395842192,-0.01494288159830046,-0.011490596108582652,-0.005987874289273817,-0.006948263312538569
2020-09-09,0.014483487550589745,0.01089963185008961,0.006719528947054824,0.018455251171277512,0.015514181927799527,0.005973112341925893,0.00689174711945416,0.010876803514580627,0.011679803419785827,0.01811817430711463,0.005937334989194054,0.008933174846443511
2020-09-10,-0.005593344556613186,0.0006968040770532072,0.00011894941785852028,0.010032767886232556,0.0044289936003112425,-0.003179721786845678,-0.0001764443896670727,-0.005910877275950363,-0.005839985185716864,0.008031078292545298,-0.0025710416118690854,-0.0037213287125870027
2020-09-11,0.005051461311204175,0.0027473453820901503,0.0004837338914644951,0.004078918686888939,0.00046219668999047914,0.0030293223827442053,0.0007109323178048506,0.003638444650166688,0.003953991836578725,0.007535254283496447,0.00282286076269052,0.00011009353080361305
2020-09-14,0.017987998884462623,0.009128544394399347,0.0036119302971169497,0.008632992239471017,0.00628921507965079,0.004299187715709996,0.003735896710552849,0.012547628484099564,0.013763870457035317,0.03417654834981286,0.005591597179986786,0.010217928568237295
2020-09-15,-0.004296609172428512,-0.004934390010437486,-0.0020162525895696904,-0.011277646150323244,-0.007045168456893924,0.0002431759341420596,-0.001940080220413079,-0.0009573831989297353,-0.001707006670764957,-0.02182910493203878,-0.0005173766229697758,-0.002444974523817623
2020-09-16,0.0029688503981780013,-0.00043107082402982715,-0.002326415933398379,-0.0028983935303191362,-0.006397577839520418,-0.0006111395995820925,-0.002317342440273404,0.0015238324883656976,0.0018473833492382897,0.006856021548177597,6.436232540822758e-05,-0.002618521948392647
2020-09-17,-0.001805192556234289,0.002369697970923141,0.000920966882188091,0.013542913885809154,0.006156641833544966,0.00023278566092401273,0.0009071838202829115,-0.002758319999547358,-0.0025446683840024166,0.004898701845003881,-0.0005874154121250295,-0.00289924864132277
2020-09-18,-0.005586740764940953,-0.005905810240049411,-0.004476566494070187,-0.01051046807895515,-0.011457173277616773,-0.0026075607851556116,-0.004506792318709521,-0.0029139539880027017,-0.0035135260266946845,-0.004134729777764609,-0.002304878217637957,-0.0036593868940571535
2020-09-21,-0.031149446722407957,-0.026300661708175552,-0.013837073822977646,-0.047877982199992966,-0.03614307515664937,-0.011035497498417162,-0.013925192117044223,-0.024124539457321643,-0.025697120916406392,-0.05715004566102505,-0.01346082023381156,-0.004850856775935615
2020-09-22,0.0012399781599562423,0.001847391597166093,0.0012336386444142097,0.004746355885460759,0.004818567500483494,0.0010680187738616013,0.0012944675409334275,-0.0015739895178831097,-0.0009475855993698064,0.0070430776151996785,0.00018396972119718392,0.002410912239983831
2020-09-23,-0.020656941349651205,-0.018061440860370856,-0.012746484259465923,-0.031929222948331275,-0.028031453777405266,-0.011221027497770323,-0.012976593095801958,-0.01582906963966197,-0.016906132351262107,-0.030790246194488325,-0.010576957468393119,-0.011837264417386417
2020-09-24,0.012940929439790822,0.012975638773649528,0.006284322823204135,0.029260829037800747,0.019839662250555612,0.0034605867379816644,0.006261310785316859,0.010080484976874842,0.010716194404446709,0.03443415547521633,0.004524552335858753,0.004400125526131288
2020-09-25,0.00797775992620964,0.014046815129804838,0.010758608396734638,0.02719955559649761,0.034871017204231004,0.0025032510586727747,0.010649619476738766,0.0032071530505471428,0.004269713525978645,0.01468884518286218,0.0030231943333786813,0.004192257171880546
2020-09-28,0.014641212057031113,0.011018305951091425,0.007370231802252725,0.014685559273039734,0.016241108195528414,0.0057758611823084385,0.0074359673357520025,0.011065748375290868,0.011865054209234796,0.017753165151504505,0.00626593769734442,0.0071930918437121865
2020-09-29,-0.0011955542372291468,0.00104286757955726,0.0020821392361963856,0.0035694143944427856,0.003192983920761788,0.0009597922360838358,0.0019607447929491147,-0.003673808058784216,-0.003118266827265378,0.011153330205429291,0.0001559325792966613,0.003199733588584259
2020-09-30,0.003378214619999418,8.436587089194676e-05,-0.002322283269403301,-0.0005104440062334439,-0.001794108978126247,-0.00020828435783405925,-0.002047770986052199,0.0018008186426172529,0.002155099812686862,0.0017444417434623292,0.000384643675368321,-0.0023291789391740995
2020-10-01,-0.00367916100939938,-0.002791992660864268,0.0010281003702279949,-0.006463250415508743,-0.002764917303457856,-0.0001567430326018457,0.0008056679065192099,-0.0033758013016756405,-0.003444018670601679,-0.014543432071368555,-0.0007308962970392437,0.0032073623877399635
2020-10-02,-0.004342799947327538,-0.0070154240917679606,-0.006122705371601825,-0.014569954213923708,-0.016515068202806512,-0.0016574246538639966,-0.005934997514643947,-0.0042820886754801404,-0.004295737772251149,-0.008307763954242197,-0.0015356970450720003,-0.006537401620732783
2020-10-05,0.01686317394969244,0.012884447503874082,0.007509148188105835,0.025627953710413723,0.024888214244209114,0.0022316400169684527,0.006049232974379803,0.014150386899186308,0.016373809570035334,0.024991092395156088,0.0043040530498352865,-0.0006124109152517341
2020-10-06,-0.01138771161872474,-0.011765602946596825,-0.011479001464506536,-0.02561234445302677,-0.028191305507313365,-0.003130078754307003,-0.008835642373872894,-0.009884365934932587,-0.01138771161872474,-0.01691013460699356,-0.004247402726140393,-0.003878096473664836
2020-10-07,0.009383043114761735,0.008148379455764543,0.005491716828253254,0.010050204295991173,0.008660218562995075,0.0035703803708892977,0.004340282554679638,0.009168019821654839,0.009383043114761735,0.007771381351248219,0.004292930009042203,0.0006946611949393012
2020-10-08,0.009233933673534908,0.007643400342106593,0.006916693534206064,0.013114691462027522,0.014026871948983673,0.003485730515935222,0.005340999645126368,0.007993358123285993,0.009233933673534908,0.011219952213004798,0.004140040048915226,0.0033873996353511503
2020-10-09,0.01020359289614281,0.01225598555911242,0.013730569548153812,0.02853907329217935,0.03234884015669884,0.003698651311811872,0.01055455669625249,0.009499689580112314,0.01020359289614281,0.01563040891640714,0.004469319307112714,0.0063757824608487775
2020-10-12,0.011252959770642987,0.0138103980082477,0.016681780981511542,0.03716810932462767,0.04353463932595228,0.0036238012431048273,0.012866723407285119,0.00759487263380193,0.011252959770642987,0.026957282922608565,0.004674844713133679,0.008204753605430659
2020-10-13,-0.00721329858062648,-0.006447454305242655,-0.00506353157916797,-0.010303100261563176,-0.010155281934545717,-0.0025607713716005167,-0.004036037124267528,-0.006677465705029162,-0.00721329858062648,-0.007585599228777315,-0.0032153345974965924,-0.0014558287801359772
2020-10-14,-0.004337149621601726,-0.0028494214068667135,-0.0018628280634942081,-0.004400828576827475,-0.00471106690120531,-0.0008562367395079751,-0.0013885064422947647,-0.004097958129798756,-0.004337149621601726,-0.00530041041851257,-0.0013346288861628818,0.00035360435121743056
2020-10-15,0.0004357767134821805,-0.0004306210350824683,-0.0004907265245071137,-0.0006619036267345427,-0.0010316742919978135,-0.0009968638675362728,-0.00044082302100870646,0.0007418442792795089,0.0004357767134821805,-0.002988155788715434,-0.0006569698085141618,-0.0005210298192199405
2020-10-16,-0.0048566128751400175,-0.005351213370271287,-0.006391940266936379,-0.015424753640959438,-0.017264440033005486,-0.0007321495463490277,-0.0049151787884003355,-0.0031697469211574374,-0.0048566128751400175,-0.012122181441403495,-0.0014623918986159147,-0.0033412650435258005
2020-10-19,-0.0004669590604162526,0.0012591279685848695,0.0026167173386287654,0.013789757586046973,0.017222570905733516,-0.0019609928241976185,0.0019513411190235873,-0.001765740898308313,-0.0004669590604162526,0.011563988781286158,-0.0016493310864202563,-0.00481172287631296
2020-10-20,0.0007267033341521265,-0.001807702688793772,-0.005456683862413929,-0.015259955945660769,-0.020505313660553234,0.0006699808211962186,-0.004149975827381255,0.0024396689067253162,0.0007267033341521265,-0.0067523765477848,0.0005819812281337672,-0.0027388594830787074
2020-10-21,0.006240469705326532,0.008156945220423664,0.009722382492482091,0.024721555884768417,0.02837742101837705,0.001149824364518349,0.007454478885662062,0.003645112863513202,0.006240469705326532,0.024491591255818797,0.001672779478892693,0.0008227366307778144
2020-10-22,0.005447260581546166,0.005457357608563584,0.005286192344510162,0.019065722703137163,0.0222118423646514,-0.00017177523591160038,0.0039874977632374485,0.0022619903948225516,0.005447260581546166,0.014461237203241911,0.0007818970883011008,-0.004930514894921191
2020-10-23,0.00013962674328991996,-0.0001499289656602599,-0.0009808668413696397,-0.005623048483173458,-0.007313372206518055,0.0017843109580958005,-0.0006751567316422374,0.0006669325041219333,0.00013962674328991996,-0.001947117472521303,0.0014182737136808655,0.0014657785405865625
2020-10-26,-0.012599020462171805,-0.011536439264413834,-0.008606587127745325,-0.020026165657453725,-0.021121370919975648,-0.004168585927194199,-0.006844851399229703,-0.01132656066862061,-0.012599020462171805,-0.01302821594509667,-0.005403853099274368,-0.0005642601117720712
2020-10-27,0.0019330993572008713,0.0030623506596271755,0.005044224818422484,0.008114732644175868,0.009077388241676934,0.0006991097878720978,0.003819557727207914,0.0013441527764733187,0.0019330993572008713,0.010213354621619071,0.0006408999248979743,0.004109931043891397
2020-10-28,-0.023579463779319118,-0.02126304099256624,-0.018036080514648434,-0.03225157194456977,-0.03208307899167849,-0.00951858280996486,-0.014176675200375487,-0.021631072562667348,-0.023579463779319118,-0.02800929299422604,-0.011214290382184383,-0.011492628600403811
2020-10-29,0.0009790559132690057,-0.0005049709745222896,-0.003376473154944034,-0.006823764286814836,-0.009784972719343057,-0.00022127613888297125,-0.002431463844488286,0.0009244411743319752,0.0009790559132690057,-0.0016834690019018154,0.0001329757451948213,-0.0018423076411366725
2020-10-30,-0.005338772156362073,-0.0062587128825626545,-0.007368021724806369,-0.011762056709696808,-0.013090458814560425,-0.0033009714939059064,-0.005703065860519437,-0.004506137748378933,-0.005338772156362073,-0.008839605059474894,-0.003365668551340309,-0.008053520867360223
2020-11-02,0.008535413861770548,0.006253405521668271,0.004077119522713691,0.001200525867839642,-0.0006508508509525883,0.005129218334523391,0.003271936876196817,0.008967151985588017,0.008535413861770548,0.0013837702536270472,0.00527152333236639,0.003658580388212323
2020-11-03,0.008576531467553734,0.007548431077564567,0.004817802464966093,0.007848835693384956,0.007474198468522966,0.004352907973574882,0.003926699475175632,0.007801952581130437,0.008576531467553734,0.011474452123857653,0.004785097885764075,0.0008207394816932099
2020-11-04,0.009714920826102381,0.011048924337295825,0.013764811327603302,0.01650221058045827,0.018835489575015754,0.006880099957348838,0.010698948901516384,0.009503754333249055,0.009714920826102381,0.013006308349215083,0.007064045126851381,0.014454154969882007
2020-11-05,0.01722346975782161,0.017555479834805,0.016148885091478833,0.028560285245094956,0.02854037984859231,0.007330073301026257,0.012613109555165463,0.014583143664353912,0.01722346975782161,0.033039033086399425,0.008445883085554563,0.010580135904649525
2020-11-06,0.007382008455436939,0.011851743968846824,0.015009382889047063,0.04365488745612471,0.052595790845371936,0.0005965028012032194,0.011586321259184858,0.003413135523057746,0.007382008455436939,0.026466567712365777,0.0015424923969120817,-0.0015185244955812287
2020-11-09,0.005950957503687105,-0.002562836891833929,-0.013804747840773006,-0.01606009403007963,-0.023218650217291116,-0.0008872522885772314,-0.01031944285850705,0.004567777677515006,0.005950957503687105,-0.005521255781976797,0.0009207729021332778,-0.016678812627010303
2020-11-10,0.005755574016234303,0.0025537851804368714,-0.00035749600838031696,0.003151504396180723,0.0025284048130033683,0.0007920844901628348,-0.0002963478422854031,0.0054275575843299685,0.005755574016234303,0.004146886579113223,0.0015808826147834794,-0.004905692825631395
2020-11-11,0.004460247716708672,0.004665411047177843,0.005412163226835947,0.008259705664196834,0.009381532110394714,0.0017458626698827282,0.004146036259683211,0.0038664830859594023,0.004460247716708672,0.010116180937005904,0.0021743666518029277,0.004760795854891862
2020-11-12,-0.006313657244680446,-0.0037743647178024625,0.0006540771712077026,-0.005025754661770077,-0.003443031861713304,-0.0006588099238669155,0.00031616978617262596,-0.0059343808144438,-0.006313657244680446,-0.0020686155613107164,-0.0018275040984063805,0.0044688148702666085
2020-11-13,0.01238034287847323,0.010769434908942605,0.00807651323643558,0.016361809128307613,0.016003244522188924,0.004854578829624163,0.006462436451326523,0.010653472946941094,0.01238034287847323,0.0161695798579612,0.005691558142873144,0.002651029543168294
2020-11-16,0.009004555128816642,0.0049258379591294406,-0.0005949407236110528,-0.003053583553262288,-0.007870401835963325,0.004245708262364285,-0.00016272667362442444,0.007497115105976207,0.009004555128816642,0.011658827114561173,0.004607072342584214,0.0009107851368950792
2020-11-17,0.006250290270162958,0.006980954046409245,0.008839910125820074,0.021892464442796893,0.02590191130628671,0.0014684876244968367,0.006762838655937034,0.0029046433211293013,0.006250290270162958,0.023994246528069904,0.002038077015398212,0.0011200366861924187
2020-11-18,-0.006632824428124637,-0.0056784159604648474,-0.005107404290104381,-0.010059912096472464,-0.01084713719032679,-0.002258062654557622,-0.004010772286370895,-0.00534353085549371,-0.006632824428124637,-0.007309659157277293,-0.0027751425023137574,-0.002800463078779792
2020-11-19,0.001724902550249545,0.0009133398676520486,0.0002272986510145603,-0.002650826327033993,-0.0036344861358495444,0.0016314390652859595,0.0002666812187467906,0.0012783774774807605,0.001724902550249545,0.0029361970860757435,0.001550816203124957,0.0028167867320164257
2020-11-20,0.011693855770715671,0.014227270391248294,0.017545040615836734,0.042857795728707966,0.050938041086711454,0.002912937946789104,0.013585494353004903,0.007307117322129638,0.011693855770715671,0.035288100817219795,0.003849896574037889,0.0020858103499123534
2020-11-23,0.049860924653420166,0.04061118353458505,0.03728839688618776,0.10576337598137422,0.12041558446582053,0.009145509269720683,0.028970339322085686,0.02770384642021439,0.049860924653420166,0.1484581322688969,0.012549076085240946,-0.0024865939362274307
2020-11-24,0.024065715269142987,0.018617722128233434,0.012329949373777842,0.0346728716801452,0.03430224244950851,0.005704904286516665,0.009885689840250005,0.01752232682836696,0.024065715269142987,0.047264606425597655,0.00782427317251556,0.0005552618375102335
2020-11-25,-0.014073392288551522,-0.014402606095026353,-0.015166074046984102,-0.03611143899245557,-0.04026829405486385,-0.003408321392097961,-0.01194827195727657,-0.007876395023458663,-0.014073392288551522,-0.037211147776007515,-0.004459223683189221,-0.003015102950297985
2020-11-26,-0.023910317569352312,-0.023515133672572193,-0.02491277298929722,-0.05943712808376779,-0.06638526125773704,-0.005162005840651858,-0.01943783375267838,-0.013763114322475189,-0.023910317569352312,-0.06948232710194582,-0.0068416598539597934,-0.0034887884846507137
2020-11-27,0.004322687732177616,0.0038566254525552583,0.0034863745328231376,0.005349593188253029,0.005880182267164621,0.003303921184448011,0.0027951092869926424,0.0029722951830976245,0.004322687732177616,0.01295211456867739,0.0030098903919554077,0.0029489166723708033
2020-11-30,0.025978576786976758,0.03227282890872737,0.042343241815400987,0.10092224606739332,0.11937210712090421,0.004155525265110371,0.03266454773428119,0.012736091733217637,0.025978576786976758,0.09110500014269605,0.006152660136765608,0.0030973414630857364
2020-12-01,-0.005778483782851747,-0.007425886619512851,-0.012836271454067977,-0.03198530138186441,-0.03972221877178583,-5.986500357945185e-05,-0.009934419244937969,0.0004602063258790438,-0.005778483782851747,-0.031200776186216354,-0.00040507363171999987,-0.0008701390364924285
2020-12-02,0.003790753990033812,0.003475040197838432,0.0033421586359455753,0.009478898368321513,0.010589281313663254,0.0002618023290357617,0.0026796662693858784,0.001352404246858637,0.003790753990033812,0.01181657929868187,0.000718998509436901,-0.0012339567206201161
2020-12-03,0.004445755536397653,0.0067326980680024896,0.009092244081018285,0.01694543808950142,0.020195228893820572,0.0026057587583060977,0.007216767874139938,0.002684071805419176,0.004445755536397653,0.010551690564777503,0.0028373659030084025,0.0042257235446895676
2020-12-04,-0.011084999878057254,-0.013949597170920248,-0.019863481144131168,-0.04400258686710862,-0.052542441671644464,-0.00276653959572406,-0.015434010963096115,-0.0041422496978440505,-0.011084999878057254,-0.04558802901481033,-0.0031874334743959573,-0.004869675393651259
2020-12-07,0.005666672247733014,0.007120680114337176,0.010584685245137431,0.02037172845534374,0.02408882262322767,0.0019791069346035703,0.00824382349356144,0.0016591132058565742,0.005666672247733014,0.02676431290540903,0.001898816669256169,0.006214037648326554
2020-12-08,-0.013022545235423521,-0.014225584110793763,-0.016051755786895407,-0.04045690258439185,-0.046304892313631135,-0.0025010924118516837,-0.01257759251082555,-0.007209529415127414,-0.013022545235423521,-0.039516068045271836,-0.0035532879370277683,0.000647038901204283
2020-12-09,0.0029535269974538475,0.0035036514502842166,0.0038617881852139905,0.01708844258767957,0.02050775113993771,-0.001009883122051575,0.0030141280505144564,-0.0004501256791322063,0.0029535269974538475,0.017136546682523082,-0.00043751432516985183,-0.007084643380479245
2020-12-10,0.0005427460346812147,-0.0022591979875295643,-0.004887535762267383,-0.01469101818437111,-0.018767806851342547,0.0012732992082399347,-0.003729562234101769,0.003118808375075961,0.0005427460346812147,-0.010422209529268447,0.001283094023751377,0.0022796690365625653
2020-12-11,-0.007187583684277654,-0.006107934297653197,-0.004929326190628488,-0.012378045104575604,-0.012965531701752532,-0.0012757759338992885,-0.003725092928635329,-0.004958825664022741,-0.007187583684277654,-0.01630069653540529,-0.001958240184889856,0.0009261416395287488
2020-12-14,0.004984013026464355,0.013891170280103855,0.02180103521684508,0.05337453248381422,0.06495921849700194,-3.299554007150761e-05,0.01690377168611657,0.0024230546544063386,0.004984013026464355,0.016593276052333808,0.001394855863046328,0.001976182549496704
2020-12-15,0.005076542787126535,0.004518133246077615,0.0027642839963040676,-0.00022277100104511156,-0.0024680306015938194,0.0033882778002504166,0.0023365486390425206,0.007005331195953403,0.005076542787126535,-0.006031400320586511,0.0037501977560831616,0.0038236169933144595
2020-12-16,0.022673593097933906,0.021490916880567895,0.02212155288939545,0.04983433207034801,0.055019119909831826,0.0049665591036172595,0.017258380878805716,0.013962926809042348,0.022673593097933906,0.06688735666629142,0.006579835397030113,0.0023771136877241083
2020-12-17,0.007791055899040658,0.006432128925903644,0.004698862010689057,0.004583602075000357,0.002305284899657324,0.0036281887206458478,0.0037784377243917657,0.007091936746562914,0.007791055899040658,0.015051348645872924,0.003776603415435654,0.002059664259066606
2020-12-18,0.000792088020275476,0.002038399875842532,0.00316920938113707,0.00794866078305342,0.009187110445208011,-0.000531367682958057,0.002433027210298308,-0.00031639826061420585,0.000792088020275476,0.007729203571638711,-0.000502294333507034,-0.0010740282158143576
2020-12-21,-0.017764359202775616,-0.01589010724719349,-0.014290223603896661,-0.032477532791559065,-0.03619319616807551,-0.005370719395922665,-0.011449308325514313,-0.013120371451208437,-0.017764359202775616,-0.03760825989338791,-0.006585455107606406,0.0022689063314426184
2020-12-22,-0.004202290026296668,0.0018994007164729837,0.007452071614701096,0.01510054361097919,0.019704797128977568,-0.0011282735002495546,0.0058320907738890135,-0.003990886242927173,-0.004202290026296668,-0.00614892942684133,-0.0009305742188786911,0.003472789954032853
2020-12-23,-0.026460179328994842,-0.021766401332118372,-0.022228824576738842,-0.05429534869563851,-0.06128472812237852,-0.004874196488923177,-0.01727807005431194,-0.013781417804080584,-0.026460179328994842,-0.08539322629995139,-0.005943459664481381,-0.005213952406182113
2020-12-24,0.01814296169098839,0.01742637274389944,0.018603662372402085,0.04365375079823365,0.049684027346858756,0.0048655769872488,0.014560767361340146,0.01129614576955144,0.01814296169098839,0.04994247791170734,0.005935587446431121,0.004749972923813066
2020-12-25,0.002811202703499217,0.005402426274692975,0.007601727289582213,0.01635983377175816,0.019086134913463913,0.0005565393701982897,0.005967254462962941,0.001604482035363232,0.002811202703499217,0.007833974147387356,0.0010726994122691094,0.0007261194827624535
2020-12-28,0.01358841559814894,0.02610278325272422,0.03642208385500334,0.07539554554955313,0.08857520991185716,0.004058162693324801,0.02876410140152596,0.00812346319731557,0.01358841559814894,0.033510334995565945,0.006221129760500112,0.004760764648436426
2020-12-29,0.006336105867190734,0.010049011347478393,0.012448660877429789,0.029835770658797528,0.03416157118639902,0.0013265919672655494,0.009906314800186332,0.004971326283065489,0.006336105867190734,0.010513411903243251,0.0024771310910399434,0.0026392988363361583
2020-12-30,0.005111786016702247,0.0038741721971232296,0.00235810417283442,-0.00037537240561328657,-0.002677807006313212,0.002832459593798721,0.0019757790015523945,0.004961092881200781,0.005111786016702247,0.008688485823862967,0.002960716593484519,0.0008915461280795339
2020-12-31,0.002352797570432866,-0.0004721104874992338,-0.0040064833560122855,-0.006708814007009042,-0.009851929788520328,0.000939135817481351,-0.0032141963987606464,0.0027950263322915644,0.002352797570432866,-0.0023008079993974803,0.0010735095396726545,0.00014841955303160218
2021-01-01,0.0018090914245373986,0.0003605371133563189,-0.0021340442792672524,-0.00314128994253723,-0.007118529814551433,-5.940213119935884e-06,-0.0017032452057886259,0.0009945985303886696,0.0018090914245373986,0.0037604951122942173,0.00019635213948029982,0.0012094894038487184
2021-01-04,0.019895483445320914,0.044947967230468705,0.08858559263630657,0.14705801623381595,0.1976393142856166,0.0003743174660149664,0.0706957898149434,0.010417710969406371,0.019895483445320914,0.0795830261389026,0.004075626541057782,0.007895196887386675
2021-01-05,0.01813904370853539,0.02385803631748659,0.03569891904600638,0.055788973121613704,0.06972305603238203,0.005906579652051477,0.028955952044955307,0.015106527644771137,0.01813904370853539,0.0355064803228817,0.006434392088423132,0.006466969392177769
2021-01-06,0.022434577042438883,0.03352310630341451,0.05706364769013233,0.09274137054674642,0.12161847322953331,0.002795818240621402,0.04648230974173113,0.01244246147157939,0.022434577042438883,0.05892544869269005,0.004137641789197422,-0.001647631142690184
2021-01-07,0.011085177837560727,0.00777618348329785,0.0005274961101813871,-0.0005059762938583526,-0.012106526828938409,0.0019096581819807294,0.0004756677104637043,0.0069374719814855115,0.011085177837560727,0.019471778527989828,0.002731244979034796,0.009655668657867413
2021-01-08,0.0017505731945762688,0.0034899368660648955,0.004788563554844223,0.006166734463967277,0.007791061173252832,0.001524048148574318,0.003928872497916895,0.00040824157902118706,0.0017505731945762688,0.008720897871660534,0.0014467514981382546,0.00027492104046919486
2021-01-11,-0.025133484945359046,-0.03749955022741498,-0.05554857621686256,-0.0806908526145117,-0.09231392089182246,-0.007419595204793834,-0.045871907862010536,-0.017320652006717202,-0.025133484945359046,-0.06530809993322689,-0.009825398779652267,-0.020042678184163772
2021-01-12,0.004580520588293431,-0.0005425768053219223,-0.004702234890074201,-0.006743968151324636,-0.006530172662209159,0.0032146604438387347,-0.0038420257140918783,0.005448024624182488,0.004580520588293431,-0.005060665910389716,0.0021152589418408393,-0.0037227921116020357
2021-01-13,0.014025889627915143,0.02327299617073641,0.03891456783714495,0.058969631602131284,0.07138624599608054,0.0034061399041175893,0.03174698324545769,0.008729777435293708,0.014025889627915143,0.04244520652264096,0.005280806188694264,0.013395646114083618
2021-01-14,0.006433001334530923,0.012776002416470044,0.0186586907205641,0.028255010499280912,0.030052257721598717,0.002371995716884268,0.015358583435985396,0.004558665395150814,0.006433001334530923,0.020497652232709572,0.003017548835601153,0.002952244808050822
2021-01-15,-0.013602261724070168,-0.01722244356184962,-0.02162923890751374,-0.03065777402474264,-0.03260975905922668,-0.004387468717322128,-0.017817417060167814,-0.010486368545498517,-0.013602261724070168,-0.026401279198179528,-0.005059752893665419,-0.008930576519879175
2021-01-18,0.015689593095926564,0.024337734985566586,0.045471140751706204,0.07336243896495187,0.09795267961771972,0.0019203839034987822,0.03735456863132278,0.008830954867634213,0.015689593095926564,0.043764919673633135,0.003022684002689037,0.0008978959581455759
2021-01-19,0.005950096584116014,0.008880192977820162,0.013396151928913082,0.015866450508154988,0.01922146934216697,0.003632862060143902,0.011150830463803978,0.0044089199069273464,0.005950096584116014,0.008998448474171496,0.0035982860371976053,0.001796621189028289
2021-01-20,0.007653826328500068,0.0057826408929805805,0.005221726413125346,0.005625076552510432,0.0062759852283713015,0.004300935458395284,0.004313166056653569,0.007829577511144296,0.007653826328500068,0.005388582856498147,0.003815442531572605,0.0035180006652328856
2021-01-21,-0.029277106467262726,-0.047910308328781556,-0.07892674230796788,-0.11708009779493894,-0.14011588209361556,-0.0046332984805536855,-0.06553046604177483,-0.017182286490747184,-0.029277106467262726,-0.0816735252677942,-0.008367498817705439,-0.013631964888267468
2021-01-22,0.008180373787531267,0.020385754490669723,0.04114427703724457,0.06477685751296397,0.08306140219117575,-0.0011040394730339425,0.03368117093360632,0.0017206736319311767,0.008180373787531267,0.039760095666281824,0.0008897946092556176,0.005855168584854436
2021-01-25,0.005546677018461599,0.0068446130312987945,0.009904850994393912,0.012876123399036382,0.014232913647006856,0.0026074503389389267,0.008187124754128822,0.005712426307717206,0.005546677018461599,0.007235598423327444,0.003261849964993139,0.00366389807561319
2021-01-26,0.00027015478140751816,0.00215970369380596,0.004507680741301519,0.007169705412642661,0.008613103008636637,-0.0005294021144622684,0.0037028172393977314,0.00011581449306877296,0.00027015478140751816,0.004176580629522404,-0.0001852550537040175,-0.00024691294691439955
2021-01-27,-0.024193512538905986,-0.029991317016107223,-0.04049229559269605,-0.05645049198585379,-0.06570853568069289,-0.009895494296065956,-0.03347047573583144,-0.018884425125678714,-0.024193512538905986,-0.04407306166327457,-0.010447454563336685,-0.010203719453310514
2021-01-28,0.01779219462704272,0.026144336114541734,0.03981612523566199,0.05979828110058431,0.0708593141607278,0.00459321156971489,0.0326517503784333,0.012298743783456039,0.01779219462704272,0.042695444131224766,0.005790034719764181,0.008508774281806257
2021-01-29,-0.005427392873205409,-0.000579235043036257,0.005753043602705577,0.012051775941535465,0.015639579319160345,-0.005720351504082379,0.004814013759001475,-0.007346938267656911,-0.005427392873205409,0.006419482779164068,-0.004773995988489202,-0.003430733370710078
2021-02-01,0.03701240885455394,0.029783381985422915,0.03261410592276153,0.05476603895375694,0.06269815890127496,0.008010403801205147,0.02699338157781208,0.028780503720166956,0.03701240885455394,0.05751093974821993,0.00913378734984832,0.005722756990422352
2021-02-02,0.011540729818829422,0.020946716852367698,0.03406252337933922,0.04742787380678976,0.0573520626754795,0.003990197448072517,0.02826703104684994,0.00639302334688489,0.011540729818829422,0.031943114153359015,0.00493733237392938,0.004426024215009854
2021-02-03,0.013418958030216959,0.020722549208779972,0.031088934862909704,0.045092078189440235,0.05091694444884886,0.0022048454492098035,0.026017482544052232,0.007970021142917224,0.013418958030216959,0.033889203582187,0.003596091734104993,0.0034442625384041776
2021-02-04,0.009328973281129423,0.0012806395619920424,-0.006206060461972594,-0.005102580062158439,-0.00923252074435773,0.0012327077424215745,-0.00521554655625729,0.00685230603805384,0.009328973281129423,0.008327377370511879,0.0013858192590876983,1.658959228448254e-05
2021-02-05,0.02896531951995418,0.04234269482361212,0.06819497159616489,0.10208161879235739,0.12372940158442898,0.006485042907568155,0.05729085919605326,0.018767652175492814,0.02896531951995418,0.07177841757332099,0.00819014241595316,0.006678039011434999
2021-02-08,0.03803836997956521,0.056731023679628886,0.08912782152349688,0.1258642866375641,0.14828551918727556,0.008479725134268548,0.07558232680547296,0.02489629306582078,0.03803836997956521,0.09450271926145308,0.011786914104806277,0.029767757033374486
2021-02-09,0.022860605521201317,0.027202667030322075,0.03247912275657327,0.052442089849847634,0.05047363021171078,0.004203198214772415,0.027863499420936133,0.013973970597285217,0.022860605521201317,0.059722175665824065,0.006506340265751296,0.010379828560304179
2021-02-10,0.04397034418653419,0.05152906492082057,0.08246584059454204,0.1203020537318502,0.1492052448135098,0.006399532515958577,0.07116385370568845,0.028521577224496067,0.04397034418653419,0.08825817860748061,0.008529148204739174,0.0051939626449640005
2021-02-11,0.0016530235732089005,0.0046279627416968925,0.006131835663917366,0.005273053375945171,0.005123859924296523,0.0005913578863851969,0.005346099750199607,0.00042899574887508536,0.0016530235732089005,0.006476436608424325,0.0011068128756633933,0.00616048846171208
2021-02-12,0.018857305809416438,0.015537587081195387,0.013103384836809114,0.02144254190230619,0.018003842550595627,0.002445054575042387,0.011448105414156712,0.01279386333434425,0.018857305809416438,0.03142051683833053,0.003846430861624739,0.0004948313246790666
2021-02-15,-0.018183235195302502,-0.020025657940947864,-0.02845657598732707,-0.039425863796707816,-0.04575806011811152,-0.0019267378141283435,-0.024870163949442383,-0.011070681277188093,-0.018183235195302502,-0.03421465357524004,-0.003323800756331272,-0.001098647522590255
2021-02-16,0.0010789759431386898,0.0034160762192673166,0.0049096904962842025,0.007695269846864821,0.008481030656812476,-0.00041063611528671824,0.004230130716000233,0.0012439682857738883,0.0010789759431386898,0.0037902747503203403,-0.00044243149204618393,-0.00177181198157953
2021-02-17,0.02742959641113305,0.03596067425351584,0.043706261003350295,0.06389895250266815,0.06018566817799589,0.00504616130714372,0.038112988480488254,0.017102866530525142,0.02742959641113305,0.06876591681649055,0.00888287619235221,0.016947249411196352
2021-02-18,0.01758023907551632,0.025945665348714314,0.034117058907092615,0.05083144426083995,0.05022514868707141,0.0016596751549237555,0.02988785950317025,0.009336738610854631,0.01758023907551632,0.04965580175608062,0.004466725695482496,0.0076606248921024505
2021-02-19,0.0806589234163999,0.09743567666380795,0.10526070803768345,0.16137301010100752,0.14135567811952704,0.01457385689602112,0.09260514483272814,0.050371596876320146,0.0806589234163999,0.194892144779057,0.025212530797973698,0.04988395538480163
2021-02-22,-0.019204279437755073,-0.02579613845857753,-0.01535387965740044,-0.026419007360661308,-0.0030072028549457605,-0.00608368563278991,-0.013687879326966867,-0.011935264818995362,-0.019204279437755073,-0.055084555783301,-0.011460464630076926,-0.025102968302753076
2021-02-23,-0.04916947425970591,-0.06335807558425355,-0.08556565117293762,-0.10944903631844421,-0.11822686886306684,-0.006193410933652688,-0.07599688042655131,-0.03105481240623778,-0.04916947425970591,-0.09825665274749965,-0.012578832149566324,-0.023842166023131283
2021-02-24,0.02806776092482806,0.0360875337571134,0.049978522806482364,0.0668106375084789,0.07424501791971747,0.006801239627752915,0.0439092435790424,0.018866024719680893,0.02806776092482806,0.05429284634627204,0.008756181350608183,0.011528070428963073
2021-02-25,-0.027069197195043655,-0.030103763029728857,-0.02977233612750674,-0.034459378372818546,-0.02779065408334591,-0.013380140302551958,-0.026499991653432982,-0.022699229810451773,-0.027069197195043655,-0.04137919890928067,-0.016109905861931468,-0.026711135605192837
2021-02-26,0.0019030951350921567,0.00884405025119582,0.030446330466692102,0.035108619341686895,0.055147689183702914,-0.0023206513209269937,0.02698269451800521,-0.0026345224971047274,0.0019030951350921567,0.008256099899389812,-0.00203367621801352,-0.0003859629547414362
2021-03-01,0.03648289605778217,0.045483500101828056,0.05341246560377043,0.06915909854394837,0.06732850354768737,0.011004326987541547,0.04721836872318658,0.025177373813141023,0.03648289605778217,0.07095747399133903,0.014278249447352752,0.020980449930339016
2021-03-02,-0.018099748430560197,-0.024270582717186455,-0.03357043642726369,-0.04290302191046827,-0.04664674664561664,-0.0034724811902555764,-0.029834087356705043,-0.01077931078962218,-0.018099748430560197,-0.03767629804377651,-0.005191889640731069,-0.007647416901720556
2021-03-03,0.000937356287240397,0.004739203848250078,0.006870954628482823,0.009672888767345338,0.00889401905000805,-0.0029271161137317545,0.00602196032624636,-0.001915932160271039,0.000937356287240397,0.010246703215226484,-0.001727495395068506,-0.0028318163716588027
2021-03-04,-0.021414296431411066,-0.03020356609629677,-0.04321853953490594,-0.05131542907259576,-0.05834818883008948,-0.008818471403306811,-0.03832558855415327,-0.017344587535269653,-0.021414296431411066,-0.03742756312201444,-0.010104502923207387,-0.01705045885401218
2021-03-05,0.0077613727109170074,0.009152926549888135,0.01399264062781026,0.015237190684135975,0.020511347280544698,0.005602126206646187,0.012345341767476188,0.007608694579081559,0.0077613727109170074,0.005269416823915643,0.004614246502585726,0.004737912300566168
2021-03-08,0.010584052348633126,0.021540564362989584,0.025887229326799856,0.032941523661380354,0.02717652631495397,-0.0006217821420318658,0.022836327589380055,0.004799876736226553,0.010584052348633126,0.03237131247758516,0.00321479020205817,0.005944211153299427
2021-03-09,0.04408396871452241,0.053488570522992815,0.06417526068806649,0.08508066458148754,0.0837796348625886,0.012522296728967961,0.05688145174637771,0.031018710256617545,0.04408396871452241,0.0892820504632375,0.017016358357937363,0.03158305681299034
2021-03-10,-0.011603347569461384,-0.016114039284023253,-0.024521435101429095,-0.03276650856998405,-0.037413063671618764,0.0011550147786927355,-0.02184702631363895,-0.005254195776958681,-0.011603347569461384,-0.028104183619414254,-0.0005714965186704988,-0.0003296571672881299
2021-03-11,0.009237322077049706,0.011409762045375391,0.01105328201289617,0.013221527450499442,0.010327376157748836,0.005232739068375214,0.009837666931056505,0.008123294220647299,0.009237322077049706,0.01668819930221181,0.005769954792127505,0.01096674369914256
2021-03-12,-0.02528747275260249,-0.03156788171146339,-0.04289313619637487,-0.054720706889447114,-0.05964748158495829,-0.006004034379213001,-0.03823445807907625,-0.01728031790882159,-0.02528747275260249,-0.049293125980680336,-0.008902297289828335,-0.014946731045941698
2021-03-15,-0.004498117080386665,-0.005990730769331094,-0.006874354107704587,-0.010868210067893276,-0.009872930169476433,0.0010545529061185906,-0.006082860436580462,-0.0020473123845069826,-0.004498117080386665,-0.013306550106384343,-0.00010877884467453943,-0.0029917714349251266
2021-03-16,0.025396217415071518,0.03381646977854423,0.057910463579688126,0.07257617290410888,0.09349751983257412,0.0031611685277082055,0.051312788684327676,0.015553423464828,0.025396217415071518,0.04788053913666232,0.004408711126975317,0.0026394866831891198
2021-03-17,0.02309318751365457,0.03056677181830506,0.04547639566166181,0.05655077883794013,0.06618149715886315,0.0045585172269592975,0.04057333463155673,0.015057851573296942,0.02309318751365457,0.04330158231933688,0.006062960057259412,0.00845393114718124
2021-03-18,-0.027628361458541063,-0.03179634605382225,-0.04453365202153965,-0.05278691619791676,-0.06187853132560289,-0.01043441452786401,-0.0399068211146165,-0.022353552902834042,-0.027628361458541063,-0.03889975834544408,-0.011311757919071807,-0.013615698509338643
2021-03-19,0.010243367488688412,0.013680682959007302,0.021077416945874422,0.025012778480858696,0.030256229563451018,0.0028198590708883274,0.01879085229930817,0.007914354241097248,0.010243367488688412,0.017278167440699047,0.0034077313380239307,0.003156223325754228
2021-03-22,-0.020816639288255764,-0.03911983162731338,-0.06544616847393445,-0.07920229464447331,-0.09496642654029037,-0.00326110121280603,-0.05848957193944242,-0.012373533151452629,-0.020816639288255764,-0.04886897222506771,-0.005393968442884969,-0.005781555305953132
2021-03-23,-0.005060362369750936,-0.0029246790885789553,0.00030596213706716335,0.0009000050797816643,0.0028311567758419896,-0.003564183536563427,0.00028444811902774596,-0.0070596948577912495,-0.005060362369750936,-0.00047047228694485854,-0.0029342716666591086,3.0477808110903823e-05
2021-03-24,-0.01720182472385513,-0.02049086042639911,-0.026728256231009138,-0.032812806766852526,-0.036080020298695656,-0.0025051405761535132,-0.023679986610096557,-0.010584588287315112,-0.01720182472385513,-0.03209539861733762,-0.004326246831410764,-0.006860089559052922
2021-03-25,-0.0015555855125721995,-0.004736556919097534,-0.004247933270408228,-0.007498778478472147,-0.002881016099571322,-6.716367769906166e-05,-0.003742508591196704,-0.0009238154720854575,-0.0015555855125721995,-0.011867166776898443,-0.0013298556788035407,-0.009445699464384684
2021-03-26,0.040643407048651395,0.04738253016192731,0.06068048911974987,0.07667329682319568,0.08332353294630615,0.011609805654376582,0.0536243285448713,0.029861404785790926,0.040643407048651395,0.06854665154569953,0.014124950755909894,0.01858866279192339
2021-03-29,0.011404189072315229,0.018519335697455414,0.022221100437183644,0.029861495539306258,0.02642854853961473,0.0009905734593775642,0.01974317057135771,0.006324593265185871,0.011404189072315229,0.03178953434663819,0.0035822889981924136,0.00834180844524986
2021-03-30,0.00010562692402455213,0.010166534877491352,0.016507622772298728,0.02994883937113641,0.03852431463877153,-0.00404524827538272,0.01635754892592029,-0.002421296053642187,-0.0032712603788460507,0.011734170687161791,0.0006395545433502409,0.002173808820430775
2021-03-31,0.0015697307299227478,-0.0009812901966453035,-0.002403536096129464,-0.0026813745084924455,-0.004601336665102811,0.001812163100965698,-0.0023806935370454044,0.0020186733818957814,0.0026351128176346043,0.0015538282098219564,0.0005200437540601242,-0.00031349970057682666
2021-04-01,0.012809932122540557,0.0174288117725145,0.019883524090797567,0.03061861556698862,0.03620870973213145,0.00748353952903086,0.01978412789340886,0.011181189955898296,0.011734708099260418,0.016797174651174734,0.007313446793738342,0.009797052638684054
2021-04-02,0.0048360673463344675,0.008623818583629648,0.011348802099183708,0.019802754992101844,0.02190988345909122,0.0008246359406896865,0.011286341649832405,0.002670238285054934,0.003153260889775189,0.01523489923271821,0.0017584671986446859,0.0010348087234210235
2021-04-05,0.018502286791519884,0.020129057265496728,0.021041997929556334,0.03905157589731115,0.04100336836456973,0.007270610555599092,0.020923049845969897,0.010919879239383323,0.010342411811471584,0.040430633114937525,0.0051053239829226245,0.006019132942989189
2021-04-06,0.013112796767412515,0.01871016932988612,0.022324166862189514,0.03921172012674379,0.0444149458475897,0.001952260863861852,0.02221526761942455,0.008128513338060087,0.010037387575020928,0.027481677317590467,0.004880084537553517,0.004861835683110084
2021-04-07,-0.01702530485237397,-0.02906400971870643,-0.03741423594308127,-0.05495040966450225,-0.06098602173982427,-0.0038573475080521907,-0.03722135767300496,-0.010042800647015305,-0.011443636381107038,-0.04185371079034311,-0.006811919458094812,-0.010531445824589283
2021-04-08,0.01714689733185933,0.029022264308620267,0.037002774238132904,0.05727661096833593,0.06554218555474184,0.0051683641363453785,0.036812586005701475,0.011359882881644526,0.012893234532814922,0.04026367847034164,0.008038006877266864,0.013825330763907667
2021-04-09,0.00013883565600115153,0.005671394620671228,0.00896057988098671,0.015298830394988494,0.020849292295965816,-8.818494685986636e-05,0.008906506575118621,-0.0005900716579110004,-0.0015128465389248548,0.0038948751282174674,0.0007159923639270336,0.0016148275862602037
2021-04-12,0.035696017683057996,0.06396557180538756,0.08132117598180846,0.13608180389717756,0.15671682069118587,0.0032442881283935915,0.08089503282077577,0.018820739293169554,0.022452402152018224,0.09151742166195728,0.012759362028139558,0.018537238258386466
2021-04-13,0.019264700789536956,0.01631817806340849,0.015140212175562608,0.01957066484917478,0.012682728365304919,0.005818971604557772,0.015075297509177823,0.01319555939724477,0.014890922479265756,0.03968058426227457,0.005509517781265627,0.007418225766513022
2021-04-14,0.0072153604961427125,0.011046805131473414,0.013530001977481193,0.016408845342809748,0.01729745895543766,0.003600896484403546,0.013462945545850091,0.0054836029959761425,0.006512840842612753,0.012165293356127116,0.0032124534421379023,0.000510090896238791
2021-04-15,0.005452355946825948,0.006525749196742044,0.00797058570857887,0.003024945425202658,0.003447702389491599,0.007826775615959345,0.007946151310990674,0.007577681800774723,0.007249743751459809,0.0017863530766082459,0.0056512329133231055,0.010198297689786882
2021-04-16,-0.013213302223314186,-0.021894930634373207,-0.027155968404957008,-0.04215625041512397,-0.0458059131071451,1.4597574504510516e-05,-0.027031127642332547,-0.006893820095592805,-0.00930040649159369,-0.03328854148884088,-0.0047120849441862605,-0.009450505062532345
2021-04-19,-0.022334625187553796,-0.04252593572614037,-0.05713001395716398,-0.06849863239150429,-0.07391141337410949,-0.00556604250586986,-0.056861162886822664,-0.012982914551231278,-0.01416485622192461,-0.05869504259282521,-0.010123693498516198,-0.015880557375658553
2021-04-20,0.010495230651352593,0.031060444816279544,0.04492230301434155,0.06957277743897389,0.08397715897103462,-0.0014992320082013854,0.04469956849942129,0.00432152175828603,0.006434053725807911,0.0371467525374591,0.005948717711178145,0.011229956354868986
2021-04-21,-0.003874670583585105,-0.015043945063516577,-0.021636499648258617,-0.0335985473157255,-0.03925732693282027,0.004320019019523722,-0.02152351350269544,0.0006000450960821789,-0.0007674285579034506,-0.020729106905786568,-0.0009121682592506512,-0.004919759438656806
2021-04-22,-0.013968331945798244,-0.02308701224736398,-0.028893425033889635,-0.03926473645225724,-0.04404732289824834,-0.0046283731214034375,-0.02875385540997303,-0.00909712311767686,-0.009347813961066471,-0.029764416803082783,-0.006106942663976159,-0.010004245289052778
2021-04-23,0.006861171257222135,0.009259510003865653,0.010668126975987503,0.011593437630661577,0.013831991603007283,0.0069793738838447306,0.010611162590589491,0.006218209016809277,0.005461165612284838,0.005878526524483109,0.004230434467596293,0.0032838908673441143
2021-04-26,0.017281120116998276,0.025607474589771508,0.03137808967161898,0.04362106230044076,0.04519020601345432,0.00467776032842899,0.031220305836858336,0.011527775666609851,0.013543239941702992,0.04039364700803372,0.006224979078326448,0.009625945412383551
2021-04-27,0.008574081661587934,0.021385268823315276,0.030019243677835022,0.03934410884854202,0.046024774369237964,0.0011776270686200208,0.02986803772264419,0.005001688656848956,0.006083894831487403,0.022457737612360168,0.004009096123710201,0.005006462679879541
2021-04-28,0.0008844715856215473,0.0034621372171291485,0.005460145857273066,0.0037342392866217067,0.0043368862435819045,0.0011286841454116363,0.005436772355501333,0.0008954601541183764,0.0009191269707902138,0.00023838632681417136,0.0013440397273676242,0.0005005227105823692
2021-04-29,0.004826172018304628,0.007314637170862657,0.008040751817533328,0.01700124355640276,0.02020319533463429,0.002371375388057301,0.008000735839553162,0.002717232056502013,0.0021542812453088037,0.00934806179836365,0.002225266312769933,-0.0011568440075970397
2021-04-30,0.008830783989531141,0.01583786646315798,0.019845063322291794,0.033528225349171575,0.03545518979829046,-0.0024556789247322454,0.01975202012465015,0.0033692901060342045,0.0052853086596981735,0.03181223215057436,0.002264429539848856,0.00815347510869486
2021-05-03,0.01749846382254581,0.03419688844989777,0.04517559647115396,0.06408298198839041,0.073021158068341,0.007180309370096127,0.04497610363536316,0.013268773554699747,0.014810996417225424,0.038746841348528224,0.010234442066838892,0.007740615920931792
2021-05-04,-0.019922273200208142,-0.036586950160526745,-0.04698857262020223,-0.062413614471075844,-0.06961700031229057,-0.005621997385911077,-0.046785303978845325,-0.012151068841697404,-0.012820113904776534,-0.046835984260750654,-0.00943483025404142,-0.014395502411507055
2021-05-05,0.024296149180614256,0.04723358691816508,0.0627456768094421,0.07674498957404363,0.08444697779733937,0.007292068333296328,0.06246010820904778,0.014490977078904455,0.016608406026877378,0.058438675845541736,0.012131607476600463,0.017064802842632475
2021-05-06,0.006353738873902355,0.013217835256802745,0.01958002062304025,0.007873264201716832,0.009594514992047675,0.006165102434088671,0.019504261622746516,0.006970274974925077,0.0068128352242962514,0.003411228389763774,0.005134346482485378,0.006213405084678204
2021-05-07,0.0042163230429263805,0.0029066024104289208,0.002104639345163938,-0.0018372773004702411,-0.003083508327469823,0.006666494214064726,0.0021014241283643926,0.0049939994494778255,0.004016788087317623,0.0016548504889490378,0.003326648298529626,0.0037405348116000036
2021-05-10,-0.005871145372454168,0.003969316881620226,0.010561381099703433,0.015280706383569483,0.02007680940383482,-0.003880586713099203,0.010513918376674678,-0.0051740724316309645,-0.005331453393874346,0.0011177764795994652,-0.0010119058827520475,-0.0056242588059033415
2021-05-11,0.009209728963193137,0.025196376260711008,0.03549936487058677,0.046399313798225,0.05300670316347719,-0.0026514364810891703,0.035347461660364066,0.004261163440644539,0.007150278854276402,0.02886644271322776,0.003737670139013941,0.008205943219775821
2021-05-12,-0.03920312768674694,-0.0657307864570146,-0.08162428642631828,-0.09897055379414309,-0.10775124776696376,-0.01902979459977109,-0.08129966774838036,-0.028179881979471893,-0.028587666711012955,-0.07999645969493574,-0.021990208701559988,-0.03164783127589792
2021-05-13,0.01234096639141247,0.032717451713767824,0.049088085455006245,0.036369861691839374,0.041856884791218164,0.004528474557097027,0.04887581921552464,0.007996238848870385,0.006789387310439807,0.025617298911483247,0.008032504885832898,0.0130949769456527
2021-05-14,0.018499161492522002,0.02950901023517065,0.0363055581299146,0.046225920251232136,0.05086060320377435,0.0101151141110331,0.03615951107421093,0.014055767660338277,0.013928570105246781,0.03354170463987797,0.010546783908311525,0.009453278588541603
2021-05-17,-0.01230026346427331,-0.03923251597844059,-0.05371460622683469,-0.08168087336495448,-0.0928198170249102,-0.0024965915376870713,-0.05349032501357606,-0.004885166312525995,-0.0051850436927622316,-0.05396842474945821,-0.009695288428764139,-0.01531852764468442
2021-05-18,0.0017270472456810113,-0.00037174222603184574,-0.0016552492775092043,0.0032835372264580116,0.002152247504120843,-0.00011455851134839555,-0.0016484391567779205,-0.00023019003828795415,-0.00019827851732545296,0.007821990693933486,-0.0006223562875813308,-0.0027868408893888573
2021-05-19,-0.0670416137644208,-0.1309816616446823,-0.17095109115197732,-0.22517283702207688,-0.25195345151919835,-0.017191861720863733,-0.17021343953649246,-0.04197653563790655,-0.048531729178585836,-0.1590420721530788,-0.033285372077518374,-0.045576347802691854
2021-05-20,0.027321358628984722,0.06722251592783515,0.0970462598831486,0.11862767650874464,0.14041984255640955,0.009493792152179149,0.09654958380420221,0.017057660386558694,0.018132368059700858,0.07352499966208015,0.01664687624762019,0.02631232011322058
2021-05-21,-0.02632198598354028,-0.05967554981782635,-0.0823884054087553,-0.1087474427051346,-0.12503401046773943,-0.00465963550476001,-0.08199645867736013,-0.015316668517450678,-0.01792081377154621,-0.07142998668936208,-0.012992808614068865,-0.02023862124469288
2021-05-24,0.00952471246407931,0.016250840534612038,0.02032130882459703,0.030291421819725273,0.03461099934411491,0.006067418093843748,0.020219672700657658,0.0077509918887237435,0.007609197225076757,0.020606491176336054,0.005863570388284664,0.0070335233274661174
2021-05-25,0.0009906755609018587,0.0014968849174808846,0.0023798979253471676,0.002900454709731465,0.0036860556595874616,-8.577301319654198e-05,0.0023755985417081085,0.0013123152644874613,0.0020214441352848353,0.0005074084227940294,0.000953087863070104,0.0021555888661267926
2021-05-26,0.014548488645086987,0.04021315715737282,0.0590722294660268,0.07089551893239063,0.08461708913673427,0.003470041340891222,0.05877158221984628,0.0084063906353443,0.009355013263145768,0.03968862162158697,0.00846692231535099,0.011132048906272809
2021-05-27,-0.007569768140136615,-0.020730171131411984,-0.030350592025371298,-0.03846319016446936,-0.04453584744500178,0.0012225320601458515,-0.030206490549196913,-0.0033678265165148842,-0.00423833485263571,-0.024860378366915063,-0.0035700681747391763,-0.0054301704182171395
2021-05-28,-0.013047554236134355,-0.03509707962376436,-0.050126284376010646,-0.06984142205586885,-0.08098861117853356,-0.0007834542792597626,-0.04987559636617503,-0.006378440439223488,-0.008113497817857515,-0.044549203271845236,-0.0067803101077678115,-0.01105179416974666
2021-05-31,0.018340472267334356,0.044024587479661446,0.0633687528048021,0.08230011079534354,0.09546033716569574,0.0029360567888268184,0.06303866626850353,0.010161357897292037,0.011994971207387918,0.054213179879515044,0.008768309387922555,0.012369613160291528
2021-06-01,0.0033323222516027976,0.001423975953493179,-0.0004120555866557532,-0.0028062660994363576,-0.003083992494069298,0.005146729046455613,-0.00041232520493928327,0.004190490409921435,0.004196887498386806,-0.005038341408853522,0.0024237256155978217,-0.002128912199642673
2021-06-02,0.007829744748906003,0.016096661490739166,0.0208721076402014,0.032422483956566106,0.03858009506863914,0.003156638693103458,0.020774099701866687,0.005174957999508895,0.005311251539420784,0.018846585912758673,0.004850555176428097,0.0054508177676334145
2021-06-03,0.0025530693959134303,0.017276818905346027,0.026947593769902793,0.03824993175010072,0.04549473513354331,-0.0033079533461066466,0.02680320500591609,-0.0015519329957074252,-0.001612467086104078,0.022155222387548985,0.0011612712687626933,0.0018193582612904683
2021-06-04,-0.006391951606713872,-0.025321142402334705,-0.037660187698047756,-0.05249184568159838,-0.061136195931568264,0.004045894621220328,-0.037473315913293004,-0.00038500673413363086,-0.0013769093866536537,-0.03283405746418933,-0.002048422720275376,-0.0037821538301518035
2021-06-07,-0.01356458311359711,-0.03151327036361993,-0.04359193310337692,-0.05746413831742854,-0.06563948469817965,-0.002046836308249365,-0.04337876978338394,-0.007438119413552517,-0.008921652171744194,-0.038905329446431755,-0.006837553987742348,-0.013189521982414618
2021-06-08,0.0008615079161114645,0.00022651174112250732,-0.00021843078507712802,-0.0028318011243983468,-0.0035629961242465927,0.0005945499330339498,-0.00021597809748815549,0.0011053229351101076,0.0013946463059028207,-0.0015571075951416884,0.0007567922058644578,0.0022010329395142697
2021-06-09,0.006650300547780206,0.01584676588958627,0.021668375279724917,0.033926785568881374,0.038617889761397725,-0.0002466791712091663,0.02155844810475726,0.003395934586550857,0.004524936555364596,0.02508743091789538,0.0034922253527964638,0.010934012539795241
2021-06-10,-0.005472202943732903,-0.019018282794110712,-0.028485640837234094,-0.039367857500716155,-0.04637298095207683,0.002531992664075211,-0.028337318878645837,-0.0015269983648243048,-0.0025668070047312787,-0.022402098539604346,-0.0017664964207121554,-0.002793490685903407
2021-06-11,-0.003996179085735994,-0.013748425429902166,-0.02148185554854316,-0.025391613357459618,-0.030696858251041736,-0.0012000336083967554,-0.02137902701478278,-0.0016085501849522838,-0.00185637484913801,-0.01406013280131533,-0.0030207047788094053,-0.003257627007009151
2021-06-14,0.010573039554061338,0.029184073275014648,0.04298527649033823,0.05584146098474816,0.06588942637201384,0.0010200560332152774,0.042753036382432406,0.0057974461018996505,0.006771590025085442,0.034856513980194265,0.0049640827414416605,0.009255041197652872
2021-06-15,-0.0019131082500939698,0.002970118458773391,0.006121458632690253,0.009990036608431329,0.012457419033124768,-0.0026347417926532676,0.006088573661349487,-0.003465984169366512,-0.003792977332863277,0.004486929646078765,-0.000596125751068166,-0.0028537689289502024
2021-06-16,-0.017520976853685567,-0.03315373270750298,-0.044239878071676175,-0.05703718834688301,-0.0649203158783657,-0.009405537054610457,-0.04403484864924696,-0.012796838396445197,-0.013627950640007394,-0.039464652201812556,-0.01090670894528205,-0.014384909826304384
2021-06-17,-0.006445234435106258,-0.004896728098011305,-0.003370980514031503,0.0003383751504537108,0.0023829109205409844,-0.005873308948754104,-0.003368469264826583,-0.00775109835628086,-0.008925033855409346,-0.0017603694360319704,-0.0031438938355572623,0.00044054942438284716
2021-06-18,-0.014781068214821804,-0.024887344279644605,-0.031828305466650456,-0.03960993681492833,-0.04418792073700979,-0.009681716310460158,-0.031666118986267026,-0.010978654431296518,-0.009496071965324157,-0.031187483070616077,-0.007679033418611925,-0.005371928565534902
2021-06-21,-0.01814315867958236,-0.05540030572499108,-0.08281790855487395,-0.12110183345274535,-0.14315183983585275,0.005334555730368181,-0.08236959432367437,-0.006624521862829929,-0.011009591266992247,-0.07360335231000387,-0.008195844751625008,-0.021151444536028394
2021-06-22,-0.003003204554051367,-0.005729615917230318,-0.007917006722197353,-0.014346813883312593,-0.017169928584924714,0.00047397844607657017,-0.007869735260016322,-0.0008692444908150137,-0.0010510946008203854,-0.009647732402958815,-0.0003055033742963954,0.002523252066394517
2021-06-23,0.01146937424237349,0.027989217042560834,0.040764903900660246,0.06087312997146576,0.07355295038407374,0.0007035122535266671,0.04051996392093049,0.006430532675979367,0.008512879557196252,0.03430054258899653,0.0046069549550391475,0.008684823446092692
2021-06-24,0.010227276451651413,0.02049275195000461,0.028690591359815713,0.03327017053591757,0.03951548632810627,0.004200407151988975,0.028529716861946147,0.007589860053828616,0.008000920563509597,0.019995966577030556,0.005350627236458593,0.007328940975823314
2021-06-25,-0.007906660675360097,-0.01901365840517901,-0.02678340616877441,-0.055600660106616726,-0.06521183351882136,0.0018115357049423696,-0.02674615017507612,-0.00282110329234094,-0.00848126971691562,-0.03749302034616295,-0.0015177245932664265,-0.011099658425531924
2021-06-28,0.008722816468518156,0.014903345845165143,0.020293350374794454,0.04470584247530262,0.052360281020103344,0.0004536923528798628,0.020262476313188497,0.005080059760090627,0.008722816468518156,0.034704427248972665,0.002361059545681784,0.0081521636077632
2021-06-29,0.0047377358895464485,0.009770701242810848,0.012575512046127935,0.028711257854375727,0.03171656707573916,-0.0004525098951282638,0.012553925842060266,0.0017714323843480355,0.0047377358895464485,0.0202533020141996,0.00084046658641954,0.0042054555023525435
2021-06-30,0.003081171069015858,0.00496921469256644,0.006184061223598514,0.012558046515013407,0.014117696870069484,0.0012095844093423594,0.0061745605386124055,0.002949215098502705,0.003081171069015858,0.004735596883798507,0.00125436625281949,0.0030436400772941167
2021-07-01,-0.006106538556034975,-0.011838015712897016,-0.015929153146889988,-0.03464712813584524,-0.039792139662770926,0.001050899550906782,-0.015901059365460865,-0.0030734651608143393,-0.006106538556034975,-0.02327638940841264,-0.0009047805339664096,-0.005261296653828384
2021-07-02,0.005132671486580936,0.006841592360022947,0.007767942606842902,0.011903386127043152,0.014486002074684274,0.004115991026553856,0.007758599581987798,0.004892465134775527,0.005132671486580936,0.008193334221415013,0.003289978791490878,0.008525866142027487
2021-07-05,0.0019479363742203415,0.005657779336609898,0.008195831506313546,0.014040947874453768,0.01766518664194805,0.000246209747214244,0.00818038148093759,0.0010700435637237301,0.0019479363742203415,0.005480532052390399,0.0007384644504412085,0.0020343382595448653
2021-07-06,-6.451596064129656e-05,0.005015450802416591,0.008839010147546613,0.022518529283787808,0.02769584845951538,-0.003112620254293325,0.00882930209618766,-0.0016807625539030384,-6.451596064129656e-05,0.012175379686754407,-0.0003637456745083652,0.005618602092308949
2021-07-07,0.0002844364725319974,0.0007028041098976675,0.0015827913273572239,-0.0010879765752405378,-0.0001425405616284005,0.0017671261466820308,0.001586191712459872,0.0005440776639107001,0.0002844364725319974,-0.0014806622262293144,0.0013575904235811314,0.004408785380402389
2021-07-08,-0.012162107410454594,-0.01968908525451,-0.025392892063925296,-0.04135684525810039,-0.047605786673557804,-0.006337945898686524,-0.025344606334637147,-0.008200616076720471,-0.012162107410454594,-0.027884552431054872,-0.004996329488334891,-0.007692061335749792
2021-07-09,0.010954940350915234,0.013446296733144809,0.015095533485543305,0.015938336536927673,0.01678652461767859,0.008824531709832755,0.015058600744646832,0.009431436916086135,0.010954940350915234,0.014996939634231855,0.00516286120289281,0.0021908540984960467
2021-07-12,-6.407711338982558e-05,-0.0026375831736975583,-0.0047326184544764635,-0.014195153100625687,-0.016653921186218758,0.0030006711985498934,-0.004724710649894081,0.001638902974176929,-6.407711338982558e-05,-0.008917379217928015,0.000977945065954252,-0.002998365470955583
2021-07-13,-0.007566672963211246,-0.011447866620473288,-0.013935920902640763,-0.022852441923268883,-0.026366652917195504,-0.004978942157026968,-0.013916649746116148,-0.006270813746246958,-0.007566672963211246,-0.015411913117899611,-0.004179449974356938,-0.005978170190656224
2021-07-14,0.0023056300031598113,0.0017726565859424658,0.0023181708227467037,0.00377779380473983,0.004702072950584517,0.0022898210134253616,0.002322551309457829,0.0024619230777161534,0.0023056300031598113,0.004343685418626031,0.002072030484262834,0.003326740273089526
2021-07-15,-0.0032330268028741217,-0.005133191335539716,-0.006225980776577273,-0.013484372289067861,-0.014364221131357505,-0.0007908751402280676,-0.006209995097596184,-0.0015251791204057294,-0.0032330268028741217,-0.012355551315140099,-0.00030531956617952695,0.0014641459496466552
2021-07-16,-0.008003372306840343,-0.011896585371331335,-0.014565830814789998,-0.021344421505071046,-0.025545212530970182,-0.004507712392471215,-0.014540502698704947,-0.006501298441412876,-0.008003372306840343,-0.01240423979448279,-0.003778775860690442,-0.005664606433221435
2021-07-19,-0.01605795464141544,-0.024546264635449073,-0.02968224100167555,-0.04003412250773958,-0.04509966381780621,-0.012057533901316041,-0.029610337864974016,-0.013199589072541495,-0.01605795464141544,-0.02573019531483964,-0.007294362819147856,-0.004794466930621012
2021-07-20,0.0021028603055011073,-0.002677243103955032,-0.006037425953275665,-0.025126698058986954,-0.03206045347145141,0.007879675550685201,-0.0060280343238690625,0.004505016586259037,0.0021028603055011073,-0.011366991733484976,0.00313578686363098,-0.0029389894502132446
2021-07-21,0.016274651716734336,0.029498114070807692,0.03839725415063468,0.06877503770059794,0.08170496188888163,0.0062824205789122,0.03831197818267136,0.0109948594596629,0.016274651716734336,0.04303466572478845,0.005342591618645445,0.0071588027473449
2021-07-22,0.004727904504824006,0.004998154392376027,0.004983776901392078,0.010280811870336007,0.010754227369958623,0.002312541058305892,0.004982129538311687,0.004504462747249031,0.004727904504824006,0.007076993387492528,0.0021797773632715074,0.006479794703651166
2021-07-23,0.005593258567995381,0.009504261515627839,0.012285130397597792,0.02022086463932166,0.02267686042505735,0.004371057662298073,0.012260312470877346,0.003961988466748093,0.005593258567995381,0.017407585816434423,0.002660693308689333,0.0059963203758395716
2021-07-26,0.007952207500499261,0.013036868180582454,0.016970987651492818,0.02922972694571111,0.03370920606026348,0.0027160550081668485,0.0169340554049273,0.00586934032401243,0.007952207500499261,0.027977643098827318,0.0020610410640410056,0.008248183536829766
2021-07-27,0.0008020626468342892,0.004684328551064423,0.007719103614466593,0.018074126291741904,0.021068975578517356,-0.0018005927864896633,0.007712608071812392,-0.001064590745949767,0.0008020626468342892,0.0159456915513872,0.00010493251311043954,0.002855344757695713
2021-07-28,0.006702359153497009,0.005570230943359054,0.00431640892357784,0.011992077855683965,0.009362081371610464,0.001989076097692238,0.004311603478319245,0.004522040186795379,0.006702359153497009,0.011719095309224206,0.0023042981929179435,-0.002228655064383542
2021-07-29,0.006354638087743641,0.007951698762709333,0.0090155747519867,0.013136895691502207,0.01333666063965861,0.003956006186639334,0.008993268400506335,0.005807141897963312,0.006354638087743641,0.009393833979060986,0.002364526302384839,0.0020276588980855086
2021-07-30,-0.0006549869782883191,0.003007440015909012,0.006248731696690755,0.015666057277723005,0.019252772934019086,-0.0037142770997590983,0.006238636178622151,-0.0028030014539671983,-0.0006549869782883191,0.01361310597596243,-0.0012498414797074409,0.0011993663333827425
2021-08-02,-3.5682022351874896e-05,0.001989810046139005,0.0034494035514959793,0.008362643341859995,0.010969263263313031,0.0001899677047895926,0.003448378912491536,-6.024178164841705e-05,-3.5682022351874896e-05,-0.004738972879007871,0.0008390448752617869,0.0019518405755508217
2021-08-03,0.0015411019173177498,0.00043332524958868135,-0.0014358378128613268,-0.00844601797461048,-0.008472889185454455,0.0049441113034350975,-0.0014312908024473338,0.0028508576811994255,0.0015411019173177498,-0.0074002915224467645,0.002563898823062275,0.001702523473125388
2021-08-04,0.0023051210251507012,0.006842035794092306,0.010922944949928879,0.026760473623923135,0.03159435183129484,-0.0038079992799444143,0.010903149677295974,-0.0007165175705550668,0.0023051210251507012,0.01903107083643183,-0.0011509683546810639,0.0004629451631075767
2021-08-05,0.004745416118960434,0.007708206882630778,0.009918460788978015,0.01351182231365391,0.014917513341683793,0.0031931015894563004,0.00989279281431996,0.0033467824955257562,0.004745416118960434,0.012495216770705225,0.0016853559987417652,0.0001629522058435927
2021-08-06,-0.000475984381242383,0.003555696564693029,0.006436089520398884,0.012538592004784525,0.014429968092638749,-0.0022525264994054397,0.006409720570867099,-0.002962601917581335,-0.000475984381242383,0.012411543858648314,-0.0020585894842545067,-0.004263618896638746
2021-08-09,0.007905318148392636,0.016140793371792778,0.022425894558829783,0.0473753179393306,0.052909169781211636,-0.0019488779494661857,0.022378350614980558,0.0017818174691966503,0.007905318148392636,0.038242195861150345,0.0003761889878499947,0.002498377948779226
2021-08-10,0.008558548155163262,0.016932738867976253,0.019669003554114425,0.035315522880013946,0.04170776193192529,0.002815580810140442,0.019631061487693554,0.006454644193790548,0.008558548155163262,0.013920489663283166,0.0035070688603139393,0.011791057457935919
2021-08-11,0.015105648929969625,0.021615764479946974,0.023523115703416322,0.04509889103500793,0.04597213138305342,0.005937652692302212,0.0234859064872068,0.01079935847537911,0.015105648929969625,0.029118198335887815,0.006162913281918909,0.009170420821837576
2021-08-12,-0.005980836384215845,-0.006533371798082395,-0.00729494192660841,-0.014020681405844216,-0.013366054048625587,-0.000808030308047798,-0.007280491015672526,-0.004458643501038834,-0.005980836384215845,-0.013327573104292216,-0.0012309425262809072,-4.890358329209807e-05
2021-08-13,0.02126680227404576,0.03597695697789102,0.0437885803312074,0.08255360603660007,0.09276158471664953,0.005150969987160613,0.04372653805368614,0.013492677201328237,0.02126680227404576,0.057141825850244986,0.008176953594175208,0.024488859164127953
2021-08-16,-0.0002279391348127221,-0.0029590581431391677,-0.0061010187406583165,-0.0054972484113155196,-0.00985262976806128,0.0003404931416829042,-0.006090217037868837,0.0003067604044119888,-0.0002279391348127221,-0.004884979176361498,0.0001085399264520706,-0.002812418445516986
2021-08-17,-0.01687470940248158,-0.023508452498622143,-0.02654411433735572,-0.04386772159207454,-0.04721320186861691,-0.007218056458547895,-0.026503873899919147,-0.012889983216628667,-0.01687470940248158,-0.031011677780103164,-0.006864553967280324,-0.013586162572207633
2021-08-18,0.00042040980899399815,0.004667692691610411,0.005753532252296922,0.021301303645530012,0.02504889977373872,-0.004829185654266583,0.0057428363028824035,-0.0019551468580034236,0.00042040980899399815,0.010250475907994527,-0.00128538078558198,0.004022895865752348
2021-08-19,0.011905083568690918,0.027963211489262077,0.035448679700509016,0.06909671823237616,0.08000925639694073,-0.0011331242445070107,0.03539380720251725,0.0050563253301826845,0.011905083568690918,0.041623296563146485,0.0036500698095698414,0.01952011515507911
2021-08-20,0.008890439994276819,0.014129685767209972,0.01805134735245713,0.02548749539380065,0.028640027640581822,0.0033908824063011178,0.018023489108630095,0.005875073852803672,0.008890439994276819,0.02254693579940391,0.003214226664471556,0.007699301871381785
2021-08-23,0.018844974632006663,0.037701180563400744,0.045412611752451516,0.06843388533444708,0.0825311926015241,0.007021052796451841,0.045342248705709784,0.014234092207904291,0.018844974632006663,0.03185266450918219,0.009276796790593182,0.029821086402916065
2021-08-24,-0.010200406867793553,-0.020352370871925186,-0.024958412568565718,-0.04681997624993675,-0.05106669522432045,0.00047682576323409697,-0.024924233086278214,-0.0048760348418188226,-0.010200406867793553,-0.033025602839015594,-0.0029057295377373084,-0.01236190568584078
2021-08-25,0.005996350607590688,0.012221266004189772,0.015868914615276293,0.022666876108267835,0.025213091769783078,0.0014153008870025259,0.015840431671387812,0.0035552919148565234,0.005996350607590688,0.015553917294419465,0.0016316449653894385,0.002251269613483365
2021-08-26,-0.013697308733233434,-0.02340242344218832,-0.028461923064604336,-0.0466846019247478,-0.05079913912087335,-0.003763014442055745,-0.028419256858465945,-0.00796564469579234,-0.013697308733233434,-0.033832154411715484,-0.005067440965492696,-0.013419282237075501
2021-08-27,0.026003479766130932,0.03860711091474446,0.04310443836754568,0.07197700116103842,0.07877905080081465,0.011296464977677579,0.04304593431718186,0.019923739477956857,0.026003479766130932,0.04945850173398378,0.011794301820795317,0.028378525144892183
2021-08-30,-0.010758631262266756,-0.021442237242890586,-0.02611300616402725,-0.045418751621545905,-0.05053239118562798,0.0004257933426612575,-0.026071213302518756,-0.005785609796761916,-0.010758631262266756,-0.02973650843500461,-0.002832252992811522,-0.009789005376176099
2021-08-31,0.007251567674342456,0.010225875147316203,0.011883498158012212,0.02434795806348785,0.024085944276669477,0.000600673149962775,0.011861598560866937,0.004103163237391845,0.007251567674342456,0.018385304038915216,0.0013321066948033156,0.00017966349223377397
2021-09-01,0.015152026836590698,0.023678821378720325,0.02921488838916674,0.046818136898387416,0.05122626479792308,0.005191239414695341,0.029172329763485542,0.010480932576332175,0.015152026836590698,0.03494756796839136,0.005634080653345091,0.005953233789557189
2021-09-02,0.0044785004309886665,0.005571014884075082,0.00503284183953385,0.007310277949413117,0.0073338521322269075,0.0036634968723626435,0.005028010471004964,0.003928122246183819,0.0044785004309886665,0.006347762243345058,0.0028245699214253855,0.005520655096159813
2021-09-03,0.005707728707595026,0.006836881867832797,0.008156499778874563,0.013116043200193534,0.013455832096499337,0.0016017340673317453,0.008139100867638475,0.004464010865516986,0.005707728707595026,0.011610863952968078,0.0012182036767452438,0.0005202148381746114
2021-09-06,0.0032722643397891794,0.00048249748726028174,-0.0003306127408200547,0.00040765232772401946,-0.003589041351794671,0.00013790624623844752,-0.0003301298381678027,0.0018744851562712825,0.0032722643397891794,0.010355187487526635,-3.225353577195793e-05,-0.005803640764593931
2021-09-07,-0.03651018197584651,-0.05807561235746139,-0.06935162245495427,-0.11237883526364578,-0.12030367215471668,-0.009624513775503152,-0.06925721925669312,-0.024709572499686912,-0.03651018197584651,-0.0851798031137217,-0.013302474554185432,-0.02779333176071542
2021-09-08,-0.00040542324548961423,-0.0015973603394719303,-0.0027401857818676245,-0.0028682845082845174,-0.0033253464631307936,0.00036849273601997527,-0.0027309039603818524,0.0009841023631129912,-0.00040542324548961423,-0.003307976523975114,0.00029259694054297364,-0.0009828625475481454
2021-09-09,-0.0005018960236562386,0.0002670795097773817,0.0004472002057891002,0.0020164988614999615,0.0038046521473122704,-0.0012977575730660704,0.00045675920314994646,-0.00017277053713302582,-0.0005018960236562386,-0.0011828935793334668,0.00012800832895066162,0.006136651795041319
2021-09-10,-0.01180553039460162,-0.01935200077041438,-0.02390884118086844,-0.03839610844158709,-0.04335744834212088,-0.004903608476505037,-0.023875581535433954,-0.008018955119114005,-0.01180553039460162,-0.02795725368650162,-0.005431614224064463,-0.007732345848734216
2021-09-13,0.005385937905704553,0.005440555579718261,0.005019448990248586,0.00671446849265285,0.0062736543165277355,0.0038893985995955235,0.005015281071177359,0.0051606799501574315,0.005385937905704553,0.0057716339435227694,0.0029043117685148626,-0.00013140330385442165
2021-09-14,0.003568591499160165,0.006746143650869087,0.009312023079697257,0.018719687990894483,0.020566493803574296,-0.0020753277285366495,0.009301892021710483,0.0016950724847388612,0.003568591499160165,0.01633015776688528,0.0002769859577377714,0.002658356196204625
2021-09-15,0.012446764555359802,0.01967199283965367,0.023447153066439325,0.03447025237078221,0.03812775795773188,0.006061886120931571,0.02340772917004045,0.009629993419208765,0.012446764555359802,0.023491088839062237,0.005108420839262915,0.010306790145343352
2021-09-16,-0.00954353365806259,-0.01128461446536275,-0.011681336041876236,-0.01786228415630288,-0.019020173390287384,-0.004579404541100675,-0.011665268053951551,-0.00880096261759316,-0.00954353365806259,-0.012495622408500768,-0.004570560037620769,-0.011033451397063519
2021-09-17,-0.013244109019569641,-0.01839289362793783,-0.02122269261124088,-0.02955610501702768,-0.03249262735602192,-0.008307586516116638,-0.021192676726021903,-0.01132680215438768,-0.013244109019569641,-0.020674146422672297,-0.006582239801238281,-0.009153818046565834
2021-09-20,-0.03307761107796042,-0.05077688841171665,-0.06094800797215328,-0.09590583383380338,-0.10474582257443052,-0.013366115598851626,-0.060844919504180195,-0.02299839640715439,-0.03307761107796042,-0.07199757116029926,-0.012446595034983524,-0.02218412440787923
2021-09-21,-0.006327555163599539,-0.013959604424227848,-0.01861442973482677,-0.035914628602659246,-0.04025486032340097,0.0014831672630865442,-0.018582557464041596,-0.0024678053637587935,-0.006327555163599539,-0.02602376583219182,-0.0008499153967924536,-0.005747821243079959
2021-09-22,0.02227912794589549,0.03844972390947364,0.057619837058387184,0.08144996430323795,0.0971409006164589,0.0023962541222387525,0.05721436911647765,0.015249948575832731,0.025598358886089273,0.05393288752103143,0.004746936237029807,-0.00016669745769036753
2021-09-23,0.007886387728441496,0.012557043606285425,0.016869013278156292,0.017500030455119,0.019507294097609346,0.001194497569026635,0.016709831021072846,0.0065321114588882435,0.008151565801277072,0.013197923448033267,0.0017609166107663892,-0.0017880242620273734
2021-09-24,-0.010221250281806045,-0.015495661135539827,-0.02222132657258436,-0.03699856532105804,-0.04359359169624945,-0.002766952969631492,-0.022087583019128356,-0.006529548946220643,-0.011841393897304462,-0.02711024930306087,-0.0029771699036650195,-0.0011941799384690096
2021-09-27,0.0005255805586349385,-0.007346730034757075,-0.01712373949573904,-0.020969691685991453,-0.029942330042309458,-0.0005578643854927092,-0.01701168567173851,0.002916252966453962,-0.0010686004315323889,-0.009818216629223326,0.0006788096714555606,0.0005795714596691698
2021-09-28,-0.013699024083141824,-0.01784485202062318,-0.022227185508165114,-0.025145130230214932,-0.02810434573871068,-0.007570504270528367,-0.02214219358343284,-0.012365989126724892,-0.014514315943943926,-0.019909062871110807,-0.007602637699100415,-0.003104988782982332
2021-09-29,0.0012335684391190653,0.0072697638375436415,0.014796160157922289,0.025387363199921777,0.033787138341844644,0.0009808955315305044,0.014692068463206,-0.0018114754523975098,0.002702522692951226,0.011028105154097757,-0.00032976792403936403,-6.111427803006243e-05
2021-09-30,0.004911882301911953,0.00955139511066161,0.014238923515792142,0.028811968977800084,0.03332032656234948,-0.002174237065816006,0.014124947470217385,0.003179596161610093,0.005772529003265114,0.023460540372065047,-0.0010405203423077603,0.0006420990269334966
2021-10-01,0.018420535619659163,0.029115770721099908,0.04270415831532488,0.061451466041714746,0.07305691712450296,0.004500661009940608,0.04246125196595141,0.01258924038785019,0.020923561906866166,0.04725987545539288,0.005226037284940071,0.003842508475903468
2021-10-04,9.374759682399272e-05,-0.0008724713072820653,-0.0026160623849641597,0.0025713310804589113,0.0013755855182881645,-0.0018111713283385591,-0.002609035050252201,0.0003413490574766505,-0.00010851908996751354,0.004858736568165145,-0.001454746019286656,-0.000622244978738189
2021-10-05,0.010274852509431692,0.015269712968427458,0.019711519279223346,0.028645307201190774,0.031432905169544015,0.0016978429980956738,0.01955748457948113,0.007767589793158734,0.011208279523540423,0.021824706854938487,0.0022712597964515938,-0.000884046621453984
2021-10-06,-0.0011343444798473836,-0.0032030469324516187,-0.0022631017170152345,-0.0020408681794907247,-0.00026093324026987244,-0.0008147046366613477,-0.002246749070109448,-0.0025428780976710827,-0.001162843295680853,0.007663429086431832,-0.0010716683697245828,-0.0008698090693989194
2021-10-07,0.005044000847709192,0.0074491004735181545,0.009648584476988433,0.006979892243884326,0.007954551119663412,0.0014500480951109844,0.009560026188661105,0.004741562722503268,0.00513256528701002,0.0010009148465350264,0.002203865051103245,7.518032517576169e-05
2021-10-08,-0.0022948642690886517,-0.0069139791639752195,-0.010104321028643844,-0.014444438326856199,-0.017309731985909092,-0.0026472447581134327,-0.010067686593898603,-0.0017981508742272163,-0.003043384457372019,-0.006242283333331657,-0.001813714655685195,-0.0012059614290619986
2021-10-11,0.00022789826048054266,-0.0029240200176691104,-0.004437548402817188,-0.0009701058026929743,-0.001580406404375916,-0.002303605884007138,-0.004421066370936208,-0.0013786246132256107,0.0004107042518211256,0.00976607720189469,-0.00208510251440074,-0.001754900725440519
2021-10-12,0.0008340759066519669,0.001393635874891342,0.0012466313937489811,0.004213949718282532,0.0057587238949773426,0.0025234254289278925,0.0012769273279046147,0.001581477836623457,0.0008879671599368992,-0.0026695166271975177,0.0021128507508867017,0.002107809416177594
2021-10-13,0.012778192153780604,0.017381442337965475,0.022267772240925063,0.030655730797065225,0.034975279303004744,0.0038298033444129297,0.022155391567926435,0.011020907273770978,0.013699700935961961,0.022813135651258788,0.005163153497167364,0.0018520947173225738
2021-10-14,0.01049259971951258,0.009663458712487477,0.009189866585911918,0.010734750289276042,0.010238872214488689,0.005504039200868357,0.009159664261099888,0.010626598525269778,0.010696626799448616,0.010079110747599302,0.006174980446377524,0.0030785788904794152
2021-10-15,0.005689768250348639,0.00815070350247813,0.012471102731059662,0.013217444285577714,0.01646663474716159,0.0003250771781094339,0.012371720875958243,0.0033100893557252956,0.005922786359416608,0.016643933853607372,0.0005660066324167595,-0.0016205431157773928
2021-10-18,-0.0059607943547240715,-0.00832226541535364,-0.009440529190043987,-0.012462977587937426,-0.011699712178935737,-0.0018015522008179013,-0.009387399073335152,-0.005658510736021497,-0.006421616797165613,-0.009440916514013138,-0.0022830810794478447,-0.002172830397986056
2021-10-19,0.006818575350793384,0.006750342827546286,0.007411680389561633,0.011063287617305951,0.0114153600116608,0.0008358462701551604,0.007333851288439308,0.005259208793410034,0.006921065195853791,0.012714811248927638,0.0018148775348215595,-0.0013533482107060167
2021-10-20,0.012053807786708967,0.017057798584316698,0.022332168806667746,0.03205709952162791,0.035436597263206374,0.0027103740369321177,0.022181640161090595,0.009576861243031094,0.0132221727462318,0.025331051205601272,0.0036539627250203274,0.0016097996855400523
2021-10-21,-0.01043444536623923,-0.015034878616589517,-0.021074024052120856,-0.03041411006079911,-0.03545907835403196,-0.0015226576621823606,-0.020960358564947355,-0.007470716260587928,-0.011406318278147625,-0.026576079840686523,-0.0024949597761043424,-0.002726987585339871
2021-10-22,0.0014113465482729869,0.0019765577488193914,0.0019411484666118682,0.0004138630596166287,0.000296063735810126,0.002092433122247642,0.0019521255410062674,0.0019237857864917202,0.0012637813568530589,-0.0034117152938084386,0.0017922109768558233,0.0013342060617580552
2021-10-25,0.01016793972211584,0.01170199494881912,0.012133663837804516,0.02033163389674162,0.020326875490573684,0.002542753225180777,0.012062487593257277,0.009189107425055163,0.010430070081276874,0.019416753128849017,0.0037528386027735664,0.003029433963553787
2021-10-26,-0.003715053632325533,-0.0041414372239121765,-0.005590990393537831,-0.009755544551239573,-0.011233840696676246,0.001377282556304818,-0.005533094729175314,-0.0027581498011360708,-0.003629729067333951,-0.012470998499483707,0.00022505937719955748,0.0013198316978030203
2021-10-27,-0.01534038911064457,-0.02686308351208383,-0.04011269278906196,-0.051280843308383256,-0.06000241141121444,-0.0011503014057998068,-0.039833134314168864,-0.010102794395864135,-0.01764836160248509,-0.034678251452574346,-0.0024107093848080895,0.0016410700389961847
2021-10-28,0.013097786967001696,0.022097230231269492,0.033526895621668246,0.05063279951681058,0.0606574356686469,0.002361909785871165,0.033303692397245635,0.00808815574279293,0.015375127391083428,0.03388737107670167,0.0025766633674463397,-0.0013731857231877884
2021-10-29,0.001084289323855841,0.007256582174621976,0.014517027014594844,0.025757405811576026,0.032693327201906104,-0.001471179409201117,0.01442435597511281,-0.0017424052149166273,0.0024690491436683624,0.014750467705687238,-0.0021560792905543384,-0.0010342941450819515
2021-11-01,0.0027517152343582655,0.00018173024715572444,-0.0005889103258454259,0.00018316777655202898,0.0010545099837325714,0.00046524186157472766,-0.0005954255633887039,0.0026024173497017503,0.0027643808010455848,-0.0009591936087093547,0.0010210527865636772,-0.0002871828272134854
2021-11-02,0.005585304762186856,0.009904016900636256,0.012767066296101517,0.02115994756232218,0.022485035000095903,0.0027828596295286683,0.012711436692202085,0.00378741970655555,0.0066850492274159136,0.016938015995399753,0.0022349128175341974,0.002230752512809337
2021-11-03,0.006246696320717828,0.010933455213179401,0.014523747109232835,0.019380510023580114,0.02149401888842898,0.0015466828271123608,0.014421542505441571,0.004349581051077219,0.007372704317823241,0.010832056226430398,0.001712567032036357,-0.0005229387045270263
2021-11-04,-0.0036810377037075257,-0.008508218184494142,-0.013115077703282447,-0.015457048468770059,-0.018066720267812756,0.00123858354113359,-0.013007826391347985,-0.002159712676534085,-0.004168182943655859,-0.011447959911953142,0.0008665214212496337,0.0023908504574643263
2021-11-05,0.00552044519394536,0.009289350762081486,0.013563229171823574,0.017623086672173518,0.022269467418703708,0.0034318686143725396,0.013522844449409682,0.005447192937975623,0.0058801784499587645,0.0076792151443619925,0.003522711362533382,0.002456485231151868
2021-11-08,0.01654889241547452,0.02694158075725371,0.03987510313303111,0.05792145670538608,0.06715630161140201,-8.911768217767778e-05,0.03962275035912889,0.009813132335674648,0.01918782760772681,0.048629151840921696,0.001380615199061478,-0.0013324897068816874
2021-11-09,-0.003240738305867803,-0.000490606788819601,0.0030407225907851014,-0.0041487174358477924,-0.0026617493274545528,0.00029108494649506423,0.003038327935785427,-0.0029792089928411527,-0.0033549240617015332,-0.004835126397924803,-0.0001671100141628556,0.0024548146280465614
2021-11-10,-0.011862920689327539,-0.020081978508889237,-0.02783643862025227,-0.03213633670239276,-0.036364536400170504,-0.0057006758551000816,-0.027732367821141617,-0.008986923913659753,-0.013217601835638852,-0.022223549273626908,-0.005500825659649138,-0.0036386227209503326
2021-11-11,0.007166169850329006,0.006911361773820032,0.006914737046917982,0.012247278378343295,0.012501085385672428,3.726075216806951e-05,0.006858383673944732,0.006398552556758192,0.007493333490087519,0.009989643073314082,0.0016893847970642,0.00027231493050727405
2021-11-12,-0.002021673361910138,-0.00438769459651611,-0.005885271468368302,-0.010255525892967892,-0.010692082635004187,0.0008862438718213838,-0.005856539072262197,-0.001157846764908052,-0.0023451393029996614,-0.007512357701376036,0.0007015823361100756,0.0010486364485024153
2021-11-15,-0.0013438004513306925,-0.0019323962983925917,-0.003218315243296554,-0.004717356042765967,-0.005540394086214781,-0.0007470338099151415,-0.0032408478147901575,-0.0005527835963477222,-0.0016833730218366078,-0.004719898166420169,-0.0008025826064962674,-0.0008628981275509678
2021-11-16,-0.012964829383411782,-0.023219054169515106,-0.034714741687690134,-0.05070365449721754,-0.05874522279953376,-0.0011842845639105756,-0.03452199016728477,-0.00817844039121295,-0.015310410914965194,-0.03772039064096281,-0.0018648420808558682,-0.0007695333175079716
2021-11-17,-0.002906303750700724,-0.0038845696783049175,-0.004465467316445823,-0.003958049090386248,-0.004139992814070651,9.843435131741776e-05,-0.004415885089502205,-0.0029569542302163424,-0.002722042127079401,-0.001112037765918121,-0.0005439878390206254,0.0017485896881959126
2021-11-18,-0.011317427238617834,-0.020121560387716175,-0.030401393052234604,-0.04703631562170782,-0.05502560859760765,-0.00029065496970469534,-0.03020464849834129,-0.006301404107791864,-0.013269273609909756,-0.03355005490857786,-0.0011421961977869698,9.001923606489352e-05
2021-11-19,0.006706971195147134,0.016578252633030734,0.026458411201291897,0.04617518058861357,0.05508503593995668,8.550398445057635e-05,0.02631487879215897,0.0029070547445523864,0.009066312060846213,0.026715252499553702,-0.00015777435076156206,0.0009607562702623804
2021-11-22,-0.011642127132611257,-0.017269195898697486,-0.02244506693166763,-0.03328891774705928,-0.03695416262721821,-0.004435181972360313,-0.02235795245223627,-0.00938340725764113,-0.013139031315293658,-0.02586080258943481,-0.005123244425620299,-0.004308856496005019
2021-11-23,0.007815775130305508,0.013616717260432199,0.01877375558350681,0.030623224351567686,0.034269365960000714,0.0006721626598632094,0.018615804271027554,0.004809349986670474,0.009152638977511708,0.019536003995141063,0.0007508673748043625,-0.0008231879199062104
2021-11-24,-0.003027700899230829,-0.007433136333883443,-0.01222509339724302,-0.016691743074804685,-0.019789537543544507,0.0007022821347115747,-0.012124050375480491,-0.0012559408809245285,-0.0037683092623200308,-0.012147048296867288,0.0005736013956651854,0.0014419492685230487
2021-11-25,0.0018189896988832976,0.0030732286572893114,0.004707789062058328,0.009418482726121833,0.01165801698452535,0.00011712653951190283,0.004678820190149703,0.001020754562340727,0.0020869630973278284,0.0065497350230186505,0.00015756412248073027,5.825765099692311e-06
2021-11-26,-0.02547189141274226,-0.032096822139579956,-0.041095720524198805,-0.0456528372007855,-0.050068324037671336,-0.006470899630938578,-0.04079578644063567,-0.0212458328382513,-0.02696619106072124,-0.04128594926610524,-0.008148435083999686,0.0022289117588275365
2021-11-29,0.012540077977348452,0.022348592227022204,0.0349060139291939,0.05167822805572837,0.06148893459598286,0.0024308207200628936,0.034685626134377215,0.006736199960082082,0.015116335794244713,0.038492518613781786,0.0023933413365425623,-0.0019531700974260756
2021-11-30,-0.010409847507071338,-0.010249074287023421,-0.00982916731297403,-0.0015377791102044792,-0.00032739708078526226,-0.0056602280557295995,-0.00975518351482832,-0.01142943091457978,-0.009531014039088029,-0.005580768250795341,-0.006381852098404822,-0.0026603176298564853
2021-12-01,-0.007037188157298136,-0.006819356145066393,-0.00536128625399233,-0.004096830369393781,-0.0021133342538457505,-0.0031478160813363035,-0.0053266024929534035,-0.007702145031397611,-0.006875138953349021,-0.00482254246486943,-0.003721314960851163,-0.0011704450599089714
2021-12-02,0.009477712003923427,0.013801110506917295,0.018102058968768136,0.00711489414900931,0.008131276957434961,0.006093769700454088,0.018000339334798995,0.009669748950127665,0.009379419878434698,0.0035967842271290855,0.00628080055855712,0.0022980633548101218
2021-12-03,-0.012110581035220655,-0.022869666963213527,-0.033991513673747406,-0.04423908471812704,-0.05067156889534382,-0.00020589231005323314,-0.03373108194415453,-0.0073124798380546,-0.014201076437196765,-0.03134596361807175,-0.0010498405414712264,0.0031974233395265263
2021-12-06,-0.0011047735553829947,-0.005997060923809535,-0.010027659989940544,-0.015822451914580992,-0.018107676095996943,0.001598145270122323,-0.009993831915067856,0.0007580274556238621,-0.0020886106492382524,-0.014985639090623698,0.0015420728645895952,-0.0016826156061695709
2021-12-07,0.007363864098165895,0.004001465801230859,0.00028783610060720754,-0.006842124979045846,-0.010252810307850267,0.004943739521807602,0.0002875740747954453,0.0081331124844761,0.006842071600036132,-0.0011657878897542297,0.0053543347069625385,-0.0003866886742535521
2021-12-08,0.0063546946198226924,0.01088022108269071,0.015411294877038888,0.0246635728003672,0.02820686398948737,0.0002087882398885441,0.015270352490899905,0.004411196808009546,0.007635009269557782,0.014727944615426182,0.0007353543804262728,-0.0010117347701027058
2021-12-09,-0.014631519699340914,-0.02419297788116255,-0.034597580104430876,-0.04618533979757991,-0.053527127878188474,-0.0035100051212311736,-0.034381025499267776,-0.011423402897583191,-0.01616021972583622,-0.03467674536324582,-0.004398232527309757,-0.0013155253134041877
2021-12-10,-0.0023076272625814315,-0.009001653639423743,-0.016559164778528805,-0.028826374149964633,-0.03460919771684288,0.0021035397068217675,-0.016442621516755844,0.0008790754919750427,-0.003906238867059471,-0.016741792231920835,0.0021350811027526615,0.0014295358356243727
2021-12-13,-0.007922269609581681,-0.011528782734631472,-0.016203811196609363,-0.025118550112905747,-0.029336359780117165,-0.0003060803116413923,-0.016065469447657993,-0.005455110005776487,-0.008871612955853649,-0.015091305921944097,-0.0011411109733563617,0.002824920846785628
2021-12-14,-0.005152534221419699,-0.006097820797180839,-0.006953221517272854,-0.008200774991268166,-0.009126243409559916,-0.0031134797919093065,-0.006934231019791467,-0.005167188679072686,-0.005323333706689845,-0.00626218714809583,-0.003353994461584995,-0.0017982591976259342
2021-12-15,0.01258881317314874,0.022278353786991147,0.0325467565990668,0.04488640522678908,0.0528452137829147,0.004810362816444242,0.03232987448694928,0.009338995756985838,0.01443171238999698,0.031244654477455124,0.004420857402871854,0.0003947889318387239
2021-12-16,-0.002384488827335468,-0.00824871709020068,-0.013885747530785504,-0.019148848779527657,-0.023264101795230478,-5.8858300436301526e-05,-0.013792219163921385,-0.00036852374265806693,-0.0035243446872976845,-0.011134431334236795,0.0005923137019619136,0.0022228977748651783
2021-12-17,-0.008768575019248947,-0.010093887087813006,-0.011830691440991378,-0.01182163393306375,-0.01225611694809531,-0.0034312871402453864,-0.011735727196583477,-0.007684963945205207,-0.008829843858547048,-0.01189252043597349,-0.00388836008064959,-0.001118296837037109
2021-12-20,-0.0015410017739807664,0.0003134854244548963,0.002752407915789985,0.012032585102428163,0.014852478231577997,-0.0062713159965836485,0.0025618396084091766,-0.0027013259814561387,-0.0005240776771378941,0.007227409569058648,-0.003403042470709878,-0.004110662278492933
2021-12-21,0.013953784723999541,0.016798985387814675,0.020182459459092285,0.025620331564470793,0.02835639286053829,0.006175266439542389,0.019847082310612947,0.011139935740284237,0.014772279983528685,0.023095268363034785,0.005666766012632887,0.008808662049634298
2021-12-22,0.008361122969866044,0.009255472945710172,0.010657358909837341,0.010450659287756736,0.012231389604567322,0.005329473461742106,0.010490116936004315,0.008697336284467913,0.008082315361199813,0.007257818572395155,0.0046537662173576,0.007133701825252537
2021-12-23,0.008608823390377994,0.017873212384490807,0.02695807808303929,0.037025947545804586,0.04535723903241891,0.0017657569293969184,0.026514394071904993,0.004983721643286157,0.00943794274231239,0.025828759043966,0.002318657206994164,0.010829530230557674
2021-12-24,-0.005164127566910481,-0.01062462963712027,-0.016415824671135823,-0.02488493565511487,-0.03037916115894269,-0.00016789157370721824,-0.016084887598184237,-0.0028608023826537246,-0.00594297006387352,-0.015642722720985658,-0.0006863522561690995,-0.006471902503365203
2021-12-27,0.012802783938522605,0.020079008087540574,0.027418132598475496,0.02972299353315447,0.036108049078748795,0.0063950205898453075,0.027047542966488515,0.01167711900892593,0.012836609977213993,0.01757191888950396,0.005405046056950557,0.013662439934475804
2021-12-28,-0.009907311317717472,-0.02156627681930429,-0.03173572455177708,-0.04393220981296468,-0.05168257911217284,-0.0003377068603030247,-0.03126804964840855,-0.005787537046429998,-0.011525054005381462,-0.030743916803383717,-0.001680611341016987,-0.017830667957562177
2021-12-29,-0.00597374611531273,-0.01371957375342446,-0.020785722799697426,-0.029515520293141115,-0.035159472736534546,-0.0003187752367257017,-0.020506205925604124,-0.003497599085612457,-0.006826783026338596,-0.017683813657545497,-0.0010507343490506367,-0.012617170560068534
2021-12-30,0.002031325807298226,0.004905382044196907,0.007372736052952871,0.012010938973975423,0.014017979797865045,0.0012864774410391098,0.0072424583963404295,0.00017640174628519127,0.0025794313925885395,0.008854919257334235,0.0013139121631443903,0.005465674106938575
2021-12-31,-0.0008712714880314555,-0.005038484191570932,-0.008730741631461265,-0.012056073000491382,-0.015123950165901727,-0.00028363421404154854,-0.00859765157533642,0.0007818501181708004,-0.0012552901450907526,-0.00764244280885854,-4.0368628684611576e-05,-0.0039052477259035167
2022-01-03,0.000560962360648785,0.0023280474100325623,0.0042109886840592985,0.006122408295614494,0.007341056375572312,-0.003355302440917783,0.004113194510579472,-0.0009397417129734472,0.0006697983922745935,0.00293932218438523,-0.002159950984278641,-0.005868898975753396
2022-01-04,0.001738620748710308,-7.012114657021227e-05,-0.0009291385275445941,-0.002094508830263423,-0.002994206326659318,0.0010634695315257796,-0.0009779551364918512,0.0017651667853795362,0.001275016736184172,-0.0011077910618631022,0.0011693262467323772,-0.0021096527630080175
2022-01-05,-0.015310224202437028,-0.027607769496277308,-0.0373739608620513,-0.04391266934012885,-0.050514696960049066,-0.008932238596073104,-0.037000545580106924,-0.011716258227752872,-0.0170073298389447,-0.03301207539422713,-0.008030253134761666,-0.022618567750908432
2022-01-06,-0.0009397328845826313,-0.0005630387369806949,0.0011094158877929423,0.0013571549327477917,0.0035137986472904142,-0.0011761023914563069,0.0010557351469249168,-0.0018792034313702263,-0.001341170279092323,-0.0017703101883509262,-0.00181364892525635,-0.002518694388119578
2022-01-07,-0.004276657329447689,-0.01594388440971027,-0.025256692012780496,-0.03273925514743427,-0.03959367348869046,-0.002227644360397775,-0.024947086891949948,-0.002094324250613812,-0.005532567190754908,-0.020446419867920597,-0.001181367104984727,-0.014523142334866682
2022-01-10,-0.005799527591747264,-0.01578820882909936,-0.025007456778385388,-0.029753085011972408,-0.03783302761385063,-0.0021674882711640708,-0.02466248820552852,-0.00351949268435497,-0.006423639312965317,-0.016867809026225176,-0.0023280566276096953,-0.011348628379935444
2022-01-11,0.016092054849719716,0.02691785376730426,0.03699435642475514,0.041784254206667225,0.04945343288173022,0.006326957380467816,0.03663849166954597,0.013571935240595336,0.016718689120671787,0.02588117334482516,0.006741988738753623,0.019368169381596065
2022-01-12,0.015378768350573307,0.023148162467506332,0.03198581098287951,0.04286126973414746,0.05160893114940755,0.0012391216608867587,0.03151265317580232,0.01363534014787909,0.015826398908888796,0.025250254571370756,0.003803694323578119,0.014006961058795987
2022-01-13,-0.013634174017425312,-0.017802513754445574,-0.022477967546174267,-0.0301762003813853,-0.03439703005987036,-0.002533305285161655,-0.022145822898381302,-0.012277934510492711,-0.014117401408269836,-0.020424860527157543,-0.004042620346643515,-0.010451312938510558
2022-01-14,0.0016380258585280858,0.008231063910653699,0.014430103679543227,0.018614724018488973,0.023720605957895807,-0.003174999081352165,0.01422282643391764,-0.00015554937409270017,0.002003923168984269,0.009073344359676199,-0.0021802103090916786,0.00279861042666255
2022-01-17,0.004346898827338621,0.008691494941268234,0.017291507986220825,0.033400127662973754,0.04620302949277681,-0.00031132490557926964,0.01666531259286062,0.002387148447557155,0.0033498185904047356,0.012736795922863548,0.00019157966365010616,0.01140864095254348
2022-01-18,-0.009803326556232547,-0.01434591506481054,-0.01930483577970715,-0.02505312375634732,-0.030537230730625982,-0.00864136209839017,-0.019010939592403665,-0.007749048503378557,-0.009868322500607528,-0.0168266162001683,-0.007094179366290922,-0.01625122267284766
2022-01-19,-0.0051122079239194936,-0.01339943082713992,-0.0216699711761694,-0.028724723764159726,-0.03592222337211836,-0.0019265618167742201,-0.021215132614708743,-0.0024246549814472516,-0.005580866531534031,-0.015843019823352185,-0.0005057004936736395,-0.00727647533897107
2022-01-20,-0.008048502011135241,-0.018303467578669026,-0.027332086456654733,-0.03156503998990612,-0.038669589019469035,-0.0039349710567315,-0.026987737588547174,-0.006038953886119488,-0.008794831831353614,-0.02065969329753852,-0.0029569359446890648,-0.008841171129130545
2022-01-21,-0.019921961072275524,-0.04378454592258797,-0.06458330185062194,-0.08094028446252655,-0.09673004100924157,-0.00342503785478275,-0.06363457895353457,-0.012452291415700076,-0.022738371738409723,-0.05650759613944674,-0.004945137001906375,-0.02578414408655163
2022-01-24,-0.006344604821183963,-0.011810545146478101,-0.017631123122002594,-0.024383581787607578,-0.030292300716618533,-0.001829998226122253,-0.017346471895348464,-0.004873933777875978,-0.006743275023380792,-0.013194865153296364,-0.0023546244829386015,-0.010422451589599535
2022-01-25,-7.323978683488057e-05,0.0028216346166521564,0.0056041897997831875,0.00444189132454471,0.005394437767624148,-0.0024099661560153603,0.005551719398001736,-0.0007539449611358729,-4.129354941531107e-05,0.0005588169025684511,-0.001874687679740957,-0.0011184944764001585
2022-01-26,-0.003720020913966925,-0.003940082310194131,-0.0028529129051228994,0.002444497538794841,0.004585197962421968,-0.0061260713979188865,-0.0029808503548197215,-0.003820215228164551,-0.003786676405841268,-0.002125283397366783,-0.004937168662832536,-0.0038203810482204843
2022-01-27,-0.0023270151392605306,-0.00032108123822164984,0.0006845358118551916,-0.0034313133660873523,-0.0036912752823114875,-0.00044079120757313604,0.0007467335482355675,-0.0014744863031375668,-0.002289764944273625,-0.00458301935176348,-0.001914728052428347,0.002562777032969551
2022-01-28,0.009085896051709959,0.010740342442391557,0.011313446799627648,0.012588285068014788,0.01184322962109266,0.008349773147431846,0.011022709839430673,0.008736808311570763,0.009771237905273037,0.011866315097202079,0.005500409646152293,0.007885671647740034
2022-01-31,0.012711389621648493,0.008877969482475979,0.0058455545556029154,0.009745872558973771,0.007297104991070618,0.005898451041896308,0.0056592553089465075,0.011963013230649772,0.012874573710758602,0.011764191915762074,0.006506807041447504,0.0037060390846207526
2022-02-01,0.006908110063575645,0.011181406074965811,0.01603524748461835,0.019660106207353655,0.02393164981342762,0.001992287975000514,0.01579146401812495,0.005213689818132377,0.006964539551698477,0.01187096408549948,0.0023395002255959954,0.00742492476931446
2022-02-02,0.0032009772392330334,-0.006563381431537511,-0.01535360155646,-0.023076047474432718,-0.03111776119002617,0.0036374311540831846,-0.015118277575801758,0.006644504695737482,0.0021544808165067427,-0.014582612912806847,0.0030720842656279633,-0.006147216081935592
2022-02-03,-0.009978591205509323,-0.005745851495925888,-0.0017659147035794741,0.0010255466223416591,0.004913054611517035,-0.007830486158426252,-0.001866326397430144,-0.01118148760907657,-0.009676257608345552,-0.0021630786431305685,-0.006746838773158723,-0.004546334688701865
2022-02-04,0.006432447545645351,0.02163755207648061,0.03562145500544467,0.050097999999515044,0.06160825241958208,-0.003385094255858037,0.03498293324396809,0.0006584215810298121,0.008532323255561362,0.03611500479334212,-0.0014098214487479246,0.013074434947977423
2022-02-07,0.009946392890866167,0.02567231039928393,0.040431302474858585,0.05613808002496194,0.06910044864475885,0.00047558419530677914,0.039801777241426146,0.004263438172622112,0.012673773781645506,0.04076448822521359,0.001706562613792198,0.012613122472159838
2022-02-08,0.0011482963093431913,-0.0054006009233952355,-0.010561384362559396,-0.007077813586685886,-0.009966148818834878,-0.00012616268691167704,-0.010625685494739733,0.00092359067085513,0.0012718468727327768,0.001299757708494644,0.0004818517128782811,-0.005741764766756403
2022-02-09,0.009284803574416639,0.013962777377922914,0.017446566899287894,0.015292966351471472,0.017019297866063526,0.0073535579637277314,0.017332581065414427,0.008270334875030283,0.009631916122839996,0.012426951808899576,0.006314736598012877,0.013562429792852299
2022-02-10,-0.01412321015273764,-0.01850101396658926,-0.022124520765279203,-0.026922304695505758,-0.02972587053851635,-0.01299448115683662,-0.021847682429993933,-0.01262858512152438,-0.015069971435135585,-0.02145874165447135,-0.010566622522274218,-0.017042968882171387
2022-02-11,-0.009645157581839557,-0.018731855487649877,-0.027020636189592363,-0.03503871745876597,-0.04257743417275711,-0.0010455757620387884,-0.026629951638864238,-0.0061468117937034114,-0.01105812812450025,-0.026292106298070213,-0.0019929589159080746,-0.009802664305802844
2022-02-14,-0.0017652119303082688,-0.0012600623640733116,-0.000867817741957609,0.0016440142123659981,0.00205093679398519,-0.00592756766642648,-0.0008851437131321923,-0.0012705865825649156,-0.0012539207336486383,0.0007331673040481793,-0.003969465235632864,-0.004976405466347573
2022-02-15,0.012797677708067876,0.024769236501642918,0.03521071678379871,0.04346374823456509,0.05174230308532336,0.003114425236856655,0.03481764713618886,0.008879388497074151,0.014318318558439486,0.03159284087350184,0.0046284325759798125,0.01343440003028792
2022-02-16,0.0035975947489855155,-0.001195749707735866,-0.005220802415811751,-0.00772554234392076,-0.010823416996273372,0.0023806768382619507,-0.005014661178309337,0.005135185743957538,0.0029603732045994213,-0.004228652408404128,0.0029912835583719407,-0.0010709215718745194
2022-02-17,-0.013439091940521083,-0.02578731375559059,-0.03661386776665971,-0.04648717573575267,-0.05460796432335479,-0.004226199452027785,-0.03612817774536571,-0.00857686677895616,-0.01543724618497467,-0.03663871585725799,-0.004449292537093008,-0.014590796485634286
2022-02-18,-0.0039974414934334165,-0.005360485043626197,-0.006696147567069605,-0.008829824362720236,-0.00967318073696572,1.4651636968046985e-05,-0.0065400276865269676,-0.0031100073774638103,-0.004072334681856686,-0.005849321930535107,-0.0010072952427758058,-0.001707395844434678
2022-02-21,-0.011420058688154267,-0.030895328563528272,-0.04937527793474006,-0.06560647701656101,-0.08228859833120583,-0.0008446058150679326,-0.04864736355554902,-0.006210307335946551,-0.013536361778143081,-0.041732583283739424,-0.0018303860300364022,-0.020344049770495056
2022-02-22,0.000259768540664997,0.007695691818299643,0.014464589231622854,0.01982699017817994,0.02581470897478807,-0.00210112920770296,0.014241384730808826,-0.0001506431322192179,0.0010630903110043935,0.010171044888950223,-0.0020225890858017346,0.008301574689560304
2022-02-23,-0.007083740785564703,-0.011292942656021574,-0.014513515344904082,-0.01532221560363666,-0.018078876985343325,-0.007403415131038222,-0.014326866856515668,-0.005237419046525367,-0.007887533445180762,-0.015198822497194444,-0.005313701529388053,-0.010765984864086902
2022-02-24,-0.0018611714174735984,-0.001564385148350955,-0.0024524290112981307,-0.0036787351430570365,-0.005420247897330786,0.002899540989867268,-0.002418398907991863,-0.0016184359256227318,-0.0011705569564505161,0.00019257669716608546,0.00010529479469783675,0.003020571312863737
2022-02-25,0.016020459857861418,0.024625092183269665,0.032783111511384584,0.03914690865508172,0.04609762263311354,0.010756505067351601,0.03228625728814114,0.011720203677528691,0.017407399062575976,0.03258496468289336,0.008926844387610204,0.007990814628838435
2022-02-28,0.0057493422689224045,0.014820456167362623,0.023049977036702418,0.03250908877301266,0.03990271921064331,0.00488920299584608,0.022686279485713043,0.003361520849016803,0.006971743312407193,0.02335536259527097,0.002659957600180834,0.0211233414227845
2022-03-01,0.003562534511317583,0.006014136475894797,0.008547583409596339,0.011896625414699215,0.01363764285027737,0.00021050451268143466,0.008377940301196355,0.005011266032811772,0.0037071665515691246,0.00471106440618622,0.0005681454027714649,0.010362623451025066
2022-03-02,0.007933344231540816,0.007364620530849671,0.006936080780828455,-0.0004794389665085906,-0.0025567832596069904,0.0022770373950182785,0.006821937780482824,0.008545609941148192,0.007602166409221915,0.001609940117573183,0.0016342476662405475,-0.008381717689470453
2022-03-03,-0.0050114123852210545,-0.007962745461835369,-0.011526258932718702,-0.01864368540007003,-0.021884674416741218,0.0014792887530785223,-0.01138128392837233,-0.0029728941499596396,-0.005426911472761442,-0.01252554364688719,-0.0007289022309602761,7.630062469024052e-05
2022-03-04,-0.003198040417354706,-0.016177886545969522,-0.027026757303478297,-0.036656608357159545,-0.04600029356652677,0.0023180360026521917,-0.026894373240977147,0.0022023931081562257,-0.0049682394370650085,-0.028801639549086037,-0.00027207433237076174,-0.006882446031404761
2022-03-07,-0.01333155270899709,-0.01172890988062059,-0.010805305069166932,-0.014520863467355106,-0.014571703375033655,-0.009254096744704742,-0.010703841596553094,-0.011743298279400205,-0.013189019436857696,-0.01627885756581046,-0.009197569507651864,-0.009999972988312305
2022-03-08,0.0015518480479119773,0.0014105597097226925,0.0023780897222461417,0.005441937946173239,0.005829534665885018,-0.0032808023421091173,0.0022767723588561785,0.0014650468339776534,0.0015120809194122272,0.002899834903467715,-0.0007941582448496702,-0.0010894085545833081
2022-03-09,0.0041533441434456735,0.013087391565363073,0.019808545528307492,0.02738327713611831,0.03368840201357491,0.0023902433689150706,0.0197170971201911,-0.0017284079320763288,0.006043491201922263,0.029167782763687214,0.00321938460467063,0.0029563311218846738
2022-03-10,-0.007760864097434872,-0.015482056334207864,-0.022182823235542274,-0.029479031235013307,-0.03527964078952993,-0.004445240887772626,-0.02205419191098293,-0.005227637103768983,-0.008870219079440914,-0.022104566609421606,-0.0043386851800459245,-0.014224965592633608
2022-03-11,-0.0030126308381584884,-0.0019236668680183947,-0.0001510103699307471,0.002991805125161141,0.0050437726302376305,-0.002950300182061903,-0.0002905823069778192,-0.002472586150732091,-0.002605420582610025,-0.0008673584133333584,-0.0032479791902841003,-0.002196606497400125
2022-03-14,-0.010657917279931192,-0.006466248902747499,-0.003563055392730146,-0.004668697982832726,-0.002467658765729756,-0.008436562456156295,-0.0036629492005170253,-0.011475048563793822,-0.010325236725064205,-0.002506096865343006,-0.007173616215624901,-0.010417777522303225
2022-03-15,-0.0013448165884995598,0.00015012417661127223,-0.0004246086204684217,-0.00347068466668192,-0.003878629967729772,0.004618015719464057,-0.00034285561921967,-0.0019068865433965673,-0.0009390377329372455,0.0014878539562766893,0.0022752122228667637,0.0014459573906080562
2022-03-16,0.02261472236977756,0.0232879146661151,0.025136587121999406,0.03340263693355044,0.03552895383472988,0.006878317394317252,0.025109293819315266,0.018683270162619045,0.0229751330509958,0.027941244690355277,0.01041891056633205,0.013560049411977668
2022-03-17,0.009484347962918117,0.016617804064922293,0.020059241629019883,0.024134252248384225,0.024481225313198223,0.01248400003981265,0.019966955628119978,0.010325112984411114,0.009774578102759312,0.010844675431079979,0.006881565441992389,0.011088415122178
2022-03-18,0.007571587136591507,0.004905975684507487,0.004457018544097078,0.007042248597620503,0.007981133908686351,-0.001193467624107698,0.004426101006564826,0.0051755224233798235,0.007276762853371809,0.0029101915831566925,0.003157010646812266,0.0029564182679859352
2022-03-21,0.0016674933380568557,0.0106778650327542,0.013090345071244104,0.01773192399478621,0.016543952947748592,0.011228693302006567,0.013033530298062269,0.0012704331573241538,0.0020550616562778684,0.007057771996094735,-0.002473812750312306,0.003957389047264675
2022-03-22,0.008086688842911097,0.004183497028498313,0.00395230150008226,0.006068250075491948,0.008738278081639288,0.00040413253344571325,0.003927030472510209,0.005014579262315451,0.008008135510478107,0.0029690391881984175,0.001977237443746206,0.0041299393208147515
2022-03-23,0.004398870887440552,0.006130844816248517,0.004617630014494504,0.011330868483385083,0.008054171066144849,0.0035177867945222967,0.004588671403635033,0.0036910692817321918,0.004029602575124025,0.004746614405341165,0.0006709331646696779,0.00558262076121701
2022-03-24,0.006857542657753886,0.004826779102343067,0.005473118818661579,0.006065299247112695,0.010495028304509116,0.004411143947505525,0.005496480626668384,0.005353829002954387,0.007042844788036308,0.0048371392331369835,0.0026371595304906814,0.001962039962503997
2022-03-25,-9.384110565787812e-05,0.005320612514677817,0.007916535674089984,0.007206831986941012,0.007617652341304557,0.006949025493074509,0.007871138103751363,0.00022845330904294834,0.0005072003315251274,0.0019070643010479257,-0.0007135909206545416,0.0015005524625660667
2022-03-28,0.00624039627787893,-0.0036232997313568375,-0.004861204932914397,-0.0045584936955893425,0.0009976040716937434,-0.009904303029296707,-0.0048854993745019665,0.0006345411094560872,0.006076870881214148,-0.003969970055764851,0.0001437704461470614,0.0012498496811144467
2022-03-29,0.009372557961182446,0.007031898529304739,0.006338185343377971,0.004539445698502085,0.0038689168153336535,0.0025018735940675737,0.006365188437923313,0.007945688129596258,0.009187773349960867,0.006289301425138479,0.006868858789196883,0.0007470140123182076
2022-03-30,0.0013875978558523397,0.005084379761461061,0.006601872534729771,0.010685056095337174,0.010839692269610249,0.006215638213139828,0.006566308453887281,0.0026352655452567876,0.0015615347371945526,0.00344873856650781,0.001060731840900553,0.005623951371086839
2022-03-31,-0.014044753081713598,-0.014054850768719205,-0.014253963726789734,-0.018235898686305974,-0.018430252113953202,-0.007597106999970611,-0.014241796834657771,-0.010854790741555001,-0.014069643867988549,-0.01082827817842321,-0.0066702411758660755,-0.007829164699723685
2022-04-01,0.009145962206906699,0.00781334086200507,0.008647049819492124,0.012186813156766415,0.014666714488932316,0.0022982528908583955,0.008622712200618174,0.0064502158202988545,0.00925666292233476,0.004332129178288947,0.0029472165863790012,0.004028631382933646
2022-04-04,0.006931151235852047,0.006463952630044677,0.006537099938797707,0.009374278592681458,0.009473503875972011,0.0015882368676348958,0.006500288986743008,0.005605982352212601,0.006385055105827789,0.005423096745490635,0.0029607566990062888,0.005466731371340059
2022-04-05,-0.010640628075742297,-0.007951296148816183,-0.005121011780640298,-0.0065045978926974776,-0.003697786646195852,-0.0020550155708012005,-0.005146159806796776,-0.00877880085391638,-0.010353141443871111,-0.007218464143036974,-0.007868563675858486,-0.00324678620698675
2022-04-06,-0.014365832638581237,-0.008338005759310516,-0.006602166832416427,-0.015929142732898503,-0.018562117961108987,0.005348969044274027,-0.00657967108197184,-0.009113458665438647,-0.013897934051127183,-0.006570032221938331,-0.0038730059446383906,-0.006462494055238204
2022-04-07,0.006107482763525054,0.00727234178274902,0.008911138170148276,0.014720890857081746,0.018331246522378164,0.0070921958659623556,0.008896068320174692,0.004759845363211446,0.006380879241683275,0.005189642573795214,0.0013286348077682208,0.007774995612460327
2022-04-08,-0.004076915850722639,0.002378400158121691,0.003647806845889519,-0.00033062664610111715,-0.0037102003900518123,0.007877927951898348,0.0036453379452293156,-0.0017679485320202446,-0.003734905078552641,0.0018422202713398285,-0.00023421367543418085,0.003341341035712009
2022-04-11,-0.016872236993051633,-0.014474493149136899,-0.013107423924205303,-0.018441133660621528,-0.017381033243275182,-0.00512326764311693,-0.013040685062721416,-0.010636505441762327,-0.016977408883427667,-0.008603910110340271,-0.007286553342208808,-0.008523019992601423
2022-04-12,0.005568018951264837,0.009254351712740652,0.009945763220056046,0.01672671514242191,0.01611290881241503,0.0062799582288191255,0.009916591103384897,0.004643369805732139,0.005752616891779869,0.006240547310556661,0.0025663877721518596,0.00517415802209861
2022-04-13,0.01189872431760857,0.012028022203520936,0.012770920878151005,0.019289523357775708,0.021833383811198488,0.00671038989048162,0.012766998955569799,0.010880284868202316,0.011741305173880345,0.00996692094409204,0.005734275892073993,0.004583085860792213
2022-04-14,-0.00626598436806608,-0.0024626240158847554,-0.0003372267916056642,0.0015678374984374435,0.0029282757681114795,-0.0005790726708280697,-0.00035541612647997916,-0.004053068023285398,-0.006156456386831627,-0.0034849299807224645,-0.0046223727505947275,-0.0034721632237290794
2022-04-15,0.003422625754487538,0.0021695156648081047,0.0023416306930758427,0.004300660818665879,0.006359052860541371,0.0,0.002331634981800225,0.0018797230368814497,0.003263849162415651,0.0015653611760384164,0.0005034836447291804,0.0008723514565043022
2022-04-18,0.0022036608801941477,0.005829538035172293,0.007861673955796906,0.012049949157947314,0.013855988492656408,0.0053243367796037555,0.007840857589975356,0.0037778581129092044,0.0021001969611314304,0.005679030963004825,0.0001624681303194299,0.005042483470414876
2022-04-19,-0.0022991818532573038,-0.006258799589563248,-0.007908793192430262,-0.0161946548695898,-0.017346351593381742,-0.007475998221252634,-0.007922094028542593,-0.00618194527068808,-0.0015601105509330951,-0.006497264014499141,-0.0017110239256036297,-0.006250743106775704
2022-04-20,0.00025995185058680305,0.0014679073641118863,0.001208416209190211,-0.004773433612740058,-0.007653414782122522,0.004637257263279805,0.001224610086046299,0.001436986952435505,0.0005696280846927813,0.0015200155469070964,0.004004798030636133,0.002832152054488417
2022-04-21,-0.011535883321130024,-0.010513889216808184,-0.008688987003585464,-0.010892312842707457,-0.009889917186895095,-0.00822397502325765,-0.008716194711932683,-0.009163782277192552,-0.011938079710565593,-0.009178348236913396,-0.007239388302538743,-0.00428406795903238
2022-04-22,-0.016753425169999912,-0.01962168678316278,-0.021804850141386535,-0.022678997685560927,-0.025420838030970984,-0.021405130325749925,-0.021789631942633447,-0.01719324872127683,-0.016988957956106977,-0.018914655047835224,-0.01086445890606097,-0.014196815801073865
2022-04-25,-0.000979632795393459,-0.004973735221629122,-0.003274693029215591,-0.0019999126915950143,0.0037188203302863047,-0.00681807280810889,-0.0033227606052385404,-0.00012695059626818784,-0.0013249844737018336,-0.005634951818404034,-0.0004527452330608682,-0.0012985717347075206
2022-04-26,-0.018561434523896102,-0.012607061570484968,-0.01218666508964986,-0.015086556955144742,-0.02025467569357589,-0.0075889345193540896,-0.012223101163461,-0.012853673113860181,-0.018585170840473238,-0.011966443956802023,-0.007148245808529143,-0.008218441245905345
2022-04-27,0.005915924667547842,0.0060109381997963405,0.007280916200906975,0.013234808838651585,0.017118789093794367,0.0012287659812100834,0.007245519192745656,0.00412632614312411,0.005967733973374053,0.0025597792449852594,0.00020819044143406042,0.00400071809010395
2022-04-28,0.008497478657274836,0.010585120774080659,0.010265756954513684,0.006948682583877099,0.003626824789826925,0.00781745139962744,0.010244090813119727,0.005990058520990037,0.009192215352411708,0.007212067171830999,0.006494203358516348,0.007021694018083848
2022-04-29,-0.017033745729376285,-0.018607042952127974,-0.01983426369333506,-0.01418503342962269,-0.014371376408586468,-0.01737053166903453,-0.01981432292033449,-0.013689184415426372,-0.01774300101651745,-0.015389453705748525,-0.012885703082492244,-0.01413480219266356
2022-05-02,-0.002429476865000756,-0.00043471255242354644,0.0011239645966606639,0.007153464909198941,0.009776666893879755,-0.005185577273140902,0.0010953227374694754,-0.002885961199713452,-0.002429019774290826,-0.004970612879220486,-0.004153594690874498,-0.004466471205946052
2022-05-03,0.0033751547597781484,0.0037254436978306957,0.0035128004597638715,0.0029519287889698083,0.002740090363982885,0.002891418973747389,0.003511804562587665,0.004375951067807835,0.003562840860978197,0.0028090066544836346,0.0033771868150036916,0.0003120107380635839
2022-05-04,0.028378997822351048,0.029841208145031408,0.03141810949782772,0.04205042974005903,0.04631983710989776,0.024360039220669948,0.03136550464408054,0.025066707599472306,0.02865201907938638,0.024630985455690594,0.014339358687623203,0.019848551209836408
2022-05-05,-0.026611740183376996,-0.018678476890178927,-0.014884521646975592,-0.014884593170290832,-0.014608255278980265,-0.010830808081307604,-0.014938562437991257,-0.019979474479702455,-0.026628763100151883,-0.01797557702688702,-0.01567247901971019,-0.013645469287023964
2022-05-06,-0.009958914539182332,-0.005113243939992191,-0.006753542268124466,-0.009430604152742657,-0.01646210000801357,-0.0024023152549543163,-0.006769184396094383,-0.010864060524814641,-0.009172787026290796,-0.00824815044379706,-0.004916004773443981,-0.008200004230750521
2022-05-09,-0.04903715273850175,-0.05220071327101345,-0.057514849169417626,-0.0819929773900319,-0.09227225803593264,-0.028018626615448763,-0.05740719280817566,-0.03828529138376016,-0.04941129983537007,-0.03793274077124885,-0.01778981911704404,-0.03558745573716564
2022-05-10,0.0037156695386587058,0.0008649794615623869,0.0005031724561216939,0.006711051932980798,0.009251160077544247,-0.00502768359167677,0.0004751553217473702,0.001169996772486336,0.003688105020923729,-0.0012325686597728183,-0.00019607439385102684,0.0037882389614029488
2022-05-11,-0.011202848958140797,-0.0011508812093507896,0.0008862036314365011,-0.003961039552473295,-0.009123447940850297,0.009733999901614047,0.0009023372335035221,-0.0009870885946661747,-0.01169315255602771,0.0010619966230681617,5.945548259592799e-05,-0.0004691798598037934
2022-05-12,-0.006760934921447507,-0.0034535409383046117,-0.0014449007665503296,-0.0036675088909649406,-0.004689048019148519,-0.005233979523048386,-0.0015231366838540745,-0.005875174926793881,-0.0064644950530626365,-0.008799768686520644,-0.002070631945692642,-0.0020031076484545323
2022-05-13,0.017937592548071174,0.018474475676280744,0.01824702919437965,0.021309715902326866,0.021211840505107837,0.011994837843693353,0.018264945752974694,0.013039412783886355,0.0183367633695017,0.01416629879448748,0.00835850750056156,0.011908731873180287
2022-05-16,0.006660470015445927,0.011854268590420852,0.013135135601628937,0.018411536860195917,0.018416949259067724,0.013674948936270682,0.013139844688368336,0.007139313185209642,0.00667148173781338,0.010428198205977443,0.0033842822186336027,0.01333709789445371
2022-05-17,0.012230026907718256,0.009743782326413538,0.010636725048371752,0.011731907018346744,0.016174718848943493,0.004972753234469279,0.010643436707599643,0.009283063235287234,0.012487756894079497,0.008147064981554687,0.004255444276587144,0.0074458225576190746
2022-05-18,-0.02490079468732981,-0.024956585065026248,-0.025586426797310637,-0.025278534022778288,-0.02768093312949773,-0.023111607273026743,-0.025564303140632925,-0.019152141503288277,-0.025603981228244727,-0.02302186512819376,-0.012516975791056012,-0.020267026290355643
2022-05-19,0.009197978078292167,0.005928978322948197,0.003358279024055605,0.008691419404750485,0.006929454365732598,0.0026808543464509485,0.0034192707980584863,0.007383696141956492,0.008796709085406352,0.009496817251599624,0.004067552383628417,0.0029044738050521333
2022-05-20,-0.0011811104150408684,0.00019239782881924096,0.0005769752682372458,-0.0011736343614341736,-0.0029072464723377493,0.0013009764880872712,0.0005642473232764352,8.02112806237384e-06,-0.001252248130334695,-0.0014951772868252399,0.001246872836127542,-0.0010386422976571704
2022-05-23,0.01215518409251808,0.01594215436849801,0.01944287682356468,0.024635357740663694,0.029923923167857892,0.015537097272036749,0.01941202792256569,0.011904428554423299,0.012914465097833823,0.012044848934828918,0.005815438465054636,0.010718504233355946
2022-05-24,0.0019705308211703664,0.0024139286537273996,0.0023289169920302534,0.003778629554826259,0.0036997874712343965,0.004854239294525168,0.00234661151615082,0.0025097941090736755,0.002434602220627851,0.0013350671812949273,0.0030395473586632906,5.859239553237172e-05
2022-05-25,0.003005656438114176,0.003918666290650036,0.004093071325712759,0.005032510579538163,0.004963168781598532,0.0008768278386753388,0.004069861408695292,0.002879449135590189,0.0031354558666497876,0.0004325543342563956,0.002983044164781171,-0.000996490776705247
2022-05-26,0.002304970834887753,0.0036084630711502256,0.0022143072123907985,-0.004345892788318985,-0.008694565371913127,0.005827075437314465,0.0022313011146436234,0.002798778443286293,0.0024428102755029786,0.0037297969635042894,0.004796223337034797,0.0008027810728254629
2022-05-27,0.0073311699032711135,0.009564855716059438,0.010144551395552582,0.0047881844281829206,0.0033920748898542707,0.010183614827598197,0.010134575107180492,0.007560949649097018,0.007776686498159465,0.008462326622854831,0.0074020019389648885,0.005070006197582329
2022-05-30,0.011598818956809108,0.007309323377718392,0.0066301824422576126,0.014016650134642983,0.017044591985897826,0.0,0.006603315117322628,0.0062005108771633465,0.01134141277928427,0.005504400861722759,0.001711768130553017,0.0068609594269839645
2022-05-31,-0.00686755371873694,-0.011356192665894858,-0.014601887358458337,-0.016164293694717825,-0.020157837004604422,-0.01385731963595096,-0.014597249917863292,-0.009167161076207499,-0.007063961103445678,-0.009908487121382092,-0.006990063581058885,-0.011407956824811284
2022-06-01,-0.006720634710189468,-0.0014368654857833387,0.0009249078023825701,0.0030596158115211948,0.0049924102428741575,0.0014619677948002063,0.0009124729186833673,-0.0018783836754052096,-0.007001298635157138,-0.0008443774218346619,-0.003627667096662686,-0.0041349604898904746
2022-06-02,0.013462048734415769,0.01073874523071478,0.008259617436590054,0.005413303404133185,0.0027248687777151216,0.011183018061801817,0.00832245559789008,0.011575735085737844,0.013484226165577736,0.014989014281801247,0.008590123963166796,0.008554062899040529
2022-06-03,-0.010367812989604618,-0.005399285518622333,-0.004205603692791028,-0.0014768964569786107,-0.0032433129110398208,-0.006660893829515827,-0.004251379008010861,-0.008158773348228943,-0.010167125939048404,-0.009619824127364177,-0.0059544126810699306,-0.006906277661350571
2022-06-06,0.00920787457160025,0.00769521732453903,0.009911226478631302,0.01672019194199758,0.02440226113480094,0.005157274931373484,0.009894777788802444,0.007839511444823451,0.00872512210996005,0.007126726599112584,0.0002377923757229473,0.007046597442557755
2022-06-07,0.004898189180706534,0.00819856753759673,0.008461765243087772,0.007914841146093284,0.0061118712362767166,0.008054892099197084,0.008446991334452994,0.004701357266858742,0.005167659518221863,0.004430825813687654,0.004222533326593755,0.002627955575047361
2022-06-08,-0.009675936982502544,-0.008511986996044028,-0.011231475945931933,-0.0126999617224003,-0.01988460416137298,-0.008424502940901359,-0.011232573427629513,-0.010669241328978422,-0.009876989624681393,-0.008115941940595322,-0.006388456677827375,-0.005426644212847586
2022-06-09,-0.012308342455278776,-0.011745929424969444,-0.00954884248192607,-0.005660820612365636,-0.0018669928485897666,-0.012886930169968728,-0.009598542750292765,-0.010595428357937333,-0.012726799226542546,-0.012451016729287837,-0.009391189350377069,-0.004397287635461684
2022-06-10,-0.01789033671782954,-0.015905105512512056,-0.016642661879369185,-0.018280701731867327,-0.021173590686174266,-0.008247725889625706,-0.016612390837465706,-0.014749113307687862,-0.01799539537685369,-0.011601768811172853,-0.011391997916115757,-0.011437815760489335
2022-06-13,-0.047150262232189745,-0.040729869895366436,-0.03913808794394931,-0.0500029504833222,-0.05435743938732607,-0.02675559064473146,-0.039121848356228374,-0.03653836808818368,-0.04783307167549372,-0.0359996038326529,-0.02601281039734909,-0.0299210212985283
2022-06-14,-0.0067021728407467545,-0.03118750505651098,-0.04850654742692902,-0.037043073525157996,-0.04827593127446771,-0.047402597450933205,-0.04840308440817322,-0.011165876841400763,-0.011553897354548755,-0.0099219050596966,-0.008786532525831073,-0.02732819399652012
2022-06-15,0.017712383938013325,0.005466597381417323,-0.0028617093773853387,0.0023165978200220326,-0.0031065134367779003,-0.0035778507567047904,-0.0020140808804935757,0.015124547445620085,0.01612346938761368,0.013570102356292288,0.010411059588663969,0.0031983691906944086
2022-06-16,-0.027807833129898204,-0.018918823968172162,-0.012995142737688186,-0.01669751273218258,-0.013725805302989932,-0.011332031592655067,-0.012271822787592292,-0.016818385706141328,-0.01739031204683355,-0.01451937134896545,-0.005958097431146685,-0.016150615419551186
2022-06-17,-0.002550315914864597,-0.026002590275690195,-0.04191440498653999,-0.0320844625566411,-0.042513891555893926,-0.042106228564296556,-0.04049666461265351,-0.005887610528105597,-0.005676319493988648,-0.00792260767842058,-0.004636974639073188,-0.021099232925706958
2022-06-20,0.0016912119398162307,0.0007120385284719204,0.0,0.000451034063734111,0.0,0.0,0.0,0.0009293392624059833,0.001097643380319533,0.0008201419987766997,0.00012305042083608894,0.0013832050819843936
2022-06-21,0.00881637149807677,0.00876625476298767,0.008977283433100763,0.008854174320309716,0.009714889754681927,0.007156812808643749,0.008781081197815708,0.005463360378358019,0.0042232578240684925,0.00700921040671505,0.0025355543000367972,0.005659981663438334
2022-06-22,-0.008179675433091883,-0.015944178625012777,-0.020877877327072,-0.017956133846041625,-0.02114228704306087,-0.023006149409860906,-0.019516319139376327,-0.005559016377848203,-0.005977204075396124,-0.008005117654455905,-0.0003687361724676844,-0.017780988920016432
2022-06-23,0.0062089293442188585,-0.019372747077890787,-0.036883236065280614,-0.026103107587028006,-0.036770694455233344,-0.04138448472770241,-0.03521408531698314,0.00011268421104867319,-0.00017404043053662654,-0.004391310521713833,-0.0013549801960250506,-0.009840241233023485
2022-06-24,0.02060600350692232,0.015612609130763348,0.012225401468789768,0.014279190542219686,0.012434911931513346,0.011193181484677904,0.011953921692801291,0.014461277377666146,0.013953962824892106,0.015043610364439838,0.006762871956271878,0.01875287630590984
2022-06-27,-0.004625796147449405,0.008436556814201851,0.018575514891330566,0.012159334479785476,0.019132508790970747,0.0174629839027023,0.017746455025753494,-0.002902616744746982,-0.003123269734479406,-0.0022629272601915407,-0.0020200305485941245,0.003350464942945853
2022-06-28,-0.008941831450874321,0.006525165914034615,0.017858142650954867,0.010764860647578669,0.01808847429789762,0.01894206941262746,0.016607197550235667,-0.005408908018387254,-0.005494281746198983,-0.005835802002703841,-0.002144734954086314,0.003796437108962953
2022-06-29,-0.005264964847654624,-0.01398469060125048,-0.019978246976727187,-0.016349933280030964,-0.020452494419202504,-0.02014071927460099,-0.019006573652232846,-0.003046175279501887,-0.0033970410340227507,-0.0034344992751936133,-0.0002661535112070086,-0.011064855871672136
2022-06-30,-0.008814306977292278,-0.02883776780288411,-0.04297446811442161,-0.03421715039663224,-0.04299421983125305,-0.04561032799690009,-0.04199075513209141,-0.00983710054068506,-0.010729084499486542,-0.01229911098755352,-0.004628246881863815,-0.022732246340627753
2022-07-01,0.00186984831342816,0.005555536452621842,0.009197664694921934,0.00673693606641195,0.009789425073590444,0.005790450040426785,0.00919532625623834,0.002916773576345384,0.0022279560984437372,-0.0006490786606778091,0.005117224758988844,0.0037865977356156596
2022-07-04,0.007795782462279912,0.0034044232342268833,0.0,0.00217668113094102,0.0,0.0,0.0,0.004309815563187616,0.005113392285704172,0.003929637231544691,0.000579075456805648,0.008084589198736163
2022-07-05,-0.012593542417901775,-0.03136021987350388,-0.04610126486440465,-0.036677012639785955,-0.04648019575716757,-0.04557646742059378,-0.044196067633220926,-0.014123111562070027,-0.013946015952044047,-0.019512610567209057,-0.008964601415587789,-0.03598874161792784
2022-07-06,0.001956648433351813,-0.001961824443643545,-0.004075444812847823,-0.0030372140469668947,-0.004313083487273391,-0.005001815809154311,-0.0039707746144722455,-0.00021235212978839885,-0.0007939351683369926,0.00041206123416140427,-0.003178111704437079,0.0053460629817893264
2022-07-07,0.015250655478576049,0.03293249220142329,0.04661365237867705,0.03797965707023143,0.04677098258525222,0.04915449774361031,0.044978881232146335,0.013405399937171512,0.01426729327004865,0.014133202836982259,0.006748725476418735,0.027021056499719302
2022-07-08,-0.0016740591200111298,0.0016515351717200778,0.0040751359642447966,0.002533219593097098,0.0038327180040996847,0.005775278635573687,0.0034301390184518377,-0.0007558237421454566,-0.0007576724567303036,0.0018729530161762803,-0.0005801417961410417,0.0067687196690766884
2022-07-11,-0.016635360194206045,-0.0016295589237621416,0.010573035674565343,0.00264573887274331,0.01060649834807631,0.009545817951826002,0.010593101936016612,-0.009866721575710287,-0.01083327553292571,-0.012778809375869296,-0.0026418588561910187,-0.005173363745687379
2022-07-12,-0.011674790429918104,-0.025771455169646938,-0.036147950906534755,-0.02960376842926415,-0.036101873514762246,-0.03836422755620579,-0.03446879082260981,-0.011313328941642217,-0.012272627529161228,-0.015605822442891586,-0.005807137269895873,-0.03158692954759793
2022-07-13,0.007997315167498829,0.011431509127037132,0.013770764498249193,0.012360986746003607,0.013706380211588294,0.01459354043919634,0.0137280304538815,0.00701817454592429,0.008493600683810257,0.006550087677187653,0.0029122415149042567,0.011111603844377408
2022-07-14,-0.003088048104286951,-0.0046519704559038425,-0.005328064337545617,-0.005041849569498098,-0.0053243186200162265,-0.006422625817699771,-0.005104900909429987,-0.005404849758387091,-0.005030370791329059,-0.0087177989937974,-0.0055957620601186815,0.00146899846223525
2022-07-15,0.011582003892187463,0.01864463662019434,0.023986210056809225,0.020612516924697347,0.024081866239542414,0.02477060325942404,0.023378444089840664,0.010865563764210346,0.01077522836300087,0.010069686698160645,0.007323743777693411,0.014063577595531267
2022-07-18,0.020931398261923598,0.02612375909324987,0.029127504250482387,0.02744913066876,0.029070555993922383,0.0325277797612713,0.027592477652603364,0.013439074133906437,0.01622664496335506,0.014791491797853992,0.002504932107670852,0.03526781339633274
2022-07-19,0.014134232005387192,0.009847321842588547,0.006410356451927613,0.008694525252285819,0.006838063806175837,0.005821379130709628,0.006118334483845921,0.010334988637481609,0.009550148892022246,0.01111881296650882,0.005474159036198011,0.0052501593227979974
2022-07-20,-0.004138748698197014,0.00842566430063382,0.017673573803111655,0.011874924167620496,0.017710125520304945,0.019092096806429003,0.017200672811249353,-0.0018925829260148682,-0.0017399043906235073,-0.0032881416743405917,-0.00034561339157235656,-0.0010680051175684141
2022-07-21,0.00999274745027337,-0.0022979938468464965,-0.0115285615141941,-0.005625359488053913,-0.011485358406618795,-0.013215837461926358,-0.01029121115421391,0.008703057013385548,0.00862849153869708,0.006184916484627365,0.00631984426438955,-0.003623741907163615
2022-07-22,-0.002937507192454682,0.0016143521189218414,0.005638358315958665,0.002962186697382155,0.0058066588004375775,0.0034157951397216346,0.006233387333473813,1.5162717392625761e-05,-0.0003667447830817414,-0.002692729514128276,0.00254208853384214,-0.0019016359019149312
2022-07-25,-0.003946234870448557,0.01563899433821043,0.030634719961595246,0.021063122226466748,0.03085776218391997,0.03115943690032337,0.029509532273870286,-0.00018803296213359906,-0.0011283466591312454,0.0013737215698451095,0.0014865165581424554,0.00818946811524086
2022-07-26,-0.0038971248151962673,-0.0011343578810228295,0.0012663136137476588,-0.0003925428812300595,0.0010006179691609746,0.0014236347615080927,0.0013190723116783295,-0.00251715639867178,-0.002352592262096504,-0.001260757001398251,-0.0014922760479115376,0.0018684109668844345
2022-07-27,0.0248199012580321,0.017212986424896284,0.011108211423089516,0.015138497224723935,0.011287572793687691,0.011892966501068707,0.01058360930863644,0.01823702208416715,0.019441497328292215,0.019769515522060115,0.009031423340882354,0.023856477803387434
2022-07-28,0.013578405125219593,0.00010760576916511071,-0.008865603604103541,-0.003444431346621239,-0.008856320936021875,-0.011390085410826145,-0.008364481500537993,0.010841187086240043,0.010570596361657537,0.013933023079384509,0.008052702570040714,0.006381479716868869
2022-07-29,0.008958224494133693,0.013564999356309358,0.016834825114721615,0.014851620790673698,0.017236614987997754,0.01691244452776078,0.015744815118511155,0.007886367570170218,0.007902024171065825,0.009724861374480928,0.004849103094562202,0.014286662515935182
2022-08-01,-0.0046097843535952525,-0.011589125172375231,-0.016601649620983913,-0.013472760700566981,-0.016700773243052962,-0.017920879061871536,-0.015156796238017144,-0.0023687255260955893,-0.002985215523999501,-0.004250352927243425,-0.0005063774281772182,-0.016371172522040196
2022-08-02,-0.011587884856104912,-0.016551273872707793,-0.020201490157776267,-0.017884589963362767,-0.019997345592825164,-0.021212270725824243,-0.020375775162101532,-0.012272472159209208,-0.0126573105201959,-0.011262225180724322,-0.009689912331076453,-0.008802352599311843
2022-08-03,0.007442907096322037,0.006871879913125243,0.006927074061724982,0.0067216563109679574,0.006545697314075406,0.006380470806087104,0.007889731175853456,0.007304737532084889,0.007605938876717579,0.005384416694725256,0.004853983926531632,0.006764301046534614
2022-08-04,0.002500763392800999,-0.007551597112244587,-0.015118034513146819,-0.010391013472636943,-0.01572040239296369,-0.01499362796364508,-0.014174492970413358,0.0026693697294804444,0.0029224668541978378,0.005055441307010328,0.0021789027161526254,-0.0012143634209771908
2022-08-05,0.001251621406978429,-0.000690301502896194,-0.0022642366185645748,-0.0012292052373166673,-0.0020352505361531945,-0.0020798588505490487,-0.002755179322374318,-0.002408342888801671,-0.002017182269813841,-0.00015069759713909206,-0.005665698504699599,0.0008827515678050471
2022-08-08,0.006930934279476333,0.001110222672071501,-0.0037055040121629773,-0.0005534041248897786,-0.0036761933276962333,-0.003432921134111036,-0.004014606366167948,0.0061449735573826615,0.006648495531060195,0.007692635353154843,0.004175635316425067,0.007460539312506355
2022-08-09,-0.005476242844074458,0.00426598572887665,0.012187741627140628,0.00707253225231605,0.012326697055500222,0.011758614439780395,0.011793699953035112,-0.003626867633411697,-0.003928929671582536,-0.0021527121921020493,-0.0014931140584803133,0.0035038204496178715
2022-08-10,0.01802182369473182,0.019561139675463798,0.02079824771464734,0.019972506357816142,0.020706509700770065,0.0217026525335021,0.020393528575169673,0.014729265554116069,0.014677188979038754,0.014520084265197157,0.00803735888276406,0.01835140289371105
2022-08-11,0.00152691135687087,0.01866511737497009,0.03157188490389653,0.02344992226191671,0.031805016325992405,0.0330533793407434,0.030337730162305378,0.001647101613293862,0.0020081769816194224,0.003278712816790344,0.00014503692562039245,0.013031623250818294
2022-08-12,0.011148823976950021,0.005269283867968588,0.0011867147841199202,0.003699089983851162,0.0012457172660782535,-9.393088827657587e-05,0.0016149226859900716,0.009355143626384031,0.009236757285020956,0.009977601256376777,0.006205847491781884,0.004363387932643549
2022-08-15,-0.004471416506958101,-0.007275981857931171,-0.008533514994899212,-0.007985947354703444,-0.00864235457375324,-0.01009487963606343,-0.007818566927901439,-0.004649970594597805,-0.005332893525534954,-0.007179354715995271,-0.0024510281021524697,-0.009076737622304773
2022-08-16,0.0003543571753603697,0.004316290207564605,0.00752439003173126,0.005461652782984299,0.007684723063354503,0.006349671194477468,0.008223663835418504,0.0008599454786806773,0.0005373441824111107,-0.000870765418347049,-0.00028527451363538387,-0.0019992797302088774
2022-08-17,-0.008727207393752061,-0.0034033706285045194,0.0006448415051807993,-0.001928445700496046,0.0007361540967366163,0.0009098480495741334,0.0001877351407681897,-0.007894890193218948,-0.008144051461898914,-0.0075156591928842,-0.0051168614822055866,-0.003538187147504644
2022-08-18,-0.0027435263100536664,0.004097421878827658,0.009106777041605037,0.006023651524614342,0.009628881484491062,0.008300719879933971,0.00849640613865756,-0.0013351983213768757,-0.0015922888364092631,-0.0024701494968973133,0.0007190911608339571,0.0010267301031890964
2022-08-19,-0.023875117528184518,-0.008164332099507673,0.0037295804236434403,-0.003895701108314508,0.003586609838376552,0.004425090760245604,0.003405163995359596,-0.016728264505990773,-0.018110894512778624,-0.015169911650281361,-0.007242054335393738,-0.010349611854055696
2022-08-22,-0.003069298010359534,0.008745838889305656,0.016857542706150485,0.011826366873219677,0.01668842162587451,0.018891211271359423,0.016268190822577855,-0.003194175518762317,-0.0019086322447148586,-0.0046721816527736625,-0.004480843930444851,0.01338014147321299
2022-08-23,0.0014018439597533205,0.001629867787913867,0.0010414298312871346,0.0016267762200609746,0.0012059739700181552,0.0028480009591656565,8.459694905735976e-05,0.0008762036962198805,0.0010529798694973802,0.003049786230956123,0.0009821454925095388,0.004502681426349185
2022-08-24,0.00019697564614292346,0.0036728324994408025,0.006029938697330543,0.004584513948200201,0.006128587345098703,0.006228879528535522,0.005700851346143044,-4.256187216238608e-05,-0.0002707372777272433,0.0009122976758775605,-2.518662248192653e-05,0.0041192588189359535
2022-08-25,0.01110642442586836,0.004997855700506868,0.0007892983271537198,0.003430935403596727,0.0009267529617835038,-9.216122518344687e-05,0.0011457173994160758,0.009041428523774948,0.009064175850495425,0.007867432112194716,0.005963828494992741,-0.0003953897028941139
2022-08-26,-0.025290251420221586,-0.014207119489776246,-0.006407416049068523,-0.011350228686908772,-0.006754163454343774,-0.004511304655770035,-0.007065274869468358,-0.018879353782054693,-0.01888710288882633,-0.019955005814405742,-0.009363335263890044,-0.016204052749180645
2022-08-29,-8.421303142623504e-05,0.0069440551955879054,0.011702357637727125,0.008774740203511718,0.011902925568290404,0.011899959969865651,0.010921212946952388,-0.000985048071136265,-0.000672211350633107,-0.0008062956212451722,-0.0021207440780437515,0.01234097116797241
2022-08-30,-0.010846387854325918,-0.01860513859361297,-0.023830053758906372,-0.020631169197699986,-0.024202146668966328,-0.0235518207221634,-0.023072741903316,-0.009730258093147356,-0.010139271315641551,-0.012045974217156388,-0.005973879190372672,-0.016616520292096766
2022-08-31,-0.004791503882420464,-0.006661278579368256,-0.007867833733758352,-0.0071536366449747694,-0.007987201556399464,-0.007761043212494059,-0.007562209542997978,-0.0059698446459085005,-0.0058425495350897735,-0.006756512466590519,-0.005157552332151175,-0.008414204645403298
2022-09-01,-0.003186660028169071,-0.00952745920896476,-0.012938984648663932,-0.011076046794583665,-0.012954683662780995,-0.015615746253543077,-0.01210697156996025,-0.005215748247884587,-0.00560189055137854,-0.006394370198732721,-0.005119718877710166,-0.007009312393214576
2022-09-02,-0.004701562448931688,-0.0037128522041257237,-0.0037575164392794624,-0.0035102441123979495,-0.0036599526674211636,-0.0024516764210214957,-0.004246134211892785,-0.0031014853431971853,-0.0025595877863003828,-0.0023129106287002148,-0.00020992897596133802,-0.004362863974246479
2022-09-05,0.0033486236253489742,0.001393594892535717,0.0,0.0008793612292459905,0.0,0.0,0.0,0.0018715429528603463,0.0022167134939659137,0.0013633865503757216,0.00020187268175657046,0.0006792657638917629
2022-09-06,-0.012305991626220727,-0.02159662322236395,-0.027767527828807724,-0.024018680045978087,-0.027870638921780096,-0.028304295020999872,-0.027833934058470507,-0.010736383352940138,-0.011808617198607835,-0.005351109020649477,-0.00644762858926356,-0.016499031834768575
2022-09-07,0.014876630520994756,-0.006045858873147828,-0.019911800328544733,-0.011485862067810673,-0.019925445697345938,-0.02369660717732938,-0.018400050539177936,0.01094449107096381,0.01066890045570968,0.011150415623407607,0.006666294877418469,-0.0015526140443206122
2022-09-08,0.003120884626163113,0.005484093563075689,0.007255904105105079,0.006130881335875884,0.0073142693323214065,0.007486420310801213,0.006883115764416277,0.0030495520467355734,0.0029652527046333125,0.004471128791052001,0.0007618998112558728,0.004310263115254678
2022-09-09,0.018513415683704182,0.017807490282006237,0.019340954204916022,0.020392039544277565,0.022459460727162556,0.008891396876087811,0.01936208355248163,0.014375556775630058,0.014674085250911942,0.014748194832967692,0.006635817555399309,0.021161045228959292
2022-09-12,0.010864494831201717,0.016367784657916985,0.017769866359935077,0.018456547866505663,0.02102414556752114,0.020771259170836866,0.017769866359935077,0.010839845435618195,0.01089433767633121,0.011687571086312798,0.005410623281286074,0.014214040846658697
2022-09-13,-0.031003158023973864,-0.02131439623049217,-0.01507958354709717,-0.017473651686453377,-0.011899161486033526,-0.016958347105325584,-0.01507958354709717,-0.02414106383835652,-0.02366150061357787,-0.030475729026732998,-0.015342862157627521,-0.020082388927517732
2022-09-14,0.006977090124577771,0.021322254349114597,0.024001062461223285,0.02519933717334294,0.030556156080210915,0.033115150137745526,0.024001062461223285,0.007300766554533029,0.00783525116374765,0.003261753722712456,0.0027625612960972324,0.01838418727722833
2022-09-15,-0.017751606007890927,-0.03284477528626658,-0.03602318106019349,-0.03812350772622584,-0.043969256754966574,-0.03909875068303579,-0.03602318106019349,-0.01601684248136884,-0.01697017009492317,-0.014706760646431703,-0.008420548751195361,-0.03120797842624303
2022-09-16,-0.0013538873262848156,-0.013422237806394031,-0.016451065992756187,-0.016040329812185415,-0.02057098447915187,-0.0244541132354993,-0.016451065992756187,-0.0019282953095408697,-0.001439802909082247,-0.0012340356010121646,-0.0016177682046363126,-0.011352626421063989
2022-09-19,0.0031303009309808596,0.005953810629816672,0.006298817355997172,0.006101248549541674,0.006409799190947089,0.00964614549389805,0.006298817355997172,0.0028872403602245456,0.0026294694862338923,0.004452070314750331,0.0013828092696834807,0.0030802976697042023
2022-09-20,-0.009995147348243976,-0.011725687675993454,-0.009906244040603305,-0.01243812918369269,-0.012184798076004137,-0.01237632545326623,-0.009906244040603305,-0.009226583277442819,-0.008817281039738188,-0.010093473645201568,-0.00647120380552841,-0.008972558134671469
2022-09-21,-0.010344438359756142,-0.007710880764978661,-0.007064129315507468,-0.006864882989374186,-0.005389436819733291,-0.007152520837455285,-0.007064129315507468,-0.006777522049605382,-0.00629473191135803,-0.010753934887777426,-0.003497910303082504,-0.009049933749838477
2022-09-22,0.004053002890610334,-0.009313907182769983,-0.012616848455113022,-0.012104181190738274,-0.0170831552093187,-0.021352122934645175,-0.012616848455113022,-0.0018877344635896763,-0.0011561632012569698,2.759476647382509e-05,-0.006141932407739644,-0.0037449454562112163
2022-09-23,-0.016313450112374367,-0.03060782976510713,-0.03989253272149526,-0.03710860590289358,-0.045027929455634746,-0.03628727349449766,-0.03989253272149526,-0.018180178160074216,-0.0175457034653472,-0.019329157718559777,-0.011927035871231926,-0.031993751703661796
2022-09-26,-0.016401129349879518,-0.016277832020300233,-0.017942468983558262,-0.017353279301069814,-0.017596165415824976,-0.01551011992327112,-0.017942468983558262,-0.015438450670384261,-0.015605942254422587,-0.01552399295924458,-0.01182201291575031,-0.017953709363474717
2022-09-27,-0.007322473599805794,-0.007691015089516423,-0.004066271040540071,-0.005353813648176634,-0.003304906049358675,-0.010272465577617535,-0.004066271040540071,-0.006799572948611469,-0.006644426445582614,-0.005625831122630951,-0.004663901927074672,-0.0030987902840527884
2022-09-28,0.01938314248263801,0.02438506641635437,0.02732778585576641,0.028024252185746775,0.03140548069567341,0.0247880984514495,0.02732778585576641,0.020265988853557782,0.020559148764487875,0.01956328620281063,0.01603786932410951,0.0249679451730773
2022-09-29,-0.007718819485947003,-0.012363741791251739,-0.012973916831670146,-0.011880960275037373,-0.011242785500539473,-0.019434042193028616,-0.012973916831670146,-0.007835142949320034,-0.00652607290154801,-0.0102610080363901,-0.007710502939858345,-0.010536375561102599
2022-09-30,-0.005825087843721042,-0.011038521918838699,-0.014233288205629316,-0.012851869063713765,-0.014842944287357739,-0.007971568742115095,-0.014233288205629316,-0.0058279760760840595,-0.0058611081634044925,-0.006407547158378832,-0.0039453826662090505,-0.010621409815690845
2022-10-03,0.015840963302532866,0.01789296458936696,0.022536699876419843,0.01984213208336984,0.02041769751842778,0.013565419565008684,0.022536699876419843,0.017268197475375426,0.016967831968086027,0.021351879312061933,0.013707667250635209,0.019892561854286818
2022-10-04,0.0244915571877642,0.029646884304174472,0.030465162239429862,0.03233066234237223,0.034508066297683576,0.031923389041762416,0.030465162239429862,0.021607120730014896,0.020857783212188116,0.024242328863288788,0.012897359431900058,0.027376750664166838
2022-10-05,-0.003929036790239553,0.0031545609191670288,0.008747894436593153,0.007741518000661864,0.013433190150878746,0.004068373333417284,0.008747894436593153,-0.0038791197050968146,-0.003265815292999549,-0.005004420273328994,-0.004362883197744827,0.005458250169191828
2022-10-06,-0.00793141568798477,-0.0048155559307587,-0.0010519394616651202,-0.0011819650957421673,0.0027788451372610544,-0.0070713963213577535,-0.0010519394616651202,-0.006945450529459131,-0.006061267664301158,-0.009581461392717316,-0.005510125361707101,-0.004510831782789567
2022-10-07,-0.012534707454622892,-0.012147964444442756,-0.007225017404477203,-0.00852434359864829,-0.0055323335970269855,-0.019944853933855,-0.007225017404477203,-0.01178540628240327,-0.011106323352874913,-0.015226208552846936,-0.009013430234095777,-0.007019723319333412
2022-10-10,-0.011881883156344811,-0.011995899978707944,-0.010251868323138014,-0.013561450428274658,-0.013950175250702322,-0.00760429455739492,-0.010251868323138014,-0.009521178095373737,-0.010529537681257932,-0.007719277952399795,-0.005504798955692674,-0.010564042594389518
2022-10-11,-0.006747787448470079,-0.005945312206641823,-0.007008387013891313,-0.007867428295265657,-0.008700197634249365,-0.004370692136555949,-0.007008387013891313,-0.005730410650403073,-0.005775428702137694,-0.00528712689770868,-0.002128265106899243,-0.007556322663536345
2022-10-12,-0.002912518610836995,-0.008419817430173188,-0.010258045128277216,-0.009235791048886057,-0.01023311446249115,-0.00954675624079428,-0.010258045128277216,-0.003006820749187284,-0.00278597218057133,-0.0042564033512979505,-0.0011965371639474224,-0.00930962444918504
2022-10-13,0.010069624478390025,0.022462603747505402,0.027584252418942565,0.025853243534582175,0.03006557060256048,0.028659664025443406,0.027584252418942565,0.008812791881151086,0.007990048375341459,0.013817144629176893,0.004356313960747663,0.021067844339540565
2022-10-14,-0.014408759569084544,-0.021879314504581984,-0.02571603451147484,-0.025138754293393788,-0.028531625836970206,-0.023947135803396434,-0.02571603451147484,-0.013542555122382756,-0.01345022829977934,-0.01669900247077373,-0.00903974127756335,-0.020915173073074438
2022-10-17,0.012840883711515379,0.0014279293393549386,-0.0023292229285617728,-0.002486083624307868,-0.008495317861540822,-0.0013483566947321522,-0.0023292229285617728,0.009405194357679801,0.008058561889307543,0.014967727755430388,0.007405106807448131,0.0039236896680727015
2022-10-18,0.00014995195087218497,-0.0020971333983444288,-0.0026426008307641148,-0.005214027772790779,-0.008303883429111883,-0.0019133279100196979,-0.0026426008307641148,-9.375834623833449e-05,-0.001023084352791662,0.00439085988999053,0.0019944391915366717,-0.00259933330800395
2022-10-19,-0.012817256920370654,-0.006228144875474427,0.0023097277732785746,-0.0022927069551700358,0.002230824636386005,-0.006733169356111415,0.0023097277732785746,-0.01215588006147493,-0.012153404735124027,-0.011265018330976467,-0.008845261147435191,0.0009651042165397605
2022-10-20,-0.0030923445692820147,-0.006344794663895189,-0.006697700786116127,-0.005679211252929876,-0.005213314392800275,-0.005531045220600505,-0.006697700786116127,-0.0017124355982805065,-0.001458730744898831,-0.0034079945287683634,-0.002456164035464183,-0.005541982421789618
2022-10-21,0.013336258008621794,0.008261861543405911,0.007506764127317681,0.006309651967777972,0.0032050531593384515,0.006580583884495877,0.007506764127317681,0.01103950497025099,0.010396524112290497,0.017248752561130894,0.008022229583291855,0.00881149567218241
2022-10-24,-0.0007173971010421439,0.0066029402248758305,0.008488237425803458,0.007597383492583015,0.00971533064628223,0.01148562215874934,0.008488237425803458,-0.0008012080627441964,-0.0008692813937784454,0.002035392968460534,-0.0009823382643129052,0.00701329145453645
2022-10-25,0.019739166379205336,0.02010003129755944,0.014803599535807635,0.019236729332755467,0.017866527175214662,0.0198816918955165,0.014803599535807635,0.015762637948205302,0.016042880722946802,0.015176667905377568,0.0095942413530379,0.015454201732855378
2022-10-26,0.01113340776810278,0.00907388907925347,0.009002951585966968,0.011094327503913908,0.011483830278529434,0.005010360485171646,0.009002951585966968,0.01069258358112534,0.010970736805324652,0.00849134653456637,0.005663919897373531,0.010309572456962198
2022-10-27,-0.00446021716959836,-0.004714504720067905,-0.0024633466754207457,-0.004251852951078249,-0.004569883500119278,-0.008797472247715283,-0.0024633466754207457,-0.002508272802419732,-0.0025934499729958135,-0.0018139265574538363,0.0010808728470300178,-0.003963268063837793
2022-10-28,0.007502579689846979,0.005895869316596298,0.003665553820212431,0.003110364617367729,-0.00013198203085682458,0.008489629053926587,0.003665553820212431,0.003299348040417556,0.002410533267651683,0.008655439937143948,0.0013417725931156124,0.0074551966579158545
2022-10-31,-0.0018727266882432874,0.007615295357863092,0.00926458656447517,0.008847552115676885,0.01293394666656034,0.016224104738484273,0.00926458656447517,-0.0028307477840950855,-0.0022368361724244266,-0.00386619670949214,-0.0037677692596071776,0.01511609515912201
2022-11-01,0.0043159563327844356,-0.00255014873597143,-0.0011579464922013387,-0.002738246555326178,-0.004411752947947765,-0.009732896142517074,-0.0011579464922013387,0.005159349218202694,0.004959215203588644,0.004893341695858211,0.003707862708436773,0.0017673904567331753
2022-11-02,-0.013208238047853154,-0.004716345168360957,-0.0016148304696917714,-0.0007043341581368365,0.00405640352417324,-0.0024869700524773157,-0.0016148304696917714,-0.009554373264054833,-0.009218171713221212,-0.014998353729352095,-0.006621369928310089,-0.005697053774504413
2022-11-03,-0.0010004548085705235,-0.0024065774223182576,-0.0019266459978459242,-0.003672457275763921,-0.0051218115115964444,0.00031371623623214183,-0.0019266459978459242,-0.0027717904874942642,-0.0029998172425693597,-0.0010460153928382762,-0.0032314047079894147,0.002805919225665984
2022-11-04,0.03315233120387233,0.03172127873334421,0.027609456378238372,0.03431444733481806,0.03553987884461384,0.027731302913717525,0.027609456378238372,0.029981377659897022,0.030926171276427473,0.028654266095949822,0.014727579275323286,0.030461776524579258
2022-11-07,-0.005918064917560024,0.0031784423315584093,0.007511509348880475,0.00572752677401225,0.01045593955380184,0.009645573062739495,0.007511509348880475,-0.0031295627522356533,-0.004043541904039717,-0.0017112326382869507,-0.0006173774252974922,-0.0020402800482861704
2022-11-08,-0.010402455120834032,-0.014000053164867465,-0.013526012545437829,-0.017174273230814278,-0.020256057918391163,-0.010274289775068893,-0.013526012545437829,-0.004040095593762081,-0.006027383192681571,-0.0004569222220145129,0.0029562401426940937,-0.014976215010444514
2022-11-09,-0.035323010082126675,-0.03427706391094803,-0.03133278072184576,-0.03608022242666749,-0.036541026512457817,-0.03100121430940677,-0.03133278072184576,-0.02403437091818743,-0.026231960877041743,-0.024240528359494782,-0.008766687280761208,-0.04625396978412602
2022-11-10,0.05297133836148239,0.03792260750635792,0.023901180183256345,0.03201880868781455,0.022841484714200094,0.03239446172316939,0.023901180183256345,0.04265190609073014,0.04331192237190429,0.04617912023437515,0.027781636303305095,0.03560456995653998
2022-11-11,0.0030810387453833517,0.003554394311661305,0.0075263712454942955,0.006452519946497648,0.00876155945128743,-0.0005136392598493085,0.0075263712454942955,0.003819400444508577,0.0031198756192888344,0.003960703822599011,0.0032199120323556122,0.0016909295568315434
2022-11-14,-0.010748993862524179,-0.007435059716765917,-0.006986009344625597,-0.008581384945065228,-0.007874455451590769,-0.0027588522308461647,-0.006986009344625597,-0.008543465029431893,-0.0087472391815182,-0.008831307626413449,-0.005174845900602763,-0.010743594429112213
2022-11-15,0.008434524730908164,0.010395973330050995,0.011314291886963148,0.011643453597268894,0.012569064750447365,0.00938616773951647,0.011314291886963148,0.007048289195483666,0.007023916065812704,0.005528408715660412,0.005693766111312093,0.00858948230650914
2022-11-16,-0.00688197951562114,-0.004966384933431541,-0.005613029072489362,-0.006149171608823226,-0.006740082964724309,-0.004568826191539376,-0.005613029072489362,-0.0044724052814036335,-0.004598622422803515,-0.006530543786951103,-0.0012635776459485066,-0.007805339875419308
2022-11-17,-0.005403819238100493,-0.00397218260707484,-0.005390874549997536,-0.004804169947235318,-0.004570393201188746,0.0003450988675223997,-0.005390874549997536,-0.006501445539932224,-0.00700851886893821,-0.006918507256288081,-0.005029493990932003,-0.007842523600253103
2022-11-18,0.0008614980228190251,0.0006512067177054286,-0.0006129412990466911,-0.0016797901663317234,-0.0038214333507864545,0.0020055587598489036,-0.0006129412990466911,-0.0001979631387558329,-0.0008163124365147175,0.0030112385229331554,-0.000530429615817196,0.0018303127560328667
2022-11-21,-0.008961778909614604,0.0019122694786597582,0.005691216669797888,0.00428421279915338,0.0085528882406772,0.006697619289109568,0.005691216669797888,-0.004635827114198991,-0.004974927534056899,-0.004522878318904163,-0.0012596214478399698,-0.005498220452882464
2022-11-22,0.01288490848282334,0.019473281704136657,0.020809593911810437,0.02156080989245538,0.02420467284757894,0.023293351328960814,0.020809593911810437,0.01146463384534363,0.011808372727882942,0.011192659443910975,0.0069702987761394745,0.02015328118857382
2022-11-23,0.009760423498820017,0.004021069448947392,-0.0035844857589728595,-0.0006549613652102448,-0.0054002998872281615,0.005054570746114246,-0.0035844857589728595,0.0077132640111554065,0.008071578611565895,0.00635657625444743,0.004861635304373023,0.006535447831655735
2022-11-24,0.0021155717425518144,0.0008470806838113371,0.0,0.0005282591612545632,0.0,0.0,0.0,0.00115385394922734,0.0013691856044899307,0.0010758444032528515,0.00019209640088196713,0.0010034499640973053
2022-11-25,-0.00036981551996830833,-0.004975226664269356,-0.006197452097328297,-0.006849206524199144,-0.009399028696130336,-0.004726485131771381,-0.006197452097328297,-0.001177233525889404,-0.0020831708375669547,0.000684464976842997,-0.00020369429369957598,-0.0033159561807559186
2022-11-28,-0.012295738550712275,-0.013614834858224859,-0.013442368853094135,-0.013440868070393377,-0.013498541376238892,-0.014370175264575196,-0.013442368853094135,-0.009691734592620868,-0.009757667984714648,-0.012924750241477587,-0.006019981247234459,-0.01377755989730309
2022-11-29,0.00725648803541315,0.00504043868710987,0.005343504397308324,0.0064139735254850685,0.00698275595525707,0.0028517792598157844,0.005343504397308324,0.005658679886523029,0.005852524955490989,0.006122570997463592,0.0022506472048337434,0.0063922063899704475
2022-11-30,0.021347147365117662,0.011359962050702107,0.008162907161258615,0.00933747200441502,0.004931324481426936,0.00280093030847957,0.008162907161258615,0.01905299394208116,0.019141000955337124,0.02196851048412165,0.013577212621335499,0.011962916846013302
2022-12-01,0.0005349248865766088,-0.0025271061087003277,-0.003923452486311467,-0.002872150372231635,-0.004155747440044078,-0.004524551868532295,-0.003923452486311467,0.003425388393510688,0.0034756125670621666,0.0010167693494537277,0.004850450405611603,-0.005967287546825463
2022-12-02,0.0003453331677230882,-0.012098254285311359,-0.015626877685045743,-0.015712261811163097,-0.02121309676851142,-0.021108959585517034,-0.015626877685045743,-0.0006338123556791525,-0.0007570729222456999,-0.00014038030340775731,0.0005074882878219366,-0.010383979171017958
2022-12-05,-0.017007373878308352,-0.02747333476015455,-0.029713731886952744,-0.031897689500054296,-0.03743358699035249,-0.03278827427584832,-0.029713731886952744,-0.017300817281547632,-0.017945209197927702,-0.01711308635462445,-0.011837843310074939,-0.0235682964531768
2022-12-06,-0.0041019025661408835,-0.013195934538627697,-0.019247431894998883,-0.01847935620826958,-0.02484832364029381,-0.01551292102915807,-0.019247431894998883,-0.0038257489603561153,-0.0037642962246880783,-0.005605649941790192,-0.0015593425247991612,-0.013895506386947441
2022-12-07,0.0006490263478480226,0.0008343562107766837,0.014182744982306657,0.0010017373790314375,0.014739660685935897,0.0005203538279673859,0.011264683891282342,0.004452006061910114,0.0048568917092516335,-0.0020408835124536354,0.0037899630815459704,0.002841587321326161
2022-12-08,0.007780146606085069,0.004808558863186161,0.0034683246414241257,0.00390178948914929,0.003369358222281356,0.004713376077949274,0.002828668706494598,0.00551496786237643,0.00557828144805918,0.007569149700089652,0.001992672188891517,0.004945521093621652
2022-12-09,-0.0031763542321577515,-0.007196027858722601,0.011664092494668455,-0.0071493085019956925,0.01193955825965486,-0.004626217589820571,0.007623993635878218,-0.001642408164890773,-0.0012281049361765094,-0.004996457626409389,-0.0034617080591052528,-0.006967580349964863
2022-12-12,0.003444694518271182,0.00906360213383259,0.0218146927892888,0.009897821669685128,0.021350303344500186,0.008109037299923976,0.02162362605590544,0.0035012521933075157,0.0030799016205221735,0.005697784176478918,0.001555127306788918,0.01351617566053337
2022-12-13,0.013913180519881808,0.011279417263657228,0.03386678416055367,0.011552986403623,0.0341856010312965,0.009235283931283035,0.029545569212230255,0.014141724896948074,0.014923959165939823,0.010268086499001586,0.008729573988286228,0.012973747374629377
2022-12-14,-0.005286703820963618,-0.0037616623020974584,-0.022488988948163993,-0.0034578948854922117,-0.02255552796146488,-0.0027900532018958774,-0.01838303378178548,-0.005241492430233547,-0.005518128775157447,-0.003412930198816058,-0.0013585139274007265,-0.009240912950527543
2022-12-15,-0.01403661762419114,-0.014968643787729108,0.011257936981941927,-0.015396392604604738,0.011185066659781742,-0.020792485851790977,0.007383049426854082,-0.010926182807827778,-0.009588963374981748,-0.018659033761923155,-0.007965772638204013,-0.004809864909618292
2022-12-16,-0.018563121788458793,-0.01334697278171494,-0.022664448575012985,-0.012160109406175996,-0.02264048476911124,-0.008045764169577467,-0.02062449667982557,-0.013187755450821752,-0.014509070237415315,-0.013664915256685537,-0.006296656700551118,-0.022095277656199643
2022-12-19,-0.009001205402618648,-0.005166191316474409,-0.028486535694199087,-0.004697853516651838,-0.028597731154379,-0.003664203686028517,-0.02330485715706051,-0.009719911249151808,-0.010616951504379713,-0.004935401800437776,-0.00491535298437171,-0.006349026185637846
2022-12-20,0.0038817301730245113,0.006171615260839316,-0.012801505086640356,0.007986379918724269,-0.012486350995017687,0.00742766267398433,-0.010818339712934123,0.002220029583180024,0.002299503114581267,0.0028882237941234524,0.0012056003245933388,0.0026883852307002065
2022-12-21,0.006130270817390105,0.008907853703746669,0.016006191589575346,0.009306170299869897,0.01576483083795375,0.008060799081702433,0.016531170414417297,0.006054107741893675,0.005633183352385307,0.008567838125760764,0.004698746879966293,0.012256091114324286
2022-12-22,-0.008194341406731673,-0.010383519072445922,-0.026024337973313324,-0.011551683026719528,-0.026191217175833933,-0.009760762994865576,-0.022699792001801493,-0.008891448298332378,-0.008980037116447053,-0.007951338006250116,-0.004969063232678355,-0.011441138381769085
2022-12-23,0.0052182923953586835,0.01035325803928309,0.022670185666872858,0.012852718589934597,0.023049607616951198,0.007512440859015183,0.020626990663889563,0.005036703853383836,0.005414915383544177,0.004436343418944796,0.002050820896634143,0.012499518647687516
2022-12-26,0.0014706174337039885,0.0005796283950322145,0.0,0.0003602037068950018,0.0,0.0,0.0,0.0008018113879278197,0.0009476420132443393,0.0006863124198587126,0.00023405494027336213,-0.0006624204532004408
2022-12-27,0.0008203701306025424,0.003734450312185674,0.007669903682189699,0.004472745406897515,0.0076263643422987875,0.0044242621584790675,0.007142566990602396,0.00023959754658138728,-0.00022710776624328382,0.0028528081963166353,-0.001593667588319744,0.003901645762999428
2022-12-28,-0.01315004517849376,-0.013113137413955457,-0.02823291553915812,-0.013467197917427584,-0.028296293275913032,-0.010790332841927803,-0.025891731788895093,-0.011668641984182907,-0.012002955317061475,-0.011784143337221994,-0.0061205167338342185,-0.013618811978725479
2022-12-29,0.009371111358618237,0.011520048049885587,0.0018892546100692704,0.013091225805563418,0.002352238102061499,0.013901306688657914,0.0013726354209920686,0.008542055574063016,0.008072655586386254,0.012345457554571542,0.007473241464863586,0.0029363226023990255
2022-12-30,-0.0038658821142225812,-0.0020537157315845137,0.0014302550680822916,-0.0010671706774906678,0.0016757921243428005,-0.004468929189044676,0.0018102065035694361,-0.00339856153465221,-0.0028588586457759914,-0.005628797917780462,-0.0029375311166715923,-0.0004678664676453668
2023-01-02,0.0014193489408387391,0.0005560755056109655,0.0,0.00034463618275040443,0.0,0.0,0.0,0.0007739370255705638,0.0009152317989576011,0.0006670202432359451,0.0002064081823627352,-8.332534742676629e-05
2023-01-03,-0.0014871519579412796,-0.005647409817192245,-0.03679860358599439,-0.006280824109468593,-0.036613759559034606,0.0008767460358670944,-0.03465008042428976,-0.002197848053825194,-0.0028473026191125667,0.0008767594998317992,0.0018955262848259669,-0.02080176515714373
2023-01-04,0.011511509917916052,0.005955615423837287,-0.005760113775680198,0.004312068648999945,-0.0059200656552754975,0.00639344275508903,-0.0066668234778801076,0.007739000688011138,0.007461042655870127,0.012473287451940804,0.005793031179271194,0.0017328224549887005
2023-01-05,-0.009572264386394011,-0.0067189068555669135,-0.018877698589874387,-0.006438140780829186,-0.018833492962266937,-0.010808400479874851,-0.015101625383760258,-0.009016912298914383,-0.008964711530832063,-0.010428330201939853,-0.0052801349258123015,-0.006292755459356219
2023-01-06,0.018076395185080828,0.019311051856763645,0.010941847875349162,0.019956979316204514,0.011058785140747124,0.022592902019703577,0.01148013874874253,0.017055472769303533,0.016292398891813133,0.020447052392302108,0.013582449329696607,0.00928039754586177
2023-01-09,0.008836773727865954,-0.00016588524675541217,0.011262943101147994,-0.002155782067113838,0.01104210788999849,-0.002922842713344446,0.008710277318103043,0.006617765641252256,0.007687531641605643,0.0035832751629999615,0.002709468600874226,0.0045567025099713734
2023-01-10,0.0016632705859120386,0.0029035059625884276,-0.013811096400565846,0.003157606194306463,-0.013802523124726183,0.0033404019275443714,-0.011251720040414259,-0.0006176189555256689,-0.0010782960148730215,0.0038065201713397183,-0.0005477883981225803,-0.0016608649388661291
2023-01-11,0.013013618107890677,0.006853636245689393,0.013545948141901533,0.005077059534160126,0.01329468022795478,0.004150945546082794,0.013106869850209018,0.010418423593806124,0.011050226308305901,0.011413112671926053,0.006646732116786239,0.008550836838233968
2023-01-12,0.008458883858226112,0.005850887016787857,0.0070426438954060665,0.005505180712878874,0.007108842512600751,0.003980429959438093,0.006475326292724737,0.007799733852573097,0.008097268366657058,0.006374906334846765,0.006270819343884242,0.0067249214093425165
2023-01-13,0.0062834947978724414,0.0038699585141343906,-0.005601085197330848,0.003349572784577067,-0.005533359705936259,0.003969139202524103,-0.0031513325125705396,0.003936384977371962,0.004042760897865488,0.005124315093558204,0.0010185246115525285,0.0017258488878071493
2023-01-16,0.005370749879622669,0.0021580204499830995,0.0,0.001345426898387395,0.0,0.0,0.0,0.002974501142222612,0.0035170393145672364,0.0026189116042329265,0.0008988979237656276,0.0017973758049060686
2023-01-17,-0.0016406071694039816,-0.002952816547621727,0.008316008694291617,-0.003993583528788761,0.008022453510368932,-0.004592580502326993,0.008126859801907402,-0.0016174215214655818,-0.0014975138672626313,-0.0016776812535984316,-0.0018611725112410316,0.0038160584853929496
2023-01-18,-0.012410178968868063,-0.015061828999135468,-0.02848376852356889,-0.015503376523298546,-0.028239880829959062,-0.013760990843970453,-0.027651019211225807,-0.009298146246497292,-0.00928027375891668,-0.013050085549861267,-0.0021822963593079066,-0.021701174800410387
2023-01-19,0.003603327397744162,0.0008912368765950674,0.004457805898135226,0.0003095266133614366,0.004543446408493666,-0.003701734759983302,0.004393900862047247,0.0023037844185972555,0.0031849738775283905,-0.0003694076855161328,0.0003300482089104472,0.005153658823062364
2023-01-20,0.014622279889037781,0.010584214896739344,0.0038537495892507767,0.009535370393496844,0.003823707187726839,0.008666206935121937,0.004885405669682768,0.008851380840573422,0.008943868507984025,0.014052212359900104,0.003289120643622442,0.008242648624187752
2023-01-23,0.004715205373924858,0.003521121281686285,0.013136951243124188,0.0031547780400607984,0.013202642147897629,0.002473701880511165,0.011176497766689854,0.003411360200793581,0.0033271616255565605,0.005215766835971372,0.0007600125422040899,0.0045220449364170145
2023-01-24,-0.004371077794235736,-0.0018218107173413494,-0.012406851253256777,-0.0007293291763602285,-0.012337918169988998,0.0004993205379474012,-0.011428765089089226,-0.00209094006003896,-0.0024701112516363967,-0.0019118018566842538,0.0013203932484389734,-0.00615305419555005
2023-01-25,0.0041525855676082845,-8.758209539080583e-05,-0.013569376210553485,-0.0015136794881948712,-0.013590378525672919,-0.0009451985819688001,-0.010235273231105102,0.0019747370054647084,0.0021033390758780574,0.0028511608999615165,0.001524198402197868,-0.0007821163822715818
2023-01-26,0.0026891265772882285,0.005701463304110956,0.005189404577539223,0.006128139358360761,0.004902866131367066,0.002278946602676462,0.006229112740758888,0.0013076641072003732,0.0011360514398629329,0.004911479829269426,0.000894674659216946,0.010466327285706553
2023-01-27,-0.0007747998477602566,-0.005972025065338193,-0.009533573398664372,-0.0071676835295800346,-0.009606298304548073,-0.006484937702317167,-0.01000939211964219,-0.0023190064447787635,-0.0019653743961382314,-0.0010374680099055748,-0.0017288461584480728,-0.006228774007683445
2023-01-30,-0.01206594824438156,-0.010652295337461036,-0.02481393778910365,-0.010408789692585818,-0.024805642902289562,-0.005824034360169325,-0.022432334534460446,-0.009970725390060641,-0.01044288306053607,-0.010486263573786729,-0.005495355665322473,-0.01235147005588471
2023-01-31,0.011127871148710642,0.010440319264730175,0.01243746609797327,0.010122345062662012,0.012381858895700598,0.010205407317319243,0.012719177897836137,0.009769396800075675,0.009915872563836085,0.010469976599973983,0.006543210825319747,0.01255023147594076
2023-02-01,0.0062896020257104555,0.00018631749735238223,-0.02776850100469147,-0.001444982964403709,-0.027832470245658117,0.00164126990886564,-0.024284341424347655,0.003710066941059179,0.003703908729060742,0.006649654132551256,0.004963893581729308,-0.009580997806101811
2023-02-02,-0.00015657765032438877,-0.003865273798477994,-0.009589465385234655,-0.004364442090653132,-0.009426703196812049,-0.0024155759322976506,-0.010845300117384327,-0.0017902969542693474,-0.0017105753592737611,0.0014608206356229157,-0.0002692003105593809,-0.006201409528616747
2023-02-03,-0.01100005567880857,-0.010116957350923035,-0.02262162579659459,-0.011434293815214875,-0.02291886519605736,-0.01239325914974053,-0.019185158826720637,-0.013041377330308438,-0.01345132035312268,-0.010662223931497577,-0.010748109614497434,-0.004056958651320907
2023-02-06,-0.00955998726692105,-0.0051607570253254225,0.009266343249279857,-0.004019149280235083,0.009087183305435037,-0.0036779659929112828,0.00806193626479587,-0.006651136148401139,-0.006821328457383778,-0.007929543827035949,-0.005363337278524309,-0.0022152748589048523
2023-02-07,0.009681383641149132,0.00954220110739622,0.025976587524092702,0.009648953341200237,0.02601089157119931,0.005213246292549677,0.02416113554133643,0.00754803055845208,0.00786354141083912,0.007475149681375873,0.0029749811587283263,0.017471874620224745
2023-02-08,-0.005452057600923006,-0.0053899444566516954,-0.012369137063167857,-0.005486500849268426,-0.012223121740390044,-0.0040341560752409356,-0.010310008716155632,-0.003823705814597622,-0.003967761513783981,-0.005293500214557991,-0.001125015289150823,-0.007434988748771731
2023-02-09,-0.013694770258901777,-0.01099623718948671,-0.007742069753272223,-0.01069183556999536,-0.007771006836355249,-0.008067516455177436,-0.007317912017109485,-0.010072219472528959,-0.011058483654999065,-0.00927570672449013,-0.006148770783430563,-0.014344790464118504
2023-02-10,-0.0002911858094847052,0.00903952952711207,0.02898422288912137,0.011193257015985404,0.028650832475335196,0.005651778722079407,0.027926067823787763,0.00019744781418343997,6.659544754443675e-05,0.0012007658694879284,-0.0009922829854442348,0.020204475743880096
2023-02-13,0.002724126948997226,0.0036707448455207707,-0.008228399286505048,0.0038345276374247466,-0.008211213001494579,0.006429446963202535,-0.006130125439833724,0.002628358707582848,0.0019786480344192495,0.005870852574084819,0.0030353799405270767,-0.003543158413559949
2023-02-14,0.003875087236480605,-0.0013888011612681606,0.00492691018613859,-0.0029758603019707374,0.004719901454520377,-0.003642656234078014,0.003654446813938397,0.002023071983673042,0.0026627894774378623,0.00033643019626794084,-0.0012403142289492796,0.0028248722816142944
2023-02-15,0.007909245174608972,0.000609960033523387,-0.015135023646696328,-0.0016822004465568102,-0.015397174731729347,-0.0008577412991131858,-0.013323588951720628,0.0016780164485136302,0.002442846744149494,0.004354359696748283,-0.0006822473400375762,-0.002056859747796773
2023-02-16,-0.011077329747511428,-0.008831045211795096,-0.008450352588753839,-0.008019414036164959,-0.00830895516388808,-0.0064594162737596755,-0.00863596051113149,-0.007709215132516466,-0.008140821460074697,-0.009349552597675243,-0.00454591053764262,-0.010152573550576496
2023-02-17,0.003500729846366659,-0.0012714370577176027,-0.024253840711634535,-0.00281819400009682,-0.024427300141399207,0.001818596070548757,-0.021204588422288357,0.0017837589127684948,0.0019911239758662845,0.0017265274888631015,0.001902684354898362,-0.006480718773509802
2023-02-20,0.000966857869274814,0.0003982624055518317,0.0,0.000250741704174577,0.0,0.0,0.0,0.0005439330871443019,0.0006430044855504088,0.0005018081771203153,0.00018758077971205666,0.0007013964134990879
2023-02-21,-0.012342017328304901,-0.009616636347047925,-0.011471280558402033,-0.008303235013369773,-0.010924761719372426,-0.009773190992663099,-0.010712850576297386,-0.009957635672238127,-0.009638015035567275,-0.013646937166015456,-0.0076303144777018815,-0.007667321212255091
2023-02-22,-0.0030605694531062903,-0.0038152366976125507,-0.0031585834558128644,-0.003958800589239863,-0.003055049744262607,-0.003969711804958412,-0.004418891281532857,-0.002514815774483013,-0.0023940073927848585,-0.003934218955137038,-0.0012148682297820402,-0.0035356875962222227
2023-02-23,0.00195000359156834,0.0033228327203331442,0.019036164436061754,0.003626394481845631,0.019097302097909545,0.0019003163743764714,0.017390077349655718,0.0027731121652692864,0.0026394807715394127,0.002410392411553843,0.002375270851696823,0.006403497217325485
2023-02-24,-0.01388717360780094,-0.01089513521242325,0.0046464416881852625,-0.010763839635630846,0.004160531015332002,-0.010303304346865126,0.004039708906834813,-0.011906977282177926,-0.01225716609329381,-0.01265790159336122,-0.008997556767383254,-0.005755922723080381
2023-02-27,0.005614265090369969,0.003963540881582286,0.008665813771497414,0.004150913431904564,0.00911218210723306,0.004051309377628126,0.005934713538134127,0.005489714442802715,0.005573486127609812,0.004440641930669923,0.003323463073543094,0.0017605979705565863
2023-02-28,-0.003150826088744605,-0.0053414042131116266,0.002449253665319168,-0.005227029282791089,0.0028169637650393483,-0.0037831592349258283,0.001095583107022876,-0.0004641723937564616,-0.00010219745936073827,-0.0050034473587425585,-0.0004647233322975018,-0.006512844082290557
2023-03-01,0.005172903189513325,0.004498441695050003,0.011035805587062828,0.004483809523015297,0.011282480534687615,0.0020720119319877096,0.010113111718702883,0.004222998944156614,0.004187009983641936,0.0030491626459256227,-3.883701393132691e-05,0.00722871012828287
2023-03-02,5.087894065051231e-05,0.005306164611921474,0.004336917423284415,0.006504444735409214,0.004183823983280258,0.006449813183922584,0.0049848320374206384,-0.000439454767597267,-0.001094357106207441,0.004126180826274405,0.0005191439224092004,0.002505188908150013
2023-03-03,0.006579170459752636,0.00966091464269743,0.02679328616107545,0.010837212160618085,0.026751955392765463,0.012857483532065813,0.023529565815319804,0.009591139223008329,0.009011431500287914,0.00921455670375133,0.00794860224260569,0.010007991932103232
2023-03-06,-0.007036742798886999,-0.005370543104568563,-0.009542789211560796,-0.004811357942379297,-0.009542789211560796,-0.004519094452258977,-0.003937501080865475,-0.007771056301773926,-0.007529465152844298,-0.0035350456562362673,-0.0030093413668010388,-0.022531575047626463
2023-03-07,-0.01258840176678027,-0.016451848108367487,-0.01258840176678027,-0.017936397630118457,-0.01258840176678027,-0.015555840344052158,-0.01810439264669573,-0.01307984578651609,-0.012429449240021779,-0.014197469698605365,-0.010359738017446798,-0.010949745908547429
2023-03-08,-0.00127571217796003,-0.0002923975881402092,-0.0012757121779600302,-0.0002840796299527133,-0.0012757121779600302,-0.0006345346354362383,-0.001525431230409402,-0.0010669120311287699,-0.001141478210310939,0.001844474234644336,-0.0001874632129060345,-0.01158243521301817
2023-03-09,-0.015438235836880705,-0.01302908934409878,-0.015438235836880705,-0.012629789454160191,-0.015438235836880705,-0.013017757852267643,-0.014966591591675536,-0.011189311976064212,-0.016063816398886627,-0.015759092894788385,-0.007068104067984873,-0.0220889319128899
2023-03-10,-0.0024273246717673525,-0.006809700165541711,-0.0024273246717673525,-0.00788760357277986,-0.0024273246717673525,-0.0037287809493152715,-0.011831696727366415,0.0006756309008424706,-0.0030180755878866415,-0.0075841558916907095,0.0012312757420950295,-0.0031069980376650496
2023-03-13,0.020013850362381815,0.0036733865553221106,0.020013850362381815,-0.0007941119039844276,0.020013850362381815,0.010268488411380235,-0.011221195242311174,0.014809364175197839,0.02007970059840583,0.006747293505783052,0.008833722807565062,0.027618798217650304
2023-03-14,0.0030843024079082407,0.0063313024710491776,0.0030843024079082416,0.006729229076280594,0.0030843024079082416,0.006062847465471379,0.007188470054494084,0.00026712290707541354,0.003685160609860745,0.006892110296879219,0.0009707684778147126,-0.007308111502407415
2023-03-15,-0.013190525882010357,-0.025206483193384283,-0.013190525882010359,-0.029530000592735486,-0.013190525882010359,-0.015016675366538345,-0.03312094528793738,-0.011555211288464524,-0.0143916808739766,-0.016278677441906086,-0.004911582210170495,-0.0356723808940365
2023-03-16,0.009664603488881299,0.010977425144553727,0.009664603488881297,0.011300637497543984,0.009664603488881297,0.011974309536234476,0.00994564079903423,0.007149353476152813,0.010042231423950918,0.012135696656946224,0.003960751360624749,0.02921239730778375
2023-03-17,0.003872540652020847,-0.005166599285702215,0.0038725406520208464,-0.008042549167939898,0.0038725406520208464,0.0005891612360190481,-0.01536228254992959,0.0012915528625744308,0.004311773072740044,-0.0035069060189923127,0.0012870758238685302,-0.010600989207200855
2023-03-20,0.0016789345599045702,0.010277491240219932,0.00167893455990457,0.012906199349918959,0.00167893455990457,0.0067719599868180744,0.01743581313456612,0.002318719992356489,0.0023119523458247915,0.006756202339811629,0.0031050176780853013,-0.002991037774860172
2023-03-21,0.01611366464520484,0.01597846741523143,0.01611366464520484,0.01667257583006803,0.01611366464520484,0.007928914864901312,0.017802817901156717,0.010227919703135746,0.018315310109426396,0.011443035361065855,0.004383490116306076,0.021261969026365606
2023-03-22,-0.01131852897873344,-0.010140485374907504,-0.01131852897873344,-0.010030073437321173,-0.01131852897873344,-0.005077038750107717,-0.014265799452291499,-0.005214763887143861,-0.012601117928821522,-0.009318935935331703,-0.002089985770152347,-0.02262109277147296
2023-03-23,0.0067545756173036705,0.0011255576625627314,0.00675457561730367,-0.0006865157227690804,0.00675457561730367,0.0042079398674754985,-0.005636367702221762,0.00411932174271651,0.007126067065857866,0.00530084821816409,0.003187375212274933,-0.0025983971064164548
2023-03-24,-0.0023000493748006907,-0.0011644714943964938,-0.0023000493748006902,-0.0008348870760822027,-0.0023000493748006902,-0.0009661658277697579,0.0043287700633328355,-0.0008584706690596699,-0.002897262626941101,-0.0004281970873656005,0.0008316438259153191,-0.0020780475628449785
2023-03-27,0.0005080037669238787,0.006836122766754118,0.0005080037669238785,0.00920188171410769,0.0005080037669238785,0.0013213252757343765,0.015266320204055989,-0.00020292322427950847,0.0020946542182424706,0.001968030113020814,-0.0011983210984225887,0.0028430562828486265
2023-03-28,0.00703662237896388,0.00576195893428986,0.007036622378963882,0.005445414558245116,0.007036622378963882,0.004706060472880243,0.0065526198714556776,0.0038387033939491773,0.007666533331799777,0.005382192482204463,0.002390290524995572,0.0034197009889317493
2023-03-29,0.010603012260824149,0.010991634514633222,0.010603012260824149,0.011143726794938802,0.010603012260824149,0.0076442072940191294,0.011445423096817776,0.007299480612227254,0.011601076728042937,0.009872072977940821,0.00552102860892357,0.003306545917540018
2023-03-30,0.004888855861832853,0.006984961474603547,0.004888855861832853,0.007677998497351491,0.004888855861832853,0.008064478131255399,0.006628549375369719,0.005471433615200333,0.004570986030883945,0.007168497334674643,0.004891208873922976,0.004793626909118058
2023-03-31,0.010308937368651357,0.008335387226829413,0.010308937368651355,0.00800612492012818,0.010308937368651355,0.006788150467824504,0.010619034002511452,0.009090411910465439,0.01027295248338982,0.007952031721946414,0.006690693682538024,0.011765075994375707
2023-04-03,-0.002381239119154708,0.008153299765725219,-0.002381239119154708,0.01178916637138948,-0.002381239119154708,0.00193565356782137,0.019447861584381644,0.000601843192556308,-0.0028649523705263085,0.001266619603989241,0.0020541854105648235,0.014022503034643002
2023-04-04,0.0028058147541615793,-0.0031725733583102956,0.002805814754161579,-0.004888624475203125,0.002805814754161579,0.0002733476243937088,-0.012670605243299445,0.002950610271980938,0.0024546692940918763,0.0003003609736970055,0.0017389298391394066,-0.004743390330444994
2023-04-05,0.000846717502093635,-0.0004928353711187339,0.0008467175020936352,-0.0005526221133540231,0.0008467175020936352,-0.003067324003931221,-6.490302606598346e-05,0.0006442018912784885,0.0007513283132580136,-0.0016034180936486766,0.000539310992339732,0.010174247417208198
2023-04-06,-0.0008968464635816244,-0.0013499203019518543,-0.0008968464635816247,-0.0015421517150737258,-0.0008968464635816247,0.001478903066025311,-0.0031905916124051587,-0.0005360793537630269,-0.0009945647292933409,0.0020460468479594884,0.0010503478565166903,-0.011298196233014614
2023-04-07,0.0003394427477429768,0.0001387638412303918,0.0003394427477429767,8.728653396696273e-05,0.0003394427477429767,-0.0002982553463352481,0.0,0.00018850136206790077,0.0005097953127410265,9.602019730708581e-05,6.0324654365245976e-05,-0.0015735559989615631
2023-04-10,0.004629684463269969,0.0033184697683450756,0.004629684463269968,0.002991015490911652,0.004629684463269968,0.002790248308286397,0.0042874336805889856,0.001935516674420434,0.005273353347574443,0.0027383613098432586,-0.0008512972884504779,0.015306768239450323
2023-04-11,0.004895308077317068,0.005778277998633578,0.00489530807731707,0.006192065858854863,0.00489530807731707,0.0048730482681438436,0.007737892176133003,0.005152032974216547,0.005035396129163975,0.004328759673055847,0.003220659792425188,0.01544444847226848
2023-04-12,-0.0007972578430108649,0.0023526571314637806,-0.0007972578430108652,0.0033670877985672266,-0.0007972578430108652,0.0003520601865614969,0.0034484994092350302,0.00031298729734397093,-0.0008754837971804535,-0.0004994074121968688,0.000615717682287482,-0.005717446440621352
2023-04-13,0.010074941552162289,0.01004404494190756,0.010074941552162289,0.009969844684035382,0.010074941552162289,0.012482298156730031,0.005692697044981095,0.007902767962987015,0.01007562288954528,0.010921099664806503,0.006101705767346493,0.0007020308551801231
2023-04-14,-0.0003170196607324956,-0.0018074940171455213,-0.00031701966073249496,-0.0018694744808684526,-0.00031701966073249496,-0.0029958058419076237,-0.001619512648385312,-0.0017796094456179593,-0.00012758240908148795,-0.0033545423186330057,-0.003551778776103367,0.010364825264791214
2023-04-17,0.0002669349076697134,-0.001412284435909735,0.00026693490766971557,-0.0022052586861667695,0.00026693490766971557,0.0020717656328068466,-0.0016445623830934437,5.023160464956769e-05,-0.00047639294530981194,0.00188174944563995,-0.00041704465254460417,0.010716964516765574
2023-04-18,0.006637689742497514,0.006040359187431905,0.006637689742497513,0.0060447571161703195,0.006637689742497513,0.005596585980738294,0.0039050102222958237,0.005836147874419801,0.007253338471264056,0.0034494865147335738,0.00300675576570411,0.007552081871375365
2023-04-19,-0.014125334776201839,-0.0075323663237388296,-0.014125334776201839,-0.005899403057301936,-0.014125334776201839,-0.00769206492192343,-0.0038463862738593218,-0.010028145991917188,-0.01479937007226435,-0.008628996863969495,-0.00530950111319378,-0.030358952546946382
2023-04-20,-0.005069654101802091,-0.003964880242620857,-0.005069654101802091,-0.004135603116058932,-0.005069654101802091,-0.0026550976136982796,-0.005009568525133247,-0.002981141037615464,-0.005449184294014895,-0.003076409584169171,-0.0009519877377307881,-0.012299568365838141
2023-04-21,-0.0055760068456518486,-0.0021740952850506676,-0.005576006845651847,-0.0010667918170304829,-0.005576006845651847,-0.002549608482257601,-0.0009177091860882176,-0.003074566090391028,-0.0061948419534777425,-0.0027297812385387093,-0.00180985031992595,0.0032053748919772993
2023-04-24,0.0037887262278867425,0.0044577766757446305,0.003788726227886743,0.004678163804043455,0.003788726227886743,0.0015505583029002752,0.007892200283250418,0.003382348787750942,0.004178854870437461,0.0026136612609327717,0.0027088511463638195,0.020109804528725576
2023-04-25,-0.003928115288335806,-0.010991505810610732,-0.003928115288335808,-0.01317931293524981,-0.003928115288335808,-0.008698992002060781,-0.017297448290034018,-0.0045168621139758955,-0.003948389365950957,-0.008833830296044865,-0.002675893729467369,-0.008081458817343673
2023-04-26,-0.005333595994998748,-0.007025943189983026,-0.005333595994998748,-0.007724464683699644,-0.005333595994998748,-0.0033221794496032034,-0.01381996587137362,-0.005842620071908623,-0.0054919686520921935,-0.002120013846638783,-0.004058876245979489,-0.02230410109527626
2023-04-27,0.009677429294573959,0.009810046395965295,0.009677429294573957,0.00958781580708411,0.009677429294573957,0.009657217772476422,0.011467926565321323,0.006903468238890878,0.010091510540367523,0.01216308522404582,0.004860041829830877,0.004935940294330555
2023-04-28,0.004869054871511385,0.005979131335966646,0.004869054871511385,0.006608312602955253,0.004869054871511385,0.0027671564917936074,0.011227727099457706,0.005302417637833581,0.005120637614887661,0.0043927156044263616,0.004303817956185316,0.006427691138475605
2023-05-01,-0.009645346143390469,-0.005776081961138823,-0.009645346143390469,-0.005147645089550482,-0.009645346143390469,-0.004796985519404581,-0.002794852345632191,-0.00881055272568423,-0.00990943831258083,-0.0046177946658673575,-0.006220539733574483,-0.007977338637547866
2023-05-02,-0.004154379634165901,-0.011709258988353372,-0.004154379634165902,-0.014773657152719565,-0.004154379634165902,-0.005135434076771924,-0.021520570589835426,-0.0030970317640567077,-0.0043874910475332676,-0.007382475193836217,-0.001205424127622276,-0.03572086197357197
2023-05-03,-0.0016665351537726804,-0.004371048359266189,-0.0016665351537726802,-0.005948741524431751,-0.0016665351537726802,-0.0016019268966873555,-0.01171685438538883,-0.0020859024686973966,-0.0016897005956750472,-0.0012026378671068367,-0.00012603382845343411,-0.014477956292140083
2023-05-04,-0.0010092507230636623,-0.0034512305859698516,-0.0010092507230636623,-0.004210266427265428,-0.0010092507230636623,-0.0002243265626917432,-0.006848234941680988,-0.000556425599538907,-0.0013451021970719275,0.001258551618873529,0.00024351955729881656,-0.006802720569350998
2023-05-05,0.011808938754289237,0.014464716707945437,0.011808938754289237,0.015895638100534203,0.011808938754289237,0.01223366114980855,0.019560065980648165,0.008871457622570779,0.012203077120740358,0.01267578027731541,0.006088051477321409,0.02135144109123837
2023-05-08,-0.010416382501087437,-0.004052088385922588,-0.010416382501087434,-0.002126571618506614,-0.010416382501087434,-0.004295531190935864,-5.684086162771563e-05,-0.005394947070623723,-0.01138711144465664,-0.005303520445955772,-0.004506011751063926,-0.001067934462201249
2023-05-09,-0.0011919209713678609,-0.0010849345781878087,-0.001191920971367861,-0.0008695791965482079,-0.001191920971367861,-0.0006345108772581912,-0.0013698177043953087,-0.00019371493244066688,-0.0012686390820452152,-0.003245882761309409,-0.0011119117116770568,0.003178043719957834
2023-05-10,0.001341666862423491,-0.0017735127657127587,0.001341666862423491,-0.002686622568606681,0.001341666862423491,-0.0003871069886536214,-0.004571043201146261,0.0007728244318001332,0.0011189822698761192,0.0011392357606823814,0.0022589598401424964,-0.006779225327929706
2023-05-11,-0.00893306454000993,-0.008489412638688925,-0.008933064540009928,-0.008877458043457152,-0.008933064540009928,-0.008980719874093691,-0.007784868356292236,-0.008349437656824249,-0.009103224830092639,-0.005820134546863417,-0.004588174249665755,-0.01504925544358576
2023-05-12,-0.00186905572049001,-0.0018289518300146025,-0.0018690557204900098,-0.002158646764054875,-0.0018690557204900098,-0.0032862862313190527,-0.0007148714643213671,-0.0029150655583277257,-0.0016316375291982551,-0.0031279375265561896,-0.0030921637741253985,0.0015911313403591826
2023-05-15,0.0053207725135194645,0.006048299070412857,0.005320772513519465,0.006373818122062178,0.005320772513519465,0.007643725801067295,0.005891675086058161,0.005134461466902193,0.0053512099130668764,0.007778394094959022,0.0030595253029558544,0.016362806270637884
2023-05-16,-0.007765931445347818,-0.011572612339752767,-0.007765931445347818,-0.012712410595250684,-0.007765931445347818,-0.00931611777627232,-0.015044635591209653,-0.007860264833295851,-0.007641664469583084,-0.00930099173547104,-0.006929462147559249,-0.011922972511275465
2023-05-17,0.006478839388827231,0.009007899764994092,0.0064788393888272275,0.010246130936185965,0.0064788393888272275,0.005681861609972786,0.013426958342212306,0.005494568295518913,0.006806078641968961,0.0048966824700114025,0.003088736703658714,0.015378991798410615
2023-05-18,-0.0021474326769379427,-0.0005517613047845594,-0.0021474326769379422,-0.0001534080986791682,-0.0021474326769379422,-0.0026852955648085375,0.0029096281911952992,-0.002417136830967996,-0.0018266484813573905,-0.003283612057267683,-0.0032908381871970954,0.005855569907337996
2023-05-19,0.0015034304944111154,0.0035674286197641607,0.0015034304944111154,0.0041486904290018185,0.0015034304944111154,0.0031290990124671417,0.002505251715297728,0.0017350286841181896,0.0017892221192514204,0.0017625023055387744,0.0009045910749448136,0.0008609383988828454
2023-05-22,-0.001621356620062877,-0.0018551401065266162,-0.0016213566200628774,-0.0019657868125895735,-0.0016213566200628774,-0.0009064216720828295,-0.0037856112685127246,-0.0024810756067417724,-0.0017665033967685282,0.001723249646577625,-0.0005392972601638467,-0.009358982150944412
2023-05-23,-0.003965149182636446,-0.0057822601204137345,-0.003965149182636448,-0.005876918095489646,-0.003965149182636448,-0.0074301002699117625,-0.0045476863213235914,-0.004311256298553327,-0.0038836723258678487,-0.008282359943736236,-0.003653076887909012,0.007993958218331682
2023-05-24,-0.010884235961917763,-0.00993741088153758,-0.010884235961917763,-0.009429177230728555,-0.010884235961917763,-0.011513726885870355,-0.005770711227530929,-0.009027928788450552,-0.011247212710927624,-0.010655687047961188,-0.007404385258756727,1.88615639335212e-05
2023-05-25,-0.004215819756844927,-0.005079012366444114,-0.004215819756844927,-0.005655113609347919,-0.004215819756844927,-0.0027751355976447256,-0.00754501208468371,-0.0051520270454372494,-0.004072389353769287,-0.0025266557361046907,-0.003549603527493268,-0.01808718274561679
2023-05-26,0.00922500551322958,0.007041046038538941,0.00922500551322958,0.006349886305387271,0.00922500551322958,0.009811832904185889,0.004618428969816004,0.007927738672063131,0.009354477895194552,0.010169024573598456,0.006112471565177814,0.002260586833888501
2023-05-29,0.005856176209077552,0.002395102945917717,0.0058561762090775515,0.0015097263881563463,0.0058561762090775515,0.0019643879472649875,0.0,0.0032519861791724114,0.0064713230934820235,0.002821216430177937,0.0015494016702754221,0.0046245018770262585
2023-05-30,-0.0014657195199448477,-0.005118933437428183,-0.0014657195199448488,-0.006489925172232162,-0.0014657195199448488,-0.0037981680293056918,-0.010031960818756971,-0.0024607446116574564,-0.0010638785934028103,-0.004985422636768835,-0.00046866156629938823,-0.018708756433654918
2023-05-31,-0.004941850492488327,-0.009075663692784088,-0.004941850492488328,-0.010614092318517529,-0.004941850492488328,-0.006203845339465551,-0.013186948236901492,-0.004053385140890012,-0.00543974383799015,-0.005461429477912286,-0.0019511554545969837,-0.017966627913184603
2023-06-01,0.00458659118401941,0.002717125461085734,0.002951975906678561,-0.0032465722208929533,-0.0035904397031066675,0.0042390679796711645,0.001998122210589031,0.005296683908527884,0.0039623356629483715,-0.0016869213042456882,0.005943018772801207,-0.01393556970590348
2023-06-02,0.012225966199387234,0.011647607129375653,0.013165835364928088,0.016243624190544727,0.01728693967504634,0.0024702689583344533,0.011916904267147197,0.009938843011720669,0.01282078888400625,0.01702821421556522,0.007487311532191924,0.020944829977481476
2023-06-05,-0.008020883968647792,-0.014125194613961934,-0.017560538264794496,-0.02709007289601481,-0.030464905502689987,-0.004047968121858034,-0.01609575711029546,-0.003914200375579638,-0.009397280141520761,-0.030401448132811565,-0.003791734994566651,-0.058007764194921645
2023-06-06,0.008070434734115355,0.01197738686716308,0.011941821263348106,0.02212269601922148,0.021726580372426176,0.004498837321685651,0.011058810673534591,0.006016958779198495,0.008907897922154372,0.017997811605886288,0.004861781206231141,0.038638153026150375
2023-06-07,-0.006576033617820921,-0.01237526140330734,-0.015156318003680627,-0.019679710766556877,-0.022725762784907805,-0.007734916159309567,-0.01412536451429277,-0.00416289609949862,-0.00784878558895369,-0.024414262601553743,-0.004642361163075043,-0.038890913364535276
2023-06-08,0.005453597790649871,0.007946650486184823,0.00933615698276973,0.00885574797427702,0.00950853316261295,0.00713503372918908,0.008826139582754066,0.005502429508301371,0.005680580133186267,0.006649394134544812,0.005707819055494913,0.00839721489285933
2023-06-09,-0.003764603367412774,-0.0005341438195178116,0.0018411119565641208,0.002207916376065894,0.004460115785849525,-0.0018586768435216053,0.0014902969849960562,-0.003397724761454774,-0.003958431480502808,-0.005493283513547662,-0.001955366110892743,0.004418528614968193
2023-06-12,-0.006725639978308544,-0.008085173806946058,-0.009806128798922212,-0.018833107588601197,-0.023551364578500638,-0.000539576920918936,-0.00878157321428492,-0.003958798521225722,-0.007255256152990167,-0.02415703096347348,-0.001289319022150641,-0.050363946236111214
2023-06-13,0.005406867931820039,0.0044422113997377504,0.005863952454381436,0.0036400680792154916,0.004564843333109486,0.0003650168264052679,0.0050994129465502325,0.00490747498062427,0.005199089134322333,0.007807844483129047,0.0028342570550817844,0.008130922668308185
2023-06-14,-0.003815101636541211,-0.008508791404420044,-0.011207660225611983,-0.0227583435904716,-0.027369534472931396,-0.0004888206675231208,-0.010158802055424767,-0.0012085686979393983,-0.005094850659314167,-0.017069732510721157,-0.0004274313008059392,-0.04729182539172255
2023-06-15,0.011273857555028615,0.009466013313194471,0.008306026676779339,0.008721252076646174,0.006763726446950153,0.007200186026330088,0.008156008942296004,0.011819029974783452,0.01110755066025871,0.00711180478142393,0.008491302274934298,0.0057576366363793485
2023-06-16,0.0019454413815946326,0.0024386079780834733,0.0016761153469622377,0.006543171066463538,0.005048103916532176,-0.0003188231815405623,0.0013262873049202694,0.0015526826645236662,0.002168448790325895,0.005838235322430505,7.888334439343198e-05,0.01578560932974917
2023-06-19,0.0020277630214949028,0.0043883788499871354,0.005486526814318951,0.010361052019455481,0.012116138703523682,0.0008060908460278951,0.004987040708199191,0.0011057726086178402,0.0024693762292573706,0.007314613072355416,0.0007531997921347284,0.021468622793686346
2023-06-20,-0.00619890355162637,-0.001378115909663225,-0.0014984833756172965,0.007076621368971791,0.005613469709248026,-0.0019754766363692523,-0.0012991781290360408,-0.007409213088893829,-0.005067435215364282,0.0049190110144008686,-0.004620426558655767,0.026739287307760526
2023-06-21,0.005554039064409667,0.007181558228143351,0.005489752033618929,0.017130292395150112,0.014552551133708437,0.0014904085833133698,0.004982541117967433,0.0036103419182388448,0.006481472551199066,0.016984589065000666,0.001944078879515919,0.03609293553670401
2023-06-22,-0.0065636269426389005,-0.0055777433435211556,-0.00511014196368829,-0.00700144733335949,-0.008185768525968324,-0.004917792779310513,-0.005027527848264364,-0.006578534958840239,-0.006144358817007703,-0.00822494637917487,-0.005063157888316847,-0.01351382346159992
2023-06-23,-0.00286808954647741,-0.0020224672702360644,-0.0036475403712282212,0.002705539107030569,0.0017101935322473391,-0.0026895769861977137,-0.003192786063543764,-0.0031138001955581893,-0.002496746750508809,0.0006339698864666649,-0.0046223794849452856,0.014264307153853375
2023-06-26,5.8363600023647925e-05,-0.004365174080500257,-0.006954849549407206,-0.011340522858694479,-0.014429828912008613,-0.00029758507044830285,-0.006257473175098533,0.0017375288273893848,-0.0010843582081597682,-0.010709783985612096,0.0010653606619824057,-0.024190934502897554
2023-06-27,0.0043171286377035175,0.007577509382121572,0.009591706451944487,0.01027189867447412,0.010921874414969994,0.0021130204961436194,0.00867382183904199,0.00275884461941508,0.005024135801602171,0.009158972581264404,0.0032004773340487585,0.01173947726013943
2023-06-28,-0.0067122772166097406,-0.007814354342167425,-0.008296037472392439,-0.015652331495588444,-0.017620792942133135,-0.0006806340939056613,-0.00735308683978811,-0.0051414520170016175,-0.007512216191835626,-0.015610674875187443,-0.0020142854564813356,-0.029477152203518105
2023-06-29,0.0014602698245955504,0.002601002436096727,0.003814295534148619,0.00707892956639796,0.008046777695450317,-0.003243066436537736,0.0031991295876934783,0.00018039292341766658,0.0019743044677319956,0.005845606884064463,-0.0012416326457040357,0.014179682330214612
2023-06-30,0.010837969308539707,0.011904870460215669,0.01344942304162242,0.014167802155187093,0.015580196900373357,0.006906405227355477,0.012574083396290014,0.010211919201569358,0.011233300464253144,0.014472826954195552,0.00777715067679822,0.017520941669042736
2023-07-03,0.004927182992411738,0.006121127682291316,0.0063620757986405565,0.01168597080017602,0.01278000273798814,0.0015400889177651735,0.005695872233295926,0.0032114496490275005,0.005493971754506287,0.012597585473976054,0.0028442533814967965,0.02242920335768004
2023-07-04,-0.0013098304667299296,-0.002288761557808651,-0.0025023365935669477,-0.004637315561093602,-0.0047894500632634455,-0.0005542836137660747,-0.0022783038127495315,-0.0007187413557716901,-0.0015493423230706913,-0.004843366285192154,-0.0005021889932592943,-0.010133362316037767
2023-07-05,-0.004903147815817097,-0.006539435660091644,-0.007383118486987023,-0.009164433637366982,-0.010101624290981201,-0.004403216481080758,-0.00703192670073789,-0.0039757063328577195,-0.005322796622799636,-0.009210047682425677,-0.003817059920966216,-0.013648308954307478
2023-07-06,-0.012123060770893056,-0.013860923091288845,-0.014963166046655655,-0.0188831272467056,-0.02038877268240446,-0.008296926110932332,-0.014147362935141315,-0.010634528675337956,-0.012559356748252575,-0.01815758935484845,-0.009186782567335761,-0.02741945845259489
2023-07-07,0.0038762518331138295,0.005039722720474931,0.004494074346925539,0.0076969859135265365,0.007521368689247514,0.0022735883431328208,0.004107069838736534,0.0027247044119630354,0.004113046925333904,0.008755286358364816,0.0023137255532471026,0.012865620738489326
2023-07-10,0.005639339888078765,0.006105800864563483,0.007847104039003662,0.008160914005630363,0.010975283107561799,0.004071135612394854,0.007449658817405832,0.00522041587872792,0.005704752292306452,0.00846349398781155,0.0036113261834299017,0.015468932408954117
2023-07-11,0.007491361921799073,0.005660320224840465,0.004774883471296484,0.0042358011557906425,0.0030332247805147927,0.004234577949719324,0.004646158529882564,0.007264988109777151,0.007366517669784264,0.007024264740315726,0.00556365576274675,0.0029447158634669395
2023-07-12,0.007843156015463586,0.007338377436743596,0.006720183896861221,0.0027591389986381084,0.0016364420188721242,0.008000811739538784,0.006700057916487966,0.008643494146100024,0.007495276063286314,0.0028638421425402133,0.008565781112327656,-0.00917564086288462
2023-07-13,0.033198087008233096,0.05598439127709111,0.07471606935222852,0.12412055400360886,0.163796410966124,0.016507534650357036,0.06845736425332159,0.02171575149032659,0.039799608620439915,0.08919950675280376,0.015797324626821742,0.21395618483903503
2023-07-14,-0.013124658739609937,-0.019115654351219074,-0.021759875830339077,-0.03765049674654551,-0.04426293017372479,-0.006308564609429082,-0.0203494601207729,-0.00882049495546432,-0.015098664831235533,-0.03136086805059168,-0.006366554830643976,-0.06268539725601906
2023-07-17,-0.0020320488424933917,0.0006963222727455168,0.0027402100664658696,0.0022346727748294923,0.0046600941627010966,0.0006874634973611192,0.0026951342528917623,-0.0016892559255921838,-0.001981173890274423,-0.004270514869286258,-0.0008060289313646511,0.0010454318568018039
2023-07-18,0.004297262376107948,0.006608111814298413,0.009028895402084326,0.010498457293611041,0.01427074188518628,0.0037877260132248873,0.008462784422810546,0.004709621031982608,0.004604001351339693,0.002634035472675075,0.002907623457205015,0.010686370418718545
2023-07-19,0.005757653231946713,0.005828708802095043,0.006765104172623755,0.01139238107444894,0.01445813884703935,0.003290217338240982,0.006446883999229094,0.004357067772871927,0.006398459224956542,0.010992174698319325,0.0038596029393444713,0.01818230040229908
2023-07-20,-0.0031058599119237053,-0.007729328103024468,-0.009114272287098745,-0.01104739773759779,-0.013090337783619193,-0.005886787098148391,-0.008578651391405004,-0.0025473679522274714,-0.004071181971009633,-0.0068684512210922324,-0.0029679097663507124,-0.011116304879992446
2023-07-21,0.00017372752376770264,-0.0014503764424217713,-0.002553100240936943,-0.004745068834079548,-0.006849622764836534,-0.0004421319720322325,-0.0023144690086213753,0.0005913782697435481,-0.00017864630192990076,-0.0027276990921873447,0.0006294485311606739,-0.007527562919409528
2023-07-24,-0.002667129622089736,-0.010238792915520458,-0.014822124149853988,-0.025080689727836086,-0.031785822807575734,-0.0020354971441489834,-0.013544842284282984,-0.0004971575967899922,-0.004179458279551465,-0.016097797721129257,5.524442012366402e-05,-0.04547567299627387
2023-07-25,0.003200399844780463,0.003665942226212077,0.003674028447048599,0.004598127956416405,0.004841542498249087,0.000812719575606698,0.0032041215052691216,0.0032305025683150917,0.0032289795083291963,0.0024053797530502324,0.0017618373960306816,0.0036910166114975957
2023-07-26,0.0021496087602670202,0.002100918820491674,0.0022491722945116536,0.0035077848947065943,0.003982881112356574,0.0022435558834470637,0.0023357295090397183,0.0015530484611666739,0.0021687235525986053,0.00490447388490508,0.0021737133439324098,0.006677359337685112
2023-07-27,-0.010121154596632254,-0.007893157113390394,-0.006616913206705258,-0.006432254179876367,-0.005582356039652527,-0.008086841070843035,-0.006732241391994383,-0.010899231371692587,-0.009770813439611226,-0.005448384520447011,-0.008777785960181939,-0.002536278161455626
2023-07-28,0.007670135101943972,0.007338378183797,0.007157862046183549,0.006264607791706624,0.00559198595498272,0.0047310933973627525,0.006833053906902365,0.007219273611599435,0.007684929789695131,0.007155670008299898,0.006117905293575084,0.003404897934013147
2023-07-31,0.0025316014744075493,3.4499516256434096e-05,-0.001895009564057909,-0.003983426582976934,-0.005928290354223013,0.0013405074416636118,-0.0015891327109260663,0.003207338395439863,0.0020452727164914975,-0.0026232206053844113,0.0019560601214092654,-0.010164504398754841
2023-08-01,-0.006147421901744193,-0.0027715248899615698,-0.0009845768564213301,0.0030090767295655055,0.00473224843292631,-0.0052168670228526955,-0.0012933082885210263,-0.007465363528408167,-0.005551054778703194,0.0009568708210988665,-0.006098395869342062,0.014835774261669647
2023-08-02,-0.01402329991051967,-0.01609797982548062,-0.017462665292162886,-0.019970941623447015,-0.02138666726860172,-0.00890397094286002,-0.016231889103520816,-0.012877122002712278,-0.014593082909636044,-0.01942438060150364,-0.009530666104203556,-0.023950929434519253
2023-08-03,-0.002444354740477234,-0.004074768936736907,-0.005747997053512978,-0.006930019329943698,-0.009425799103066073,-0.004806479933992641,-0.005591721356063488,-0.0022592148788502715,-0.0028405360028306635,-0.004933998973926441,-0.0034114750784312153,-0.00961101282949446
2023-08-04,-0.0006542176587022799,-0.0029909075952444,-0.0053570779770012265,-0.008979451601590971,-0.01200729973157819,0.004335217885666135,-0.004432287962688207,0.0007371116881686083,-0.0011017158785495108,-0.004171415980834475,0.0013525779901560515,-0.014979973287682751
2023-08-07,0.0034012143408479025,0.0017829056591590936,0.00167159973736157,-0.0013984941488635132,-0.003010914337567943,0.0007778123657684461,0.0016296693486294476,0.00398367568348758,0.0031337989637402093,-2.017406227820988e-05,0.002260277689493106,-0.005360094409002658
2023-08-08,-0.0007069467350120894,0.0013934281489371035,0.001923216375002769,0.008538683001147181,0.009975317609570874,-0.0008731008226565269,0.0018273392090395683,-0.0018849223867822592,-3.560840181393533e-05,0.005809417922687325,-0.0019828185505654616,0.02164811716944296
2023-08-09,0.001619496460225495,-0.001550449103305861,-0.0030824003761683563,-0.002234974138518975,-0.0028497298813632307,-0.0012843165894105561,-0.002881713103026596,0.0018596069319409434,0.001331308214675394,-0.00019393511706117413,-0.0003552166291211292,-0.002555672940274462
2023-08-10,-0.0043240446431973036,-0.002893820487157901,-0.0017379764449294245,-0.004790129539535172,-0.004831597047300381,-0.002079178805289633,-0.0019125349981751211,-0.004586106972260962,-0.0043380277167294114,-0.004286901225966963,-0.0021335433192044935,-0.008598470309028997
2023-08-11,-0.0026141411426197046,-0.0032020210540352266,-0.003174354372695918,-0.0030634187538895736,-0.003037444723818402,-0.0027122373003441677,-0.0030693119009839627,-0.002328347660044556,-0.0027347695252598857,-0.004773793964332496,-0.002437248333938023,-0.002626201560551584
2023-08-14,-0.002373962950565688,-0.00015570138147871695,0.0010831921872781964,0.0010094789447893048,0.001796127367747785,-0.0016091904218429002,0.0009034799431344481,-0.002380175093079765,-0.0021070013152733186,-0.0026011374773655615,-0.0022896499341071943,0.0014567670890744365
2023-08-15,-0.012621923020369165,-0.01210255740982086,-0.012710313743319771,-0.015373229904097827,-0.017114149224389943,-0.006117998857211246,-0.01197691334669565,-0.011760703418094372,-0.012933827731902152,-0.014412713758416597,-0.008325707099489817,-0.01904620898486085
2023-08-16,-0.008740730418162274,-0.010224346992192093,-0.01107072489910278,-0.014765190944472841,-0.016292935653863694,-0.004461059976359107,-0.010292269351508204,-0.007619548963348627,-0.009232552700583289,-0.012971809009299546,-0.005382477206887866,-0.02136024311339072
2023-08-17,-0.011685407598469644,-0.02313377074114101,-0.029448254491409896,-0.04796810384015944,-0.05586961573199377,-0.006322916613662659,-0.026925079571468197,-0.00702748440833148,-0.014327893531464346,-0.03715229916094945,-0.005867962299493504,-0.08684659112625523
2023-08-18,0.0003032465145353824,-0.0017036822377812276,-0.00180268306657749,-0.005342910075836326,-0.00459287096580295,0.0016510552862131047,-0.0014789144239215875,0.0010141325981735756,0.00011748707190964859,-0.0031096779557648288,0.0011691888736180109,-0.012686723381900722
2023-08-21,0.0005424103427782702,0.004476872465473406,0.0068389933013796676,0.008220571804135365,0.010151879871438962,0.0002031784478421008,0.005883529927592289,0.00035626311505625315,0.0011981866039669849,0.001561890027957018,-0.0004919058307741849,0.006782806298484478
2023-08-22,-0.001966205257728998,-0.0024484579559348077,-0.0029376518915989504,-0.004765199034410644,-0.00510719915094295,-0.00017152485297334034,-0.0027094833725404147,-0.0013778038924783568,-0.002243612473465331,-0.0040807236474624895,-0.0006364874880420127,-0.007759560259647632
2023-08-23,0.011028944465480969,0.013357285825577821,0.014748588484079185,0.016555555388782422,0.017843218859172602,0.010935625347291963,0.014152216641316953,0.010174048863645613,0.01142323389359523,0.016910265278221745,0.010181359905942777,0.021119739944073443
2023-08-24,-0.005747545768030802,-0.009259429143835667,-0.011882372506819422,-0.011431097458745794,-0.012555478337460554,-0.005332214426451194,-0.011012115721136756,-0.005239936093647924,-0.006354255408104735,-0.007377269037957372,-0.005500700329917446,-0.009756681103312372
2023-08-25,0.004029988018262294,0.004415799663855302,0.005800505907897284,0.004304812882062334,0.005581051213675503,0.0023065242818886174,0.005308348779855805,0.0043127250036030336,0.004004919827848215,0.0013314757307466385,0.0029888380956947596,0.00172904534896316
2023-08-28,0.005720643297534012,0.0049529169295652615,0.004841382798654983,0.0029517747758033815,0.002446098722412962,0.004319286163365953,0.004620003625106857,0.005443301487561792,0.0057052115169912935,0.005727291861632001,0.004914030179528562,-0.0007394572180016324
2023-08-29,0.014053604833240972,0.014242775165326033,0.014139588074762777,0.021326764747612623,0.020884821565558737,0.008561456448091117,0.013823738956797968,0.012081613375166644,0.014937121213478127,0.023975358928556605,0.009592391317486225,0.028806142890404014
2023-08-30,-0.0009126651858461844,-0.0006751832251001973,-0.000634047176803359,-0.0049816927847329395,-0.005216111110662777,0.0002688155501265481,-0.0005477641357044713,0.0005065931130675941,-0.0011938829297568417,-0.007313520660336355,-0.00015153220303644894,-0.01131350928976093
2023-08-31,-0.007526983509892234,-0.006481044098334217,-0.006259080906514228,-0.013566814838623846,-0.013635438038663522,-0.0027619790173390485,-0.005950489464456796,-0.005114200864839869,-0.00811897188333353,-0.01980907973626066,-0.0030915069300814658,-0.024920044217406283
2023-09-01,-0.00024608212295503516,0.00017296617423379198,0.0013353913180266918,-0.004322431551191339,-0.0030664096308273847,0.0030078026939135616,0.0010892509154837556,-0.00031413967868397464,-0.0005074631220318248,-0.0037199939203458564,-0.00016126775286191722,-0.00695622263732194
2023-09-04,0.0008493716739943609,0.0007510996686657327,0.0006209658618164735,0.0036939462651723945,0.0035513089162557167,0.00010923660002527116,0.0005824494051481306,0.00046630544329715194,0.0009807505841257556,0.002157554344775277,0.00015276989669066,0.006987651029580877
2023-09-05,-0.008005111051378746,-0.006781951644241269,-0.007996431081154,-0.006419035181468341,-0.007655132559121546,-0.004860314699263329,-0.00774164145621912,-0.008784142322118337,-0.007637628838543362,-0.004265102876593416,-0.0062524006404288054,-0.0002782985904646756
2023-09-06,-0.0032370107821156,-0.004297551715446679,-0.005158445843186898,-0.004950779743098282,-0.0052381731282760795,-0.0030573119374812507,-0.005000676325895703,-0.0036523175228901864,-0.0033419174912829425,-0.001612360361824705,-0.002659794364778101,-0.0003832499241128096
2023-09-07,0.0006960292306580087,-0.0008484216106764593,-0.003071067405493908,0.00012805067806436016,-0.0010765351391823594,-0.0004368199907416058,-0.0027328853887005873,0.0006901339294500065,0.0008702083769731345,0.004418288567907567,0.0008172286350857798,0.004879728956541738
2023-09-08,-0.001148219453726805,-0.0008590146830857628,-0.001721714523157153,-0.0013586430864638505,-0.0022229770563585646,0.00033535273825635755,-0.0015621350552888396,-0.0007943401020087245,-0.0011823076923709271,-0.0045432341559527465,-0.00016662201231100037,-0.0019059815789920804
2023-09-11,-0.0019081799720775802,0.0006020464175216635,0.002346365410711168,-0.010401820705994033,-0.009731339219719028,0.004421967115877583,0.002635873568149895,0.0010574359226877016,-0.002634498249962074,-0.017343353426049167,0.0024768959974617345,-0.04072817126116167
2023-09-12,0.0037701040111843926,0.0004695734946266255,-0.0007963241129425927,0.0034385843366204903,0.00395727623518801,-0.0013688843655910578,-0.0009102814148873073,0.002668250743698196,0.0037330873272559176,0.009630552470297843,-0.0002712379316657881,0.02194871946478961
2023-09-13,-0.0003398041013793271,-0.00029685499102108403,-0.0016571366122256617,0.0013121144003140337,0.0003198216769792055,-0.000234359455497886,-0.0013607404451767744,-0.0008756980312461912,-5.585185723029683e-07,0.004085137436034035,-0.00011178442230130872,0.0037978104499274525
2023-09-14,0.006890525693857109,0.006858631549375308,0.007752777800798898,0.007721803759072159,0.008330124877530555,0.005608094690482602,0.007601379826136711,0.006204057717984453,0.007039278321667998,0.008303429051813931,0.005084858253453198,0.008413818236288598
2023-09-15,-0.0021565265932022154,-0.002246762494747236,-0.0014689023906284137,0.0017928144282114546,0.002984710840052759,-0.0029995298778763856,-0.0017665134446628885,-0.0023316758786455965,-0.002136242894095959,0.0001879401873925851,-0.002935719197652392,0.006087228952552209
2023-09-18,0.0006251408207222814,0.0007266181496314414,0.0010246881658301646,0.002203911314861255,0.0025531360721372607,-0.00019103151761627334,0.0008495279917222736,0.0005953587066719079,0.000613986656942856,0.0011252178604856731,-0.00015061934725744811,0.004795165237842524
2023-09-19,0.00012293775825109792,0.0003637957287438634,0.0006168543386402753,0.004682346162899913,0.00493392879242295,-0.0009898033398596942,0.0004308654356040253,-0.0005199045697071758,0.0003678620824493628,0.0038850714443871125,-0.001574222849967827,0.005101581989998733
2023-09-20,-0.004699972710286302,-0.004315697098021093,-0.004021335792966571,-0.0015372553917242298,-0.001531713246575571,-0.0035325557925596465,-0.003975832231417662,-0.004582759352041018,-0.004709676082755435,-0.00556662856265782,-0.0027988608495167315,-0.005348235586142757
2023-09-21,-0.014972999921293442,-0.013715184276013866,-0.01298580448803701,-0.016340385008045927,-0.01506756852938276,-0.010216324660795716,-0.012933377441325795,-0.01389711995823115,-0.015288534473884355,-0.01806808051995641,-0.011615465089495835,-0.020275711806233443
2023-09-22,0.0024575822878449196,0.0017221324628674014,0.0018170304429706303,0.0029711946130464894,0.003331045314585533,0.0006909466581203224,0.0015087939952189008,0.002180381114072885,0.0023579528876402525,0.0009814715399339077,0.0016646601764009725,0.00484773168124103
2023-09-25,-0.0036053367200268435,-0.002969594143966695,-0.0033046161322570307,-0.005412208754360615,-0.005882357177060828,-0.000426721584568598,-0.0031105207673762713,-0.003851607414540244,-0.003471468557734565,-0.002986102798218197,-0.0032305447710361127,-0.002187033612628504
2023-09-26,-0.008721722514787353,-0.009587207238733488,-0.010763857483604084,-0.009798491493462545,-0.0095868798900723,-0.007839447141052447,-0.010548332784479631,-0.008892736789877771,-0.008761388835420603,-0.005476902523547095,-0.0076453048630394415,0.0001292443157591619
2023-09-27,-0.0010291035789557392,-0.0006870032978074577,-0.0005202583601739543,-0.0007260853373356304,-0.0003026830415213315,0.00021003911957303016,-0.0006782897609444612,-0.001498031829432487,-0.0008323596131348699,-0.0010600645822311406,-0.0019885099923036124,0.005667602092519427
2023-09-28,0.006422992067762763,0.006354678739536641,0.007263148908309922,0.00987833902185821,0.010406910131946952,0.0036547535669869922,0.007112778309596109,0.005507446280154828,0.006862726646179902,0.012705286656075588,0.004025495497345153,0.017184577306039284
2023-09-29,-0.0016024928233752472,-0.0031620745872232665,-0.004971685374228554,7.194601009783753e-05,-0.0009909509207009018,-0.0042211901865951435,-0.004710634281652764,-0.002217404841272423,-0.0012215077827616191,0.00043215077415729796,-0.0022991930321365163,0.0030165147550937216
2023-10-02,-0.009549499918656086,-0.00829372374701599,-0.010511504649385047,-0.00843260586077498,-0.010574270584265471,-0.00579997020653222,-0.010075598820817913,-0.010925172384353622,-0.008895390784495893,-0.0013331444026271056,-0.008364351193500735,-0.010574218620417856
2023-10-03,-0.005629581616993366,-0.006360900916316163,-0.006498026048869645,0.0024784377825628643,0.003182157849818964,-0.00715279877099681,-0.0067354073705595445,-0.006160646920551268,-0.005381503253207025,-0.0036752414285129474,-0.007747991304709255,0.00952281459626353
2023-10-04,0.0003133308734572655,0.000615108187510076,-0.000648115002366107,-0.00017603291370057696,-0.002446263165641071,0.0005698640539645264,-0.00010469842519442282,0.0008130572186444433,0.0005723779686018558,0.00126847509709326,0.002218688488976221,-0.011855758705273813
2023-10-05,-0.00030434827305565813,-0.0005504999476441658,-0.00048613949711318624,-0.00428864281634305,-0.0052927243574847314,0.001073905525485835,-0.0007284445426848054,0.0006819724346029315,-0.0008137727079804702,-0.006213867366242597,7.82309828983423e-05,-0.014816413751010928
2023-10-06,0.009446666245636616,0.010459287509333509,0.012338372601659767,0.011705848709650609,0.012595474814340379,0.0071180211734657856,0.011657514251816237,0.008731334083850751,0.009710365535727261,0.012020637060389163,0.005250659428314776,0.011545374684461557
2023-10-09,0.0019003626091507256,0.0027722578979678925,0.0050381471026711595,-0.004988713244429057,-0.0029070640787845032,0.00407374657457679,0.004798062335600657,0.004976943310956772,0.0009758152130591535,-0.013429683815189011,0.005077753449160066,-0.02194794975970132
2023-10-10,0.0034159076937828594,0.0034033261623981513,0.0034034244540952835,0.0003243156875283145,-0.00039621830224326345,0.0042000924751322746,0.00352310850921261,0.0031870169149143777,0.003233788815456807,0.0019565982972475143,0.003596243581314125,-0.001087490576998194
2023-10-11,0.0017879360295192674,0.0012672781469593602,0.001132273934467269,-0.0024242856430438365,-0.0032860899176237945,0.0006288398976780888,0.001076492777579544,0.0026805793060168523,0.0015253352541621122,-0.0027884968220993314,0.0026837498212705395,-0.010263138750449166
2023-10-12,-0.009065825496926774,-0.007022445907507867,-0.0061406454462556055,-0.007111042795164657,-0.007062645791274202,-0.0050035573152464015,-0.0062158679419480065,-0.008990201020929126,-0.009029397096652715,-0.008881028939535459,-0.007628927787995082,-0.008363399209293165
2023-10-13,0.002930023502095378,0.0028461865943745926,0.003166741722655503,0.003923683489504158,0.005724859086841219,0.002245819783382773,0.0029753642972445817,0.0032680169303866795,0.002586720412737182,0.0028315240935488893,0.002898626895172193,0.010106311466847807
2023-10-16,0.007237729141925803,0.008178930834267696,0.008658523404435703,0.015028419026425374,0.015210303133435745,0.004856714135363596,0.008529633689302884,0.004402578003350324,0.008233151763411368,0.021777452088189844,0.003607499148278732,0.02604097597568649
2023-10-17,-0.0023792875269700023,-0.0005318755790180939,0.0013648495204813197,-0.0017798167418468338,-0.000507273163393983,0.0005959481708333638,0.0012772063100999495,-0.001762457795969654,-0.002558267388279398,-0.0061592717476214595,-0.0016479784523977608,-0.009420615000691718
2023-10-18,-0.008160779033432583,-0.00787200492482321,-0.0080196574333933,-0.007358798181645761,-0.006700786561310966,-0.007167849818061994,-0.008003941830215317,-0.00777223916357092,-0.008372225874348493,-0.008061162819305724,-0.007222972918902452,-0.0008247116628697139
2023-10-19,-0.0032557131070404875,-0.0013297658761454653,0.0002951206338855792,0.009934948346082856,0.011777486055130548,-0.0022903588844951322,-0.0002662281237293682,-0.004329147582347606,-0.0026690847673710564,0.0017495170006505602,-0.004336030782001067,0.016479015030061946
2023-10-20,-0.00303858639830484,-0.0036074901031516796,-0.0042161599529298086,-0.0016422247871794903,-0.0013699802842937995,-0.004532677573291149,-0.004251912789256492,-0.0034927178272085094,-0.0028199775663273847,0.004827980148625793,-0.002708487845824309,0.0005898130240174033
2023-10-23,0.01131948429836373,0.008361157414947001,0.006026983718874286,0.024072020518156746,0.02280319900488876,-0.00046471130492777403,0.005767010356150425,0.005534117410846109,0.013144820114134901,0.04459120534226031,0.0023333665314597862,0.05379077426168363
2023-10-24,0.0062279354456122845,0.005493813673844224,0.005004788177391865,0.009582751777114472,0.008655090991259438,0.003228650717298263,0.0050377084914598426,0.00564761186723173,0.006652366066782442,0.006771270685252361,0.004919663896162163,0.0011656486925818302
2023-10-25,-0.0050109882755078675,-0.0050626696964989806,-0.004566531172067837,-0.0036407155465759396,-0.0020571181934511485,-0.0053778314217060065,-0.004619298975276017,-0.005025124931978945,-0.004996921199809205,-0.002430766852216769,-0.0060580207243162605,-0.0047281948722952575
2023-10-26,0.0009131931771147649,-0.0036037894588285785,-0.005729824948418363,-0.00536368928909543,-0.006142480348956354,-0.0038165655784581955,-0.005581071883551402,0.001070601961708047,0.00035762929792655467,0.001562943794298103,0.0001958888060797642,0.00096923153148141
2023-10-27,-0.002393609765224295,-0.0008380611936892703,-0.0003825179480536859,-0.0027553896824782926,-0.0027642985578429564,-0.000260160831389631,-0.0005759667430146932,-0.0015562469792995332,-0.002476981934503294,-0.004203295806896987,-0.0015482954845046,-0.011317212505258311
2023-10-30,0.007929934702466609,0.00875156949628918,0.00994217350886199,0.01855190724262004,0.01880207763795605,0.004664259853515945,0.009792154170522824,0.005343783582455155,0.008703413691962432,0.016416354554853067,0.0045199883780305304,0.024686814127191845
2023-10-31,0.00346703894769012,0.0030473152667695445,0.0023703673206047528,0.008551045420332018,0.007503517280638571,0.0016208949465160085,0.0024330176549360837,0.0038031830465105696,0.00386464276474331,0.0013254230358355878,0.0017283453480032047,0.009343105552497542
2023-11-01,0.00721465066728153,0.007382916287815845,0.0070167391349070934,0.010502584451381226,0.009470900168713211,0.005175286198294798,0.006940951427135092,0.00590952445697039,0.007657111319711016,0.013409325673714036,0.006596924328897432,0.009653202820647992
2023-11-02,0.013100963874050305,0.011991834873457001,0.01199309854724781,0.00674742360000664,0.005995467798794684,0.011781887468915765,0.011983985240409663,0.013091824602091549,0.012377000139761046,0.009908784838543305,0.012043984205763199,0.0028718770081527416
2023-11-03,0.008238902817838645,0.0078748199914936,0.007542240229945339,0.0075141209410602445,0.006423643175398796,0.007430621789445499,0.007500790519530514,0.00798546075329852,0.008254942785421488,0.007580422080828455,0.007881615847031653,0.003911662605158245
2023-11-06,0.008534596828869753,0.006991518346987488,0.0043853826395825425,0.034501879264524256,0.03229862381243486,-0.00013194941495132508,0.0041086183501988895,0.002074243802429041,0.010193993906904938,0.03382824072890224,-0.0005070919690310213,0.0774884212204371
2023-11-07,-0.007886247916066453,-0.006025079286040028,-0.0068210671633874495,-0.011183810179026143,-0.012562367677359035,-0.0038969313878181168,-0.006189482193342219,-0.0067034638008141405,-0.007588185438922277,-0.01074594902572282,-0.0026391619589102764,-0.026201152983597768
2023-11-08,-0.0009354062752265506,-0.0009385769137991009,-0.002024173615598795,0.0005594193795624915,-0.0010082037605771397,-0.0013296262894006523,-0.001928146713690795,-0.001513153386316276,-0.0006965214580872711,0.002543294241772175,-0.0005006566817586837,-0.0010450109047305215
2023-11-09,-0.0013408598184637079,-0.0018211013545175333,-0.001589726775145823,-0.004256548760262427,-0.0037238320534103394,-0.00417686379044804,-0.0017182449170391157,-0.00421523891731196,-0.00030363845314459927,0.01757646627868678,-0.004969812425040531,0.02597712029671183
2023-11-10,0.0051367024299121345,0.005619927846745609,0.004856308081844575,0.003961877940393243,0.002958430907477169,0.005357174025038389,0.004965078326766144,0.004430603291715529,0.005234633768228153,0.007063395655161292,0.00427845387009723,-0.006520887699288798
2023-11-13,-0.0011513231494809835,0.00044975003225195134,0.0021834455476088246,0.0011745618629012719,0.002681082499669453,0.001698149621396522,0.0021066880530250863,0.001498198153247023,-0.0013048262302376168,-0.015388754789902882,0.0005855486513642648,-0.006647768092276035
2023-11-14,0.011057915936416121,0.011237989910521037,0.01289848935377667,-0.0041241760165142225,-0.004175145358353312,0.012710939498257514,0.012942563084641527,0.013537357626188792,0.009647785954896296,-0.0006659096706111329,0.014868790735035924,-0.02468043680538633
2023-11-15,0.00899387924365476,0.007512173033824174,0.006833540276703801,0.01731396959729707,0.01732251667916655,0.001039469577605459,0.006557199502124513,0.00504261149996006,0.009922437070854809,0.02769306108738054,0.0014905194372211046,0.030851361749279126
2023-11-16,-0.009982098533475222,-0.007555197114361977,-0.005447331511598645,-0.019037803817479767,-0.01894109682738854,-0.0019514402474491931,-0.005339539047619041,-0.0062969858232860935,-0.011019048124151817,-0.023377833880643975,-0.002168234544203199,-0.04354945527719985
2023-11-17,0.0033553098387968253,0.00443487524288851,0.006661074404950908,0.005049845066772307,0.006847330750921084,0.004011570563154608,0.0063673137408122365,0.0032391593999365337,0.003408659573574938,0.0029849213507915063,0.0030615117735369015,0.007286190759421557
2023-11-20,0.008039324309982662,0.006381849461023109,0.005736802872034402,0.005897359250690193,0.006361407332217279,0.0033690914217473535,0.005549788669354633,0.0061976619124991155,0.008292734354076065,0.017285481203931773,0.004596465203283976,0.01737015129718974
2023-11-21,-0.010743721270534162,-0.007374805347340932,-0.004656109378997932,-0.018215992872613034,-0.01626044911271438,-0.0007695657333494162,-0.004424025002555217,-0.005899220944437416,-0.011625721749149505,-0.03320065041364165,-0.002521821350029381,-0.05299458588431109
2023-11-22,0.009506631914124552,0.007304573288608554,0.004736052655805455,0.01802590754478915,0.016199012952715603,0.00175060554829279,0.004743713652668535,0.005532784169920033,0.010702112893524914,0.028350801509731474,0.0031932360346078265,0.042209572035973766
2023-11-23,0.0005431967930757381,0.0003697953686127601,0.00020151010419844914,0.0021901439318960446,0.002025685587697909,1.0087316970444155e-05,0.00018708800086812268,0.00030360142155337014,0.0005841227252379722,0.00039811145679026884,3.6368310231782336e-05,0.0008432897447732382
2023-11-24,0.0014221368609254792,0.0014662902509005719,0.0019898451228272363,0.0024946756720227907,0.003652820314514433,0.0009865355657767674,0.001751741946117234,0.000997696849155213,0.0014685391566524855,0.003245070364832784,0.0003137995209433153,-0.003151256288974461
2023-11-27,-0.00392278752717902,-0.004804747144187818,-0.00650336848701146,-0.010970239019819514,-0.012775260243433896,-0.0012473522629489584,-0.005772323024468938,-0.0023265182565571202,-0.004140556792535494,-0.010560512312025549,-0.0006230481968811637,-0.011065374213769016
2023-11-28,0.0048356081976864505,0.006323813149173637,0.008641628957302513,0.008821371891473674,0.01071154085934889,0.004631246209594379,0.00789727523028334,0.004635776578663493,0.0048244383818264,0.008055481038169545,0.004329845079573882,0.00810317373651329
2023-11-29,-6.190927206393569e-05,0.0007889372632090638,0.0006508573628336254,-0.0005085607791685684,-0.001363956148250425,0.002215612998942615,0.0007075063189256647,0.0009989728704614814,-6.835023929029391e-05,-0.0025462854743997605,0.0016563176868959468,0.0019029301089450684
2023-11-30,0.0009918627140063818,0.0009267599651525731,0.00019410800440392313,-0.0008085689675809914,-0.0009556809718871283,0.0016540974765108822,0.0004314076446890779,0.0007567766347471782,0.0011090699262009942,0.001779695453647034,0.0011992737054981918,-0.007517857376196422
2023-12-01,0.008992654685486684,0.00942589381434148,0.011425461529018285,0.011971523722834158,0.014214582005672131,0.0077972737222065545,0.010632407675329945,0.008576317350458228,0.009155371447404935,0.012763481804284951,0.007828744201052689,0.0013838247377495707
2023-12-04,0.0007437489525365276,0.007706800503275725,0.018904133269093903,0.026395860363380548,0.03546024488423711,-0.0025779624659638825,0.016022485963997374,-0.003019522321875154,0.001456200157964021,0.02464540000505973,-0.0026285661642044414,-0.0023002967427432587
2023-12-05,0.0004056117777113795,0.005044433433692847,0.01302279071526475,0.013287917033226272,0.018835269520847547,-0.00035744417174308856,0.011118824182131372,-0.0006947474455841699,0.0006367968730779473,0.009987992631156517,4.597750046829099e-05,-0.007029550798712331
2023-12-06,-0.0023677440597951434,-0.004053487414668606,-0.005066376626308496,-0.003430091152594696,-0.0022696832472724367,-0.0019107556333520003,-0.004762619518335973,-0.0031882981872517215,-0.0022322095304858906,-0.0017457593377867174,-0.001407885342813039,-0.008381577676062263
2023-12-07,0.005554765215483164,0.005867042568379828,0.007758639582856549,0.008807982344766136,0.011008540274344756,0.0036087062282429768,0.007093051883309574,0.0045661646918200545,0.005314645977175302,0.011427643309755,0.003045083125419523,0.004005414179343884
2023-12-08,0.007812456284366293,0.008566070171014274,0.01143163825762786,0.021251931035892874,0.024551198551472822,0.0016388923659742558,0.010079876851068294,0.0037042667099221804,0.008220119802721776,0.024117969650103058,0.0005206685080422686,0.02208371794692585
2023-12-11,-0.004590829979280172,-0.01007004351057331,-0.02010951449231697,-0.028091145728544466,-0.03657682355933605,-0.000820683423849969,-0.017590402772052764,-0.0029643465214196788,-0.005466349886285209,-0.013715336174930592,-0.0005754733318515291,-0.017904004117808143
2023-12-12,0.0019592863735130887,0.0016465540090636053,0.002549474946981474,0.0020517976355141146,0.0032137994798522836,0.0012101555607844884,0.0023014301012152637,0.0006674208360786258,0.0019511595490971834,0.008258885381641753,0.0013264164283742898,-0.011024030967816416
2023-12-13,0.022042156167871328,0.02002119097479758,0.022338088479446502,0.02753707811002517,0.03148512055073427,0.014841804509334762,0.02063271346451532,0.019749220205452136,0.021680784223661216,0.032556447825633515,0.015358533245162011,0.013366756870912516
2023-12-14,0.009553922911497738,0.008440505363059358,0.006237718414382585,0.007456690175049705,0.005385473555536641,0.007888369441080414,0.006316501475545537,0.010488182648122213,0.009589091422871666,0.004784036219605927,0.008147813927764166,0.014740085828410068
2023-12-15,-0.010402240498771708,-0.010054786047570511,-0.013139903199255381,-0.01854983061038204,-0.022700318503788862,-0.005407532701325886,-0.011865110849534156,-0.007729622510514095,-0.01027786389624908,-0.023060039723853384,-0.005219670288120537,-0.006908191493315902
2023-12-18,0.0006940594350337353,0.0028687974651535365,0.004990815534120733,0.00419586865989905,0.00477457621519027,0.0011786108218558161,0.004449808993709547,0.0007808959309556886,0.0009497120725560589,0.0010318231987788476,0.0006369683821460812,0.004942827438584787
2023-12-19,0.004357969739594271,0.0026815224779522186,-0.0007277815151832746,-0.0033128080039190664,-0.00699966575494599,0.004437050985353328,-0.00017271447305779972,0.005201890839450673,0.0042528809091426254,0.00014523500087520753,0.004405976724917656,0.005608943217131623
2023-12-20,-0.005248776725623423,-0.003679444387720894,0.0008226624284678014,0.005254517964493872,0.009759982670868915,-0.006844739027782421,0.0001409544681195236,-0.006625997891723514,-0.005133568555987484,0.005336992693163299,-0.005931037667296931,-0.0035064039655311047
2023-12-21,0.013699913216557365,0.011836973272545232,0.011999713768104624,0.014093278912748176,0.015462273767193623,0.008662417815638392,0.01115208929636095,0.011492545699967188,0.01343014790884018,0.021046440802912153,0.007683928812942364,0.007382182720125143
2023-12-22,0.0007898394342808728,0.002121635845020729,0.004028370512766086,0.00397682149301314,0.005494426408536026,0.0012265449869206498,0.003549890738427851,0.0008305644185816295,0.0008216381868213489,0.0037833907680300104,0.0008909601793728056,0.0004966901680014892
2023-12-25,-0.0004404476854120838,-0.0013481748191205723,-0.0028994629406782764,-0.000769997566436227,-0.001367015604344084,-0.00023524238744334928,-0.00255446853631439,-0.00024474931312244014,-0.00021658301929056048,-0.004041187601064446,-0.00029490774157430637,0.008388710840149437
2023-12-26,0.003528353315240302,-9.092307328487917e-05,-0.005369925680972045,-0.009352339312384245,-0.014527744640759958,0.00223013028483805,-0.0044961262568435235,0.0036473236037522115,0.0029846083459629295,0.004932202413578475,0.0029810939412445235,-0.0010755199892013264
2023-12-27,0.011097576297580819,0.010316119906643384,0.01355748605903645,0.01776091024823468,0.022174856659271054,0.00490759276001034,0.012228499921739699,0.008307169885486443,0.010817584639728064,0.02767301798088191,0.005818184137408761,-0.0006099120382176766
2023-12-28,-0.0019081941868385923,-0.004176793695796227,-0.007057930417444427,-0.008309115001351997,-0.009977287189365209,-0.0020139808732989864,-0.006312438634023757,-0.0013449081551386098,-0.00210494451864272,-0.006505082034697378,-0.0012407269698142972,-0.009465312628975037
2023-12-29,-0.006256390759109419,-0.0063341424559999835,-0.007863990769093011,-0.010076537545444382,-0.011468460356546133,-0.0029633263541198962,-0.0070038306685345315,-0.00549116298017306,-0.0062821721879234155,-0.011411323230207712,-0.0032944751532724796,-0.007867348876539641
2024-01-01,0.0033336998266659604,0.006799721017267239,0.012714609403500773,0.015166882931685909,0.01948148194866943,0.0012019215048625562,0.01118463804926948,0.0018545477692934985,0.0036802407545029328,0.011809018226196,0.0010555221816831017,0.002705605087137376
2024-01-02,-0.0039473524299921976,-0.003990781995163641,-0.004683517448312118,-0.002802676930099878,-0.0029161958600870076,-0.0037268483926917754,-0.004288473855196869,-0.003587819944624299,-0.0038624479945674776,-0.0024195325536439383,-0.002909621776565637,-0.009142589818097055
2024-01-03,-0.010408075877056375,-0.015054696282501782,-0.025201056149904325,-0.03110063999353603,-0.04060283898726515,-0.0069586002589210605,-0.022301639421850292,-0.0072581233646125155,-0.011144767044305856,-0.025655957954229827,-0.005220871459280839,-0.007350578276534478
2024-01-04,0.0022946577620574274,0.004321826783178943,0.00870479154991239,0.010625144252498137,0.01454378309085394,0.0002622261092052348,0.007443899989362393,0.0010228601913761172,0.0023034696246106434,0.011748534453268851,-0.0006309562326598012,-0.006356940996392442
2024-01-05,-0.0026677793954224607,-0.001478893263536161,-0.0017613968240697718,-0.00449105502772418,-0.0059231999637353785,-0.0003479136829561536,-0.0015506835264049862,-0.0011925322513219156,-0.0026001669120873246,-0.00822089489336481,-0.0008104598228269504,0.0005189904531142479
2024-01-08,0.004815348152242447,0.011139533403167728,0.02120322129435941,0.019373188447355836,0.025471275113020168,0.004692878187528656,0.01880859554407095,0.0045063050569833195,0.005550707483062693,0.00917544812314839,0.00441031896306463,-0.0053930468858342274
2024-01-09,-0.005331195129057654,-0.005557049570812292,-0.00612136955075142,-0.009218888978516554,-0.010723575281858843,-0.0037831192260207322,-0.005912349046017562,-0.003211178123952213,-0.005577774326704558,-0.011226782100074016,-0.0032858098504821966,-0.0048290959489019816
2024-01-10,0.007755963913716728,0.010795196141819209,0.018690771988447267,0.026202613863937692,0.03511439361439214,0.0040918875995930755,0.01644043686173415,0.003438278303105327,0.007962461910211747,0.027247222882755953,0.002378724999643279,0.01067863243190239
2024-01-11,0.002808663061612526,0.0023657350527991044,0.002572329871620724,0.003655261042347589,0.004195236777522643,0.0016209846634986065,0.0024373013705733734,0.002249895558838885,0.002604065070233814,0.004806955504508016,0.0017582288988997057,0.006757775380446666
2024-01-12,-0.004383648176742272,-0.010722926970299859,-0.0213909932143099,-0.029224576897310152,-0.0372151199302404,0.00012815137941550483,-0.018712371693902944,-5.6112511394207885e-05,-0.005330290338396195,-0.02602841669687557,0.0005791543828461158,-0.008077949611037848
2024-01-15,0.0008564820256335077,-0.0008211799546790786,-0.0028061937519095843,-0.0026768740909777302,-0.0042170623831295955,-0.00048797375296665186,-0.002470828591967818,0.00047476113509327975,0.0008035028496016278,0.003786181785969695,9.210680147054e-05,0.002324322458406135
2024-01-16,-0.010954612117348779,-0.004710588555297759,0.0027478846378872013,0.0028148611676935818,0.008197246900548294,-0.006535199368365113,0.0017123586896995175,-0.01269058923020557,-0.01047924528825241,0.0010084245382333116,-0.008133479734140383,-0.008091174493595905
2024-01-17,-0.009189540037842961,-0.008729687335138927,-0.009882834522605487,-0.010333588185594792,-0.01197151648620052,-0.00687388712815535,-0.009180991826577299,-0.008059766789076236,-0.009093257237293859,-0.012751837428885224,-0.006716007332273732,-0.004223242711247284
2024-01-18,-0.0015844785791674673,-0.001638586811424498,-0.004223639655742871,-0.01163619357969422,-0.01563592990557826,0.0027839812713017853,-0.0035245618941808074,0.00015958109225252645,-0.001695585913995542,-0.009832811004564401,0.0015748270198363272,0.002405516063988941
2024-01-19,0.002383239866571657,0.005430724180512336,0.008112586436247609,0.0052120056932042184,0.005919992456659368,0.0041842736199389574,0.007534869352613731,0.00180008423924044,0.002740230218708741,0.004906499635247181,0.0030263587907755816,0.003069978081281393
2024-01-22,-0.008325166881348062,-0.010406028838004407,-0.017829114471139954,-0.024382940365573515,-0.03202039031316997,-0.0011374564495035765,-0.015730079028014106,-0.00530012345488597,-0.00839008905242672,-0.024133590770768105,-0.0016250568331140284,-0.0020034109349659902
2024-01-23,-0.0001798206073418531,-0.000546039738750904,-0.0012781238234864738,-0.003041741929578019,-0.004716512305047132,-0.0005465397153131731,-0.0008742359567940049,0.0005283850962857075,-0.00017417642938605265,-0.006000564951945189,-0.00013963915904043089,-0.002187467745484536
2024-01-24,0.001176890706041963,0.0024558793660060547,0.003050940931800233,0.0027622313772933207,0.0025128830588500707,0.0013940153147072448,0.0029863946527393915,0.0013030986974493478,0.001290307410842022,-0.002736720442833684,0.0002331731750917938,0.008786707506275486
2024-01-25,0.0018653949437861797,0.0015179680189757406,-0.0005320711743819751,-0.0010774987297663653,-0.0034080781976463196,0.0031907520185522646,-2.9117609728826618e-05,0.002305368295335706,0.0019098992833374386,-0.0012106264969593038,0.0034450183127890405,0.011056514300551807
2024-01-26,0.006232903702971278,0.007970941368492763,0.011996063530329244,0.01827851927694488,0.02204137871486888,0.001778154527495615,0.01058919114896042,0.004040290288638049,0.006552296309734919,0.018183439576648565,0.0019477439048856903,0.009326165227811496
2024-01-29,0.00867579979004516,0.010416859644988674,0.015336147872290033,0.016677879845710755,0.021384498615780963,0.005629582772309808,0.013651572361702002,0.006555117385732304,0.008798754221442419,0.02082779022604283,0.005529066208661695,-0.0003476478341942128
2024-01-30,-0.001569597306301249,-0.0013565703502207962,-0.002775653014470072,-0.005136384514760896,-0.0073878579707156895,0.00010699875487645526,-0.0022207803502294196,-0.00032356377873695406,-0.0017536810123358227,-0.004299881607192773,7.313872245670735e-05,-0.006899201169428564
2024-01-31,-0.007473728392829011,-0.009217032730623402,-0.011794071047068734,-0.014029844810334185,-0.015098354102804716,-0.004667358463121876,-0.010738322387606112,-0.005870425705040131,-0.007934253895179846,-0.013765508759335444,-0.003369492266168112,-0.020372356126962112
2024-02-01,0.007298217829970999,0.00783052950733125,0.010174214463112308,0.008348491971974938,0.010130082952235185,0.00651199037217229,0.009210361163214593,0.0067668439709863935,0.007450051064818339,0.00925631306018106,0.00689924172840465,-0.00210604523178485
2024-02-02,-0.004377009024655916,-0.001099485412668908,0.0018812287491942895,0.0018268060171275696,0.003489666651617519,-0.00300350088175868,0.001376498828152756,-0.005428056039180762,-0.0036544199079828208,0.0003754272604673129,-0.004935815174938145,-0.00046198230748652116
2024-02-05,-0.007485454447380519,-0.00655205650308637,-0.006396109379953769,-0.007947651813651712,-0.00886452362347026,-0.005314326034407419,-0.00607818229648421,-0.00724882232947268,-0.007429010125633309,-0.0097189423553163,-0.005981810534327682,0.000680070127468458
2024-02-06,0.0077932118252633294,0.00736342883636603,0.007419377940150115,0.00869118784807768,0.00953205143261968,0.006322012846082508,0.007075705665636835,0.006630350571174722,0.007530832759908742,0.01038116465777335,0.006395829601218036,0.001350868722373521
2024-02-07,0.0019884476175228787,0.006484016586716983,0.011861437596263655,0.012897548494085823,0.01611516386302072,0.0020573153128311773,0.010508689543565534,0.0006768023291498539,0.002637412185545378,0.010146036465877214,0.0008123851772381756,0.010072129263289467
2024-02-08,0.0030786898016733925,0.004583433266453369,0.007357732997321889,0.00955526569384274,0.010918321157769816,0.0008173088406967599,0.006347941973087822,0.0015125317909580138,0.0032404563134227887,0.012415845555208516,0.00023580312751369858,0.011329021258582839
2024-02-09,0.004095287346218911,0.008492775241864309,0.01559529618023578,0.01711790663592986,0.022129633075256297,0.0021606278185945143,0.013684584181916423,0.002231229930503486,0.004513132334498212,0.013630731674580798,0.0014053456080417455,0.005085707304175308
2024-02-12,0.007203783555749282,0.011343541199008177,0.018754086470727863,0.024694548367956128,0.030999634281741406,0.002729124257107171,0.0169166278829326,0.004170710605916945,0.0075310644092770685,0.0228912442887303,0.0029575574623844983,0.004536675626728039
2024-02-13,-0.013404759872095252,-0.011366026220389115,-0.01080241955982435,-0.010660773922374713,-0.010470702910387202,-0.010122988763267358,-0.01037918720380255,-0.013248133588140195,-0.013337480708019876,-0.012069177004718197,-0.01072065361754089,-0.008267127990120898
2024-02-14,0.011866125463743219,0.01481040269171298,0.021251013391683567,0.024819837916863416,0.030509985504799365,0.007599527792322572,0.019237794047499084,0.008730516482304242,0.012196531748377083,0.025906821271147882,0.007175178113611314,0.004311478488145914
2024-02-15,0.013932228645121746,0.01051143457564099,0.007907026980333206,0.014444137934255998,0.01416841970078328,0.008029021423836472,0.007751179090580866,0.011588634502870069,0.013937856687662797,0.022065149536071547,0.007940676311745873,0.02080138071104322
2024-02-16,0.0005204273974272489,-0.0005102592288448275,-0.0017398571713234967,-0.0012302258507551189,-0.0016032666462288054,-0.00028799087711293985,-0.001495166936442386,0.0006046031157765733,0.0003352830826332345,0.00011200181086917869,-0.00040964327941942044,0.00017776882608990592
2024-02-19,0.002472973317790822,0.0028831794633206085,0.00499795444734997,0.0071422753442243825,0.009972599516759903,0.0011504140242426437,0.004432779069224033,0.0013878588496873913,0.00219919314744189,0.007091196821840573,0.0006467146251888671,-0.0009392684726954161
2024-02-20,0.0004632546070141906,0.0017002491572111207,0.003848212058590654,0.003226583305054713,0.00520095705661964,0.0009405727654793075,0.0034190676702001385,0.00021585538795591868,0.00024349435897597253,0.004036815057052398,0.001049815771387918,-0.008337121894270483
2024-02-21,0.004654723096887574,-0.0001702529972842911,-0.004818878576920153,-0.005943363509733992,-0.009637260863900465,0.0004046436187685996,-0.004378498701910287,0.004898223274557751,0.004315774155621293,0.001228937004546698,0.0009697380034784682,-0.00016606680170103724
2024-02-22,0.0039027097759516457,0.004421727929962144,0.005610219946540422,-0.0005611318236994513,-0.0006493352998775059,0.004790444832050063,0.005463968400451304,0.004116014448031248,0.003965656676463805,0.000869819254405068,0.004410135171593968,0.009740356700941446
2024-02-23,-0.0024299902803949754,-0.0024597696940888074,-0.002317968577706721,-0.006778337608208394,-0.006713310656974985,0.0007845602640397746,-0.0021853333722374937,-0.002157788845664182,-0.00268827945629077,-0.005373525257657167,0.0006800432674783777,-0.002631454456453332
2024-02-26,0.005855531838150232,0.014178631833470942,0.018097441191073,0.04004246344046884,0.04211670468296427,0.0002530127449718802,0.01718954546994656,0.002178215933740603,0.00798257301500168,0.028092896353238663,0.0010905719024559106,0.009094999058287796
2024-02-27,0.006176636221127504,0.007602425140072378,0.009881176269846739,0.01515980943745787,0.019366583920883064,0.0011448210427218155,0.009488435115331796,0.004978245784843769,0.006346364916798106,0.012590615568016352,0.0025009383990655318,0.005030027835201927
2024-02-28,0.004419559977663848,0.010546089856243088,0.012950158165305176,0.027667233815184784,0.029461417436664965,0.0009533010152514466,0.01252307310000929,0.0024084879523409083,0.005946281601492824,0.01899094688548948,0.0016544781322434653,0.0047793260693893965
2024-02-29,0.0011362641065663782,0.0001422298571906659,-8.659517834649086e-05,-0.0008338013398205106,-0.0010266280326004886,0.0014490699445095635,5.4670927643508385e-05,0.0013363366276488912,0.0007833305192243664,-0.0025195082102041485,0.0014335830954805436,0.0018991533138455515
2024-03-01,0.012251422834425596,0.01568145568868235,0.016696700849130677,0.02966992229072362,0.028493183986293275,0.007414733430778395,0.016288952123359277,0.009924073701313589,0.013284867838713042,0.020278492894773417,0.008485709510819991,0.013621374765861794
2024-03-04,0.012392855429738883,0.01943163261976111,0.023799984086328333,0.04462032930870003,0.049198134601334736,0.002217587794453322,0.02275589581069754,0.008992507940725118,0.014095632855160913,0.033743650679460294,0.005115164628630467,0.010455317608697877
2024-03-05,-0.013390328599528253,-0.020877165681011285,-0.02496031806549836,-0.044808788437059856,-0.046397492761660976,-0.0038842640984978823,-0.02389489780881532,-0.008326125868323594,-0.015301875486241748,-0.03562647051278765,-0.006317733889955477,-0.015617876630056782
2024-03-06,0.014708760811591844,0.0194515329973326,0.020504440372233333,0.03773457519701097,0.03691711187063739,0.00689169396826431,0.019784956252120692,0.011123888098987525,0.016428936994063864,0.03194016838824647,0.009023818136245062,0.01010214064169364
2024-03-07,0.007467780090860165,0.01064288505594941,0.011075654372256338,0.017988242538677774,0.01627206857229457,0.005643445045856827,0.010715927534853216,0.004836017065107459,0.008647986673236492,0.021210399422243308,0.00610859403206643,0.009022032233635291
2024-03-08,0.0002568955655275059,0.0005373060247363223,8.933486969823633e-05,0.0009917450960800047,0.0011260711884838,3.5835548678902536e-05,9.74089082505105e-05,-0.000512023712967641,0.00042465066293208645,0.0030594143803986604,2.339047559950526e-05,-0.0003286375818517887
2024-03-11,0.013229967973990519,0.01822799656101906,0.020935734565666192,0.041429256668305235,0.044805898757100435,0.0021618131798151387,0.020082091464885682,0.007766809750385514,0.0148177110083978,0.04014410827967771,0.0053795319936829344,0.009439851295162942
2024-03-12,-0.0021001910633675646,-0.0022715574044981277,-0.002494017667424888,-0.00904558277525556,-0.010628605981399548,0.0011512590393040457,-0.002489752912128302,-0.0018238174850200074,-0.0021079929580146537,-0.0056134757629549515,-7.914577969435345e-05,0.003957341990251946
2024-03-13,0.010015498228741582,0.010931211084147277,0.006531842443650561,0.023552392045209758,0.016678352044787022,0.002816984725060884,0.00635413733095069,0.006804953767956355,0.011772883267602584,0.028767693422949048,0.004455195257339452,-0.001622486727720313
2024-03-14,-0.008190689576227747,-0.010590048203943022,-0.010665243300301611,-0.019024321184671133,-0.018900292950561233,-0.004906288011304878,-0.010417047940528529,-0.0054944169476632615,-0.009037588594264508,-0.018984358143290296,-0.006119819643221643,0.001433189925296932
2024-03-15,-0.0029650881626163018,-0.006572454803155629,-0.010823304973946856,-0.015175495906072402,-0.020304429168046374,-0.0002465848083205362,-0.010385581076884138,-0.0014859109860208281,-0.003265689651550682,-0.0077770312200790784,-0.0009467636765863868,-0.004567672293096193
2024-03-18,-0.008873455630947621,-0.01525316276443866,-0.013481435846909504,-0.03871481700334442,-0.03204507259701957,-0.0016574157751641145,-0.012834545532513708,-0.0042892142524394465,-0.011690149067261013,-0.031248053835599338,-0.0036504528422456653,9.85682661486752e-05
2024-03-19,-0.014020870088961912,-0.02463379661382062,-0.02919221527645704,-0.060182242041369176,-0.06258090779479479,-0.0021981646470734867,-0.02784900871708599,-0.007471160997068418,-0.01707517212122179,-0.047335946295085,-0.00544727090332804,-0.010263402741594582
2024-03-20,0.018155412847992637,0.028810082464361095,0.03355574944723163,0.06092199747076686,0.06305322568567881,0.008689386636196164,0.03216788245135524,0.012489608261284613,0.021098681125617084,0.04778210973120616,0.011152569152384117,0.016794607774933978
2024-03-21,-0.0002517348898532242,-0.0021603368874625723,-0.002915686019731757,-0.007555286669829273,-0.0075048765112826965,0.0009228760251892827,-0.0027333407100178482,-0.00038959751548437794,-0.0007616280000449765,-0.0011221693032696961,0.00031223363004140666,-0.0016474052672257231
2024-03-22,-0.007590682719028654,-0.009751127581679432,-0.011255661902658835,-0.01965115120868892,-0.02185373833260848,-0.0025586672574454917,-0.010799547928893182,-0.005409073903834232,-0.008179482997695189,-0.01619043477948578,-0.003613029221743121,-0.0029621640245065654
2024-03-25,0.01139919272719362,0.01999468209746749,0.024086713593923087,0.04783433493146658,0.050785909404263974,0.0027449257852074907,0.023034671214766718,0.006795188957887563,0.0136882201150798,0.03644030964229785,0.004910322005210698,0.016254967973707235
2024-03-26,-0.001693665333896276,-0.0007716823080348394,-0.0003924053727257764,-0.00024899123111653677,-0.00040473927292876345,-0.00034722380134584853,-0.00041597451558785816,-0.0015053791908656558,-0.0016150572414396838,-0.002998726851191796,-0.0006471981524014246,-0.0026394771017720247
2024-03-27,0.0027354792722406986,0.0006371334023512054,-0.0005541779776086444,-0.008329046461289095,-0.00919900469932382,0.005735279028813487,-0.00019493435951836653,0.00354241258903201,0.002072016273469606,-0.004383374932720364,0.005027731910890199,0.004949661178096329
2024-03-28,0.0055975263048378895,0.005962193340314538,0.006120083540497661,0.010045909356067239,0.010728480434809005,0.001935322546678729,0.0059753859365741895,0.004647695922804092,0.00593150349029066,0.00969259700022605,0.0028163713553279587,0.007435024754378442
2024-03-29,0.002086822943263619,0.0018334222988547675,-5.71931536419352e-05,0.004033671603201682,0.0006727395054960559,0.0005271824643750233,-5.476460059421873e-05,0.0011642599610231664,0.002534365487706046,0.0066692092748976296,0.0008044494566201322,-0.001593592797184651
2024-04-01,-0.006137358949460671,-0.008814046976465043,-0.007548254453344926,-0.018758413066002656,-0.015176734560550353,-0.004237865750419774,-0.007465837670868593,-0.00333538796466941,-0.007201007890347494,-0.01797625800342651,-0.005014655535919161,0.003599213836291474
2024-04-02,-0.008377359817310017,-0.017273141579607847,-0.02153207157554474,-0.03837943497664495,-0.04047964874668922,-0.004412349479583699,-0.02064202015348221,-0.0038969623653802034,-0.010355032434211323,-0.02944359540904825,-0.004955927689165338,-0.008106541545043299
2024-04-03,0.0037057077643449675,0.0031486526772534287,0.002723907758413895,0.003071629816710362,0.0025868064452918564,0.0023836266105773983,0.002697399957681262,0.004283676851382321,0.0038134704284930017,0.0033001051861447075,0.002757788017365471,0.003566676308525656
2024-04-04,2.762409512316105e-05,0.003182686491467631,0.003981729955828374,0.014029835944790986,0.014587589036167819,-0.0016386218717976402,0.0038358139626394443,-0.001954308834705478,0.0009285171758563963,0.011984478956689507,-0.0010161360545220442,0.0009375798802591668
2024-04-05,0.001996794017363984,0.0012975066687437762,0.0019903951322559886,-0.0036414642153242277,-0.00307462705630987,0.0024762288220046367,0.0018852948837930765,0.002707998914029567,0.001718164236352105,-0.0019567843341234486,0.0020674061485266024,0.00788799491384714
2024-04-08,0.012860542678354459,0.01850445321559954,0.021667991676293782,0.04102738867603793,0.044319708834176366,0.003436824396567229,0.0207421899330148,0.009676259540207162,0.014431064343347826,0.029184265928292603,0.0060630889789813226,0.005514866210446033
2024-04-09,-0.0003563801200162453,-0.0061284230448364506,-0.00898992321371158,-0.019658989520199403,-0.02118696854652194,0.0011348069884448888,-0.008497659468633371,0.001739120170317067,-0.0016676951854441362,-0.0116140173361516,0.0008806606606415179,-0.0022452459188495085
2024-04-10,-0.00693042983230973,-0.0031778502256502397,-0.0011841207202488492,0.005442534599398981,0.005740126720815315,-0.008571233715274315,-0.0017006937146333374,-0.008234325397481613,-0.005801083244396223,0.00441950665494883,-0.008223537746315797,0.0010378998317731934
2024-04-11,-0.0002815854861932188,-0.00031198091444243486,0.0006075737377197533,-0.003321632008222157,-0.002969213910839175,0.001096109596134539,0.0005469118978154914,8.41768114608661e-05,-0.00044320823678482265,-0.0035843255743624926,0.0011144032610255778,0.003663022709540546
2024-04-12,-0.017736167056397925,-0.0241472455092677,-0.027715298499765596,-0.04817934386536442,-0.050406823726092884,-0.007800457462401822,-0.02666744784268575,-0.01241691155108245,-0.019349118366287138,-0.036534325636139425,-0.01019607992860757,-0.014948584951199126
2024-04-15,-0.014133576867753614,-0.02034447114335882,-0.022304509424263437,-0.04253566180022707,-0.04271170320880893,-0.00542259985535087,-0.02161238713356317,-0.009142028289691602,-0.016072174705178983,-0.03680811350812981,-0.0072871698161709325,-0.01439523209740184
2024-04-16,-0.007314115350540169,-0.005835449596287869,-0.004124326803881763,-0.005122185411716629,-0.0034140588352636675,-0.005584299519898354,-0.004192359976923873,-0.006890333642388049,-0.0072852856815513525,-0.007813654753724418,-0.006082843414215545,-0.005314132060118253
2024-04-17,-0.0036854771510770393,-0.007636061486735121,-0.010229870013592535,-0.018267203041669577,-0.019997577560313076,-0.0004155924596087185,-0.009832706487769766,-0.0021144767059184267,-0.004562406682140984,-0.010783221863102484,-0.0008499424045151237,-0.00772931095859429
2024-04-18,0.005353073099579021,0.00798280108610929,0.008775266760291812,0.01845284185724003,0.018855305863499136,0.0018683591010458104,0.00830897555376549,0.003593081698541318,0.006186939090860509,0.014920589998487832,0.0026973385239979007,0.004455034545265523
2024-04-19,0.0034772562075721988,0.002857839409981306,0.0017735936743240434,0.004090194987442781,0.003291324256623645,0.0026025583332820626,0.001767655969160588,0.003426161793065827,0.003490249644231754,0.004159704764640639,0.002872688008547193,0.0037399331297648143
2024-04-22,0.01326957717117192,0.019946671110923887,0.021222346102140688,0.04421248693023515,0.042781537432195836,0.00522091195574038,0.020361369204266497,0.007306763904879405,0.01545991091077327,0.03916158073503458,0.006549805542887057,0.010022383817631174
2024-04-23,0.0029506002837480674,0.0020850004268617942,0.0019198072877592816,-0.0026463677355733376,-0.003009506561753906,0.0031080238890848245,0.0019552075008745576,0.0031278480655729914,0.002737027980355948,-0.0007387605354639149,0.002738835192877827,0.003053173589167741
2024-04-24,-0.004510913241739247,-0.006737349684066774,-0.007698771882257912,-0.01744396526848209,-0.018674952392270953,-0.0003595952429696109,-0.007430510693547878,-0.003809468714583218,-0.0050527645598654886,-0.010847092732973154,-0.0013220053841832748,0.0007273612326438774
2024-04-25,0.0004953751962166334,-5.130872936845812e-05,-0.0005992282992454694,0.0010619659806086728,0.0005724862243336331,-0.0010912570165555776,-0.0005802476215403564,0.0004234561033711599,0.0006067407972723304,0.0012130094808173227,-0.0006834427283633993,0.0001352644594808149
2024-04-26,-0.000399682333669951,-0.0014825553779922451,-0.0011037731941428907,-0.007091185673977162,-0.005885692597803368,0.0017960160554949607,-0.000969883310882964,0.0004001410291416004,-0.00097722982986981,-0.006041348457499564,0.0011708544823086735,-0.0018799019062231833
2024-04-29,0.005582092259870817,0.003536105554352504,0.0019467702425888598,0.003414347140124481,0.002442386372146689,0.00267953210428453,0.0020123281827977096,0.005885825359065838,0.005339637679892315,0.00204840940545147,0.0034106276904700863,-0.001747000232733299
2024-04-30,-0.018021471390179768,-0.020445866596587002,-0.022340384936943083,-0.03238533133443569,-0.0348070519293114,-0.01103176832010265,-0.021801268376472113,-0.015965777604748644,-0.018791083431550584,-0.026383383392286512,-0.012372623927834848,-0.022548522715922042
2024-05-01,-0.00269803617519613,-0.005486029387795223,-0.007183754929212619,-0.01013815811817905,-0.010834812297587681,-0.0016314021276826619,-0.006917298583589231,-0.0020600378799326053,-0.0033975237634633693,-0.007346488336827803,-0.001071578293044378,-0.015762300517042832
2024-05-02,0.008897567542598284,0.008155784834797692,0.007679629546368176,0.009836868091283755,0.009517192080135519,0.005219160432816612,0.007512052751870137,0.007716377206382756,0.008857804340602507,0.007176632441593862,0.006043077655202666,0.006786409438469728
2024-05-03,0.012213368313146865,0.016461338414196336,0.018921454009623556,0.029467994955876726,0.0314408260024962,0.007077518450155331,0.01828221036304581,0.010226269759438463,0.013347008817739488,0.02426665898341847,0.008073816274707908,0.015950763607741347
2024-05-06,0.0047016480151099525,0.0028344405960154763,0.002642580231581467,-0.0007068836852995976,0.00012368256059619963,0.0027827595876453413,0.0026268836392232104,0.005499586911002188,0.0043357849576882036,0.0023693985996372157,0.0032646222596391995,0.0025475873953637105
2024-05-07,-0.0005956987950180763,-0.0031651948862849934,-0.004691511761806176,-0.011251045129145824,-0.011803331604197243,0.0013675576744396469,-0.004324913868447399,0.001137068607218649,-0.0013432374566552335,-0.00788465483032649,0.000994363620916296,-0.00033476220431839353
2024-05-08,-0.001894324181067544,-0.001778948637832232,-0.0026674978286373714,-0.0015855864296502402,-0.004151300262544155,-0.0017164081880076212,-0.002649770188908525,-0.0019713564715094292,-0.001578775256918445,-0.001420931131758843,-0.0016031138483816345,-0.0017517769594796115
2024-05-09,0.01146109555945157,0.010336056392969094,0.00903952346020742,0.01606268640747087,0.015933894189114846,0.005374607547876817,0.008949187250124084,0.010574179776335594,0.011523422487594612,0.013792771824369696,0.006840711049280213,0.004755364120549246
2024-05-10,-0.004563479870041791,-0.00776044754904018,-0.009378697231414983,-0.01985354562374506,-0.021501082454896927,-0.0008797071152202094,-0.009116196027224327,-0.0028104649582386602,-0.00538906580645025,-0.01463815890316285,-0.0016385998782833117,-0.004137454185630904
2024-05-13,0.003228469721137345,0.0030779161223324944,0.0027904753988721343,0.007665328001567977,0.008212921182708069,-0.0006793532107815997,0.0027409985317749432,0.0025409223100971703,0.0035143281890259587,0.005527314471554162,0.000240225238571914,-0.0012132379592780284
2024-05-14,1.3072534083696363e-05,-0.0024968831569345514,-0.002438227997765119,-0.012433374458860804,-0.011406135821838814,0.0022796120567627476,-0.00226722424093987,0.002188375034820225,-0.0008953612038265508,-0.010578610950350897,0.0020904022425872245,0.003233392599917402
2024-05-15,0.01656762963341282,0.02087527602761775,0.02391254265639995,0.037849073065659405,0.04111533657771564,0.008849795929564901,0.023173481904077992,0.014577112684908725,0.01769064809876089,0.028475670200934732,0.011167027940482629,0.01685507806627713
2024-05-16,-0.0018605842108896965,-0.004620013548312436,-0.006424940349441688,-0.008522240087153151,-0.00997491046244417,-0.002461524128767186,-0.0062160860993338615,-0.0012718049588454012,-0.0023596401474175765,-0.008205623264833584,-0.0022826497026419796,-0.004761201620134378
2024-05-17,0.011788626232613477,0.012209282921396877,0.012383799053104522,0.023030718218736736,0.023352511033097236,0.004014480016211137,0.011886996127089822,0.011330241663517801,0.012418069802817063,0.017177360235762613,0.0060238376493570184,0.008399012799869907
2024-05-20,0.008569095174403615,0.007993945990014533,0.0077193957916126,0.03344812572688639,0.028318409707140002,-5.8368765310538515e-06,0.007413269581127076,0.004529798935219316,0.008488558350252336,0.03224439569093205,0.0011530332412080274,0.0004739119678457641
2024-05-21,0.0011376272313189963,0.0016548778801114333,0.0012903099286269953,0.005328277020946322,0.0027632764810169887,0.0010680311341146784,0.0012675350035883872,0.0009506723524722419,0.0011376272313189963,0.003809108776151667,0.001182602867820827,0.002414749453043233
2024-05-22,-0.008045480506199649,-0.009433018342770433,-0.010543633534558484,-0.013032822788338365,-0.012750029421430609,-0.005825198465607199,-0.010102198283079546,-0.007406902187437796,-0.008045480506199649,-0.013690542345386799,-0.006128755168383243,-0.0014433922554987501
2024-05-23,-0.009900749491030307,-0.00991465316076626,-0.009773617882181299,-0.013238151349653077,-0.011895985366339474,-0.006841753586914392,-0.009370971302019856,-0.009427079441756307,-0.009900749491030307,-0.010229489847640397,-0.007228495803533277,0.0001866039576892
2024-05-24,0.0018652401654048944,0.0031273469298456597,0.00432880650555583,0.001913473929263359,0.00312913623596641,0.003146667367626672,0.004159060103700307,0.0018466167946430618,0.0018652401654048944,0.0014220435433490147,0.0030158315656667284,0.0016934212612381735
2024-05-27,0.002332885015696764,0.002357241836565378,0.002455959683206355,0.008247745362239477,0.007363580686951644,0.0004675557951127271,0.002339652491177604,0.001287018386450462,0.002332885015696764,0.007827111112406991,0.0006382075807651722,0.00021215453346606276
2024-05-28,0.0002991899273287653,6.555038483485633e-05,-0.0002733980606935942,-0.002340812973059289,-0.0017989157143826083,-0.0012527976898728398,-0.0003375610677643584,0.001925674832016919,0.0002991899273287653,-0.0009592786237697173,-0.0010835445077449842,0.0001773285913555223
2024-05-29,-0.011376512482994584,-0.01079933224539965,-0.010799751401780966,-0.011703670887868323,-0.011501629493819167,-0.007493143582856035,-0.010349280047628858,-0.011132938487889241,-0.011376512482994584,-0.011606232815068198,-0.00799875986814985,-0.0018874503618407654
2024-05-30,-0.0004465918023544295,8.314518541486447e-05,0.0004568470104196296,-0.0014375989529780762,-0.00011872053902639524,0.0023303810585159858,0.0005169446643032769,-0.0007565919582476624,-0.0004465918023544295,-0.002795784600832376,0.0019490949510678345,0.0006628468477686486
2024-05-31,0.0037302973939347477,0.0038597711890255054,0.004105852149794443,-0.0005602905133296979,1.9862091666349472e-05,0.0049108017976387825,0.00399875017317878,0.004047292126656528,0.0037302973939347477,-0.0007616008744216092,0.0047678515790551814,0.001082278294212963
2024-06-03,0.005220643479621353,0.004715283322380654,0.003296203814477058,0.014786598920654594,0.009464038868285415,0.0023827071445864136,0.0032399631018557983,0.004353890656265837,0.005220643479621353,0.01018211941715279,0.0030065855800018807,0.007550012413463568
2024-06-04,-0.0006093511403638631,-0.000366238633677207,-0.0020166316731617725,0.01637238149824389,0.010779672623808504,-0.001552957732777304,-0.0018458180339371768,-0.003337381275275445,-0.0006093511403638631,0.010126520845226186,-0.0013126264119788307,-0.005897662689138582
2024-06-05,0.00805902603422045,0.008457199135499105,0.009060455044334151,0.011640638748955896,0.010082844303750543,0.0053407729569761265,0.008700699713683466,0.00814317165854601,0.00805902603422045,0.00866977840226887,0.005818524573192147,0.006286738795279322
2024-06-06,0.002961083037445522,0.0031263745580287,0.003000163070920781,0.0038350914284042284,0.0029718898408506293,0.0016536506920769073,0.002858388270195252,0.003748967688270763,0.002961083037445522,0.0022196985346334577,0.0018806465451385332,0.0030188295747137954
2024-06-07,-0.013215449579904698,-0.013350739124259676,-0.012366009610630394,-0.02270745258058579,-0.019488205634542684,-0.008954705251653957,-0.011994652878331635,-0.011965312537145906,-0.013215449579904698,-0.024576091195001572,-0.009536610072940196,-0.005527531296647818
2024-06-10,-0.0005634121388796189,-0.0012134612385745396,5.50079964032849e-05,-0.014727999813478493,-0.007572727842701013,0.0010766206028975673,4.277735793705578e-05,0.0011272669414694272,-0.0005634121388796189,-0.008384183086486356,0.0005531404213509371,-0.0024075603950933842
2024-06-11,-0.005083140962730813,-0.006818754900544777,-0.00777255519705008,-0.01876600505526038,-0.016670934168888034,-0.001743210296376936,-0.007351171514712926,-0.0021813521599349734,-0.005083140962730813,-0.018425250457088073,-0.0022789507361168876,0.0028813199236981586
2024-06-12,0.0067670762666198125,0.007125457089196416,0.007510295770299584,0.012979045525604532,0.011682531427288857,0.004819877406352776,0.007249726972738704,0.005571978440226563,0.0067670762666198125,0.013665812686749223,0.004998334885066508,0.005259997357777678
2024-06-13,-0.006640737513408811,-0.006918040278329001,-0.0070177079528766645,-0.015910408809664232,-0.013314682403021813,-0.001196930644048584,-0.006595746180128774,-0.005064648227866741,-0.006640737513408811,-0.016409319207466116,-0.002083510708777258,0.0007345420775748703
2024-06-14,-0.0012651628499768266,-0.0012880901140115363,-0.0018738223923262464,-0.0005071500304318903,-0.001908201971379901,-0.0006315768992247142,-0.0017710275891433711,-0.0006715718338906561,-0.0012651628499768266,-0.0013596529117764246,-0.0006970378299620266,0.0004835994994286625
2024-06-17,0.002027874367496619,0.0026528035015440507,0.0037804294038263466,0.002908051267671884,0.0037519393521342984,0.0007685795943684346,0.0035665720341525424,0.0008612555681208456,0.002027874367496619,0.006028974762986755,0.0010313112566010894,-0.002525175309171962
2024-06-18,0.0009659646460496282,0.0006103495184702133,0.0007167431919131278,-0.008213990055184063,-0.005886354840343741,0.0028749681512275855,0.0007593545697649113,0.0029624858158754813,0.0009659646460496282,-0.008336270956183663,0.0025990380561005423,0.0022941056910608425
2024-06-19,0.0012027159164303227,0.0012568771786167275,0.0010317383219431708,0.004712749870226142,0.0032583869328099207,0.00020773843391109863,0.0009850683290966865,0.0006596877829880436,0.0012027159164303227,0.00425534600982885,0.0003705924324789204,5.355814799223715e-05
2024-06-20,-0.0011099559805081852,0.00011609236057408213,0.0010786174662841938,-0.002399879475689693,-0.001108951074226562,0.00018728905994740673,0.0010011597931258633,-0.0007130800997022498,-0.0011099559805081852,-0.003317492222994689,2.354436705870978e-05,-0.003653899944022338
2024-06-21,-0.004512363285531456,-0.005112146079102194,-0.0056847641197193014,-0.0073481559218470435,-0.0070388638337024745,-0.002547126278699574,-0.0054101715372039515,-0.004415458277532001,-0.004512363285531456,-0.006531479232705852,-0.002837165586807592,-0.003002099833825289
2024-06-24,-0.00018662549908353985,-0.0011659029517497046,-0.0018254476896328842,-0.017393402642480314,-0.014655516226822238,0.0022649822333641934,-0.0017406500609782822,0.0020310046582738646,-0.00018662549908353985,-0.014776364702158092,0.001864281249618317,-0.0007736505525154418
2024-06-25,-0.002072035636374343,-0.0014867273931576002,-0.0011629134943410163,0.006598463304081554,0.004848724094928819,-0.001868933186975699,-0.0010960909150711927,-0.0035901457488912436,-0.002072035636374343,0.004039665610582995,-0.0019047885843153866,-0.0020048330180219994
2024-06-26,-0.004693956153394506,-0.004247769911545308,-0.0040667937226154475,-0.007459432336772084,-0.006291758839225378,-0.003032554979790514,-0.003955964490592768,-0.004276128495970121,-0.004693956153394506,-0.007100129363928129,-0.003293027380206645,-0.0027011175618698174
2024-06-27,0.0020305168159872895,0.0023919648985366504,0.0028246844431651773,0.007809904013958062,0.00647906898003397,0.0013433202530019283,0.0027406141050957803,0.0013071489146045429,0.0020305168159872895,0.007034500238862976,0.0014219798784104102,0.0010482137526424044
2024-06-28,-0.0033659011627001512,-0.0026153924802766485,-0.0018930023191557352,-0.009444431989626259,-0.007345688874996355,-0.0013756723469574672,-0.0018464736763932528,-0.0025922684627183905,-0.0033659011627001512,-0.007467633521976243,-0.0016263386979333875,-0.0007967383570069895
2024-07-01,0.0006309947995660618,0.0022316092660106565,0.003808661211991334,0.013099868378910346,0.01224967727180942,-0.001733867224872013,0.0035497312103754193,-0.0012997367081835037,0.0006309947995660618,0.011239490087086787,-0.0014044996033642267,-0.001473298064698757
2024-07-02,0.004669395769036199,0.0038293157087483255,0.0032350851428820226,0.0015345193279667421,0.0014857530907551805,0.0037404330408960943,0.0031489062059959147,0.004414640540855433,0.004669395769036199,0.0045567053294366475,0.0037198325469271617,0.003262347238607897
2024-07-03,0.0013501406253252077,0.0014787996347780464,0.001944520414364898,-0.010986830973720052,-0.0076154689144608875,0.004627435253763997,0.0019401538992949536,0.0037179286433651855,0.0013501406253252077,-0.011593881834771391,0.00409070109806226,0.0024472006418763724
2024-07-04,-0.009711903169146963,-0.00904515222326479,-0.008011241149801377,-0.03223497145499666,-0.025386426802570285,-0.0014367214977597366,-0.007663005245468277,-0.005320066761250582,-0.009711903169146963,-0.033619417192457465,-0.0025193671954262444,-0.0010540581134793586
2024-07-05,0.0007814999251373265,0.0016527916157707547,0.0021806057654833125,-0.006104666928285766,-0.003292344752443448,0.004141443549523938,0.002188420571608048,0.0026396972447537215,0.0007814999251373265,-0.0050650001824408715,0.0037191061521903903,0.0048520418780436045
2024-07-08,0.0001823909052633861,-0.0005300948955336465,-0.0012503846854180472,0.005211511507512155,0.0024262185366440347,-0.0013826032303575595,-0.0011897275982227203,-0.0010994842753080341,0.0001823909052633861,0.004500469614657306,-0.0012071321174989174,-0.0020458648933954636
2024-07-09,0.001003308346627648,0.0012766803704512002,0.0015745734401574052,0.006465626381775901,0.005862365662637878,-0.0003770859761476703,0.001481541217893892,-0.00010679653352295925,0.001003308346627648,0.0061084336532131085,-0.0001930330638666805,0.002643919796001018
2024-07-10,0.005989607506282192,0.006228077581023393,0.006496984130580436,0.00715776035766044,0.006699872030359579,0.004649025615321966,0.006219319429939415,0.005372805696237742,0.005989607506282192,0.007336112371367187,0.004784448131990436,-0.0004898518240455951
2024-07-11,0.006519952355861871,0.0056803124407444755,0.004929912399690701,0.0028013767366653237,0.0034152504009040087,0.005606927747982103,0.004834537379497042,0.006291853470540634,0.006519952355861871,0.007485251532258837,0.005588502939809791,0.006207274385431326
2024-07-12,0.0074419335215504655,0.006499031325306182,0.005997942399322775,0.009156798992985792,0.008002393374440569,0.004291693118517122,0.005814900195326824,0.00575503308728968,0.0074419335215504655,0.013431266330547679,0.004690085949176765,0.0014881028674754403
2024-07-15,0.00930404749034354,0.01062141458662768,0.011646139693531963,0.04714954140395615,0.03799493067347236,-0.0002504927040127679,0.011132381244645162,0.00302148994646276,0.00930404749034354,0.046631488122066474,0.0012449914365675724,0.0006558843583292334
2024-07-16,0.006755385522448472,0.0060141595103651085,0.006006502918532129,0.0008759199731336058,0.00141258381049583,0.005585168799965973,0.0058159490398281295,0.006589702676731545,0.006755385522448472,0.006985457672083357,0.005871952280212698,0.0024174540932085627
2024-07-17,-0.0029691913833858634,-0.004557943924013553,-0.005847200057847526,-0.010148038708047343,-0.008945128447690394,-0.0021239609920197496,-0.005522597416893405,-0.0037189058861022183,-0.0029691913833858634,0.002295372738882452,-0.002239269668582509,-0.0005001282478510356
2024-07-18,-0.0093896518837271,-0.008150162395949288,-0.007553331725859579,-0.005174534100371931,-0.005545451367340698,-0.00588096464720073,-0.007296246759919703,-0.00830330396705779,-0.0093896518837271,-0.016345260359536398,-0.006373300691398513,-0.0021811258723453838
2024-07-19,-0.001883369546802407,-0.002061907557769725,-0.0030157796901718924,0.011484490991581853,0.007995600373747209,-0.004333119411941545,-0.002911570685781421,-0.0040286581960715185,-0.001883369546802407,0.008545424288006713,-0.003924034967921613,-0.005192601227179969
2024-07-22,0.005801841239420548,0.0049815021935105605,0.005306922484582983,0.000407320216934503,0.0025150777099914767,0.0034409118835511537,0.005083974707956202,0.0055328210259174195,0.005801841239420548,0.0055803614354392895,0.003843158080753713,0.0054959292163541205
2024-07-23,-0.005397652768003908,-0.005203502318342321,-0.005478545752029171,-0.008204692070436927,-0.00830691828260008,-0.002645748276683115,-0.00521698154327009,-0.004497576567103747,-0.005397652768003908,-0.00843969971351566,-0.002952746156506815,-0.0021912589638319255
2024-07-24,-0.00951327176286926,-0.010437818265276497,-0.012111501101537537,-0.014209522486202242,-0.013809058718877974,-0.007137447130087391,-0.01153603080672538,-0.009451647488272485,-0.00951327176286926,-0.007264014769225717,-0.0073269486176193496,-0.0029336265219711355
2024-07-25,-0.0059185342767939485,-0.004339017713217771,-0.0028298756249526278,-0.007767521405874061,-0.006367343791916299,-0.001178655214390237,-0.002679696973668672,-0.004727913465780375,-0.0059185342767939485,-0.013630396731591799,-0.0017157930765547118,-0.0008950790217523207
2024-07-26,0.010226996867787198,0.011249961793388514,0.012410869346093992,0.01841884250817987,0.017015245200896312,0.0075388070989311304,0.011906861372885106,0.008526272844777107,0.010226996867787198,0.015406008538289278,0.007892350940802803,0.005720693180387291
2024-07-29,-0.0010327291147090845,-0.001693193968132833,-0.00235856484033361,-0.005269442176927599,-0.004758902522136678,-2.4065494500836472e-05,-0.002229633724298306,-0.0005018381722149154,-0.0010327291147090845,-0.004301146840438719,-0.0002117526476703941,-0.0016663345515770555
2024-07-30,0.003085172499938626,0.00236818835629358,0.001332960884611419,0.0028379172745560113,0.0005154979983188984,0.0012229544353189858,0.0013163957921000923,0.002967253135181746,0.003085172499938626,0.006606155496105368,0.001653387163955022,0.002026826111646675
2024-07-31,0.005856135559916858,0.006368207180097456,0.007446547677554051,-0.0029362170914823916,0.00013879629889315985,0.0073678119835870895,0.0072230540564707695,0.0075311942543502385,0.005856135559916858,-0.002406276911396568,0.007053667354237231,0.003446992646322019
2024-08-01,-0.009145124982353217,-0.009654483368448426,-0.01142288043478117,-0.006899146317345513,-0.007786910547390497,-0.005261760918737197,-0.010815191373373948,-0.008922485533539023,-0.009145124982353217,-0.01072100578708637,-0.005871905808095351,-0.0027822986956329695
2024-08-02,-0.013689428191278925,-0.015465098570314403,-0.018515798204881806,-0.033757370682040856,-0.031237803316364443,-0.003809178371035025,-0.017369376125113654,-0.009585441800726947,-0.013689428191278925,-0.03229534698357658,-0.005195006515137166,0.0009785342346345296
2024-08-05,-0.033961260776721416,-0.035297282604334373,-0.03641585554474412,-0.07841509509931618,-0.06748043706417083,-0.015229430688103679,-0.03469863683797341,-0.026044756436148127,-0.033961260776721416,-0.07604523995354409,-0.017901239779453126,-0.00743590129394633
2024-08-06,0.00700566362801855,0.007832212264113592,0.008866421713699453,0.018059994953771072,0.01563546582673641,0.0018816902617161857,0.008317352220645146,0.004948185188941118,0.00700566362801855,0.016695897157178622,0.0026775578652261218,0.0009033304394129183
2024-08-07,0.0025816673303380214,-0.001373351066030162,-0.003794332080021918,-0.01146361515791025,-0.0095062935782496,-0.001706468436519721,-0.0035698824874879497,0.0014400350642727764,0.0025816673303380214,0.01284899526102427,-0.0010563947083899387,0.0010433234743311036
2024-08-08,0.021033361028937547,0.023465026459080215,0.02615171522509535,0.056266828537626504,0.05001836746392395,0.009707337569731342,0.02481824005971564,0.016188118684044076,0.021033361028937547,0.045215021236248536,0.011295289950108544,0.0038282261800723673
2024-08-09,-0.0004936572848179405,0.00015117540893962557,0.0009192609753005664,-0.006692727325775606,-0.004029683189900677,0.002522656113314523,0.0008834680265037098,0.0014432629547768742,-0.0004936572848179405,-0.011312312056212434,0.0019992688186046695,0.00358506813724212
2024-08-12,0.002139957332266655,0.0021982622337182564,0.0017135925792103241,0.0043186931136099775,0.0027129690073529277,0.001401127483851663,0.0016647865021027206,0.00276024309543982,0.002139957332266655,0.002599560056567155,0.0014651660774156097,-0.0004624864520215953
2024-08-13,0.006313997778118837,0.006810923913924164,0.007599522960255914,0.007332072970500254,0.007886134929769962,0.005873483051031114,0.007328044465987832,0.005699271496850334,0.006313997778118837,0.005262694135090794,0.005974847518739915,0.0008907199314830644
2024-08-14,-0.0014941357026528896,-0.0014529427873247978,-0.001518889328481292,-0.006634286341185391,-0.006975565631503304,0.0003840794823692311,-0.0014481673527123064,-0.0005399176563131581,-0.0014941357026528896,-0.007974630802982254,0.00023743482223661892,-0.000509025309332978
2024-08-15,0.004210678330601404,0.0030141270733069865,0.0012103307539877654,-0.0023104851564782125,-0.004931211271142425,0.002413809600947731,0.0013221837551207843,0.005296474251452276,0.004210678330601404,0.007093782831392907,0.003345905924676735,-0.0004979149010448878
2024-08-16,0.004246926983152045,0.00469491328807211,0.005198734623515465,0.007836179400602064,0.007891745056933117,0.0033279091071692054,0.005198734623515465,0.003471489669780624,0.004246926983152045,0.00430193751543382,0.0032644545983533755,0.0029096457980831696
2024-08-19,0.011062004693879203,0.009563512557536843,0.009446132822427183,0.02191095195047924,0.021932268153730627,0.004416787924525335,0.009446132822427183,0.009004684008759912,0.011062004693879203,0.007947551842649881,0.005058238564674672,0.0030313854039016016
2024-08-20,-0.002063909237596189,-0.0008608928399321363,-2.9639196928186383e-05,0.0001480111439778433,0.00016388139206246805,-0.0002305253432386172,-2.9639196928186383e-05,-0.0016961654998620093,-0.002063909237596189,-0.002029702290027067,-0.0005221724635894396,0.002929005983166519
2024-08-21,0.007503229976719097,0.005915124592666038,0.0062185130579835764,0.009907513482041008,0.012640916509428063,0.0032372189722792745,0.0062185130579835764,0.005690973552146583,0.007503229976719097,0.0049093461157271815,0.0038660880636601502,0.0019996002449826624
2024-08-22,-0.005089463948444834,-0.0036285261765048793,-0.0023867548647981845,-0.000887413671864674,0.0001772406377697197,-0.0029032433248604066,-0.0023867548647981845,-0.005866266273265537,-0.005089463948444834,-0.006311600402027523,-0.003739935471563585,-0.0020075171567015275
2024-08-23,0.015928451976463844,0.013903890601465432,0.014022866425369302,0.023517729656316225,0.025246572442935294,0.008953655708315673,0.014022866425369302,0.014052728288863399,0.015928451976463844,0.015701876978941726,0.009636689424513525,0.005423396441609139
2024-08-26,-0.006428410158750707,-0.005070697549979838,-0.006173259357063265,-0.020289530600306575,-0.022275701303145212,-0.00035258831008657017,-0.006173259357063265,-0.0031614175053048853,-0.006428410158750707,0.0002921567888969508,-0.0009074774133197667,0.002065626200035721
2024-08-27,-0.006471067152793225,-0.004772654861363836,-0.00561273411698127,-0.01866191606877554,-0.021950313142410773,-5.697343551620837e-06,-0.00561273411698127,-0.0038253608335196377,-0.006471067152793225,-0.003621661440788586,-0.0005159761107260313,0.00020331729037180137
2024-08-28,-0.004153868783597503,-0.0032233149748926164,-0.00211543974246866,-0.0019103439360431203,-0.0006890827330886436,-0.0024651680451906756,-0.00211543974246866,-0.004678190809115604,-0.004153868783597503,-0.007385679872572272,-0.003008667143586865,-0.0013796850886907484
2024-08-29,0.0022275722238877423,0.0016748919691715746,0.0014443290083515285,0.0022368955612841073,0.0022070039267513206,0.000819050814148262,0.0014443290083515285,0.0022971683423175645,0.0022275722238877423,0.00312804734226979,0.0009813109881993557,-0.00035050540424982755
2024-08-30,0.00033321740133671496,0.001276526178799931,0.001931879289772574,0.0004104750458364746,-0.0002296915855179848,0.0010161106149583084,0.001931879289772574,-0.00010345365388601634,0.00033321740133671496,-0.001915107656490102,0.0010255737529734183,-0.00014644062230657852
2024-09-02,-0.0011851182536438232,-0.0008906426297329637,-0.00103401582639534,-0.0031801570119472395,-0.003808189731617532,-7.552664861186609e-05,-0.00103401582639534,-0.0006522976381761865,-0.0011851182536438232,-0.0005722774197903135,-0.00015797021100464432,-6.770015240387994e-07
2024-09-03,-0.01275251290669939,-0.010099007448139356,-0.009816897021837927,-0.017096138306991908,-0.018828969719468253,-0.005102686698163564,-0.009816897021837927,-0.010559219252664318,-0.01275251290669939,-0.014535533780381327,-0.005927287275366285,-0.0011070032541226702
2024-09-04,-0.00017309948266436916,0.0005537536389853873,0.0010986705099921023,-0.0011558824834647242,-0.0005928178615988754,0.0014723958105250252,0.0010986705099921023,-0.0004388626592836905,-0.00017309948266436916,-0.002454981150419645,0.0013604289780044104,0.00035828951290533444
2024-09-05,0.00011810270925308999,-0.001251896189040927,-0.0032043661371858553,-0.008449180818345274,-0.009863572669570574,-0.00022811343812015328,-0.0032043661371858553,0.0021858329977015607,0.00011810270925308999,0.004139066354527495,0.0005446099363171987,0.0007911802074470098
2024-09-06,-0.013351800254281404,-0.011336967536376006,-0.011537739690528317,-0.02199728576251238,-0.02365826741479479,-0.005540037557926531,-0.011537739690528317,-0.010941972911237028,-0.013351800254281404,-0.01196564324697041,-0.006292596815265093,-0.0025896044844345542
2024-09-09,0.013735330529794263,0.012675557159983298,0.014282342866415436,0.030115424694662624,0.03357386492074729,0.006013709043399127,0.014282342866415436,0.010265902563481779,0.013735330529794263,0.011891105156138781,0.006682215056016342,0.0049675550155926194
2024-09-10,0.0019822290998384295,0.0018455248356199693,0.0019267772133900367,0.0040602057906772675,0.003372601294116321,0.0008698242595912867,0.0019267772133900367,0.0016778052911842183,0.0019822290998384295,-0.00019342322978286122,0.0011877138279324032,0.0002569962281458517
2024-09-11,0.004153292610338897,0.0029485565964669004,0.0024117660149812125,0.0052746223371689625,0.005047326694323816,0.001101598544098625,0.0024117660149812125,0.00388354611361989,0.004153292610338897,0.005648351339474934,0.0016959752875709126,0.0023192429405209966
2024-09-12,0.010250703769731261,0.008084183492296502,0.006845924743308774,0.013973664204428889,0.012719194332781538,0.003969469916217799,0.006845924743308774,0.009812914515027112,0.010250703769731261,0.013250015971276135,0.004807030253035509,0.0018486293471075025
2024-09-13,0.008123228263671154,0.008056357792605839,0.008566693745685913,0.017639752883015697,0.017686246902302635,0.0046430015248844075,0.008566693745685913,0.006859186128732455,0.008123228263671154,0.008564633719688332,0.00496189038596493,0.0038590596499624838
2024-09-16,-0.0008482836588355494,-0.00020987679638436975,-0.002046379463304555,-0.015236595328572876,-0.01877397053253055,0.0038597722053177012,-0.002046379463304555,0.0020010178496232987,-0.0008482836588355494,0.0019281568097681413,0.003249557322890397,0.0028981547724942413
2024-09-17,0.0012337817967992344,0.0011248912272554523,0.0019225745616682178,0.009815199060484486,0.010880989933832515,-0.0009112816393664222,0.0019225745616682178,-5.832020673214328e-06,0.0012337817967992344,0.0003455728114699464,-0.000707599466018255,-0.0007569273660094503
2024-09-18,-0.00219809953610606,-0.0017263414525933852,-0.0002246087117445776,0.0051583519898745715,0.00740428800789598,-0.002818936752818557,-0.0002246087117445776,-0.0036526374688831166,-0.00219809953610606,-0.004608499556183981,-0.002945291013031299,-0.0011328227782604395
2024-09-19,0.012555667459760623,0.010123223868905205,0.009446096188924207,0.014825507444028056,0.015258637881159325,0.0063566194566832285,0.009446096188924207,0.011377401611188578,0.012555667459760623,0.01354266976226337,0.007222378867381584,0.0020692007421213646
2024-09-20,0.0016549785840831045,0.0015117237952654223,0.0012891170385614646,0.0053941499000906366,0.004528625770569165,-0.0004806099944482783,0.0012891170385614646,0.001496613136179086,0.0016549785840831045,0.001931586392286239,-0.00011500432499393857,0.0002690320690353456
2024-09-23,0.007748290649962392,0.006795392922291142,0.006989501323400319,0.017081918586667983,0.017979064318057646,0.0026700479894490306,0.006989501323400319,0.006059087442766233,0.007748290649962392,0.005180124488346642,0.003191458823437155,0.0031462483889695375
2024-09-24,0.011467650944058987,0.007556197316038353,0.0049333516931177115,0.008270388953033808,0.008873647964687958,0.004964924323508418,0.0049333516931177115,0.009854333255064317,0.011467650944058987,0.01332344462995599,0.0059506150987413695,0.0019472896513369397
2024-09-25,-0.008056721497642135,-0.0069271556496427545,-0.006731854707802895,-0.013266190657164438,-0.014213551236766072,-0.004843707325297175,-0.006731854707802895,-0.006767625740083194,-0.008056721497642135,-0.006493108257036277,-0.004951123325689865,-0.001486163524633673
2024-09-26,0.010713269083809259,0.0082313529703157,0.007927803788376547,0.012602781932461464,0.015452230155724346,0.0049845690550171145,0.007927803788376547,0.007941246701701283,0.010713269083809259,0.007170322036546309,0.005624088165688067,0.0008828035261512876
2024-09-27,0.0031672719037645846,0.0025909884963347925,0.002337355886293666,0.006392743480082452,0.006615614061358214,0.0016953055230181997,0.002337355886293666,0.0028866575758438656,0.0031672719037645846,0.0015049794502619376,0.0017705293631500416,0.002100321456978992
2024-09-30,-0.0083280569773698,-0.007415180293283247,-0.008568267312631737,-0.023113467907337093,-0.02550220476987149,-0.0024348496550574156,-0.008568267312631737,-0.006528409896693111,-0.0083280569773698,-0.008126468256661534,-0.00322922207796599,-0.004362729141431614
2024-10-01,-0.003712820245738535,-0.003788674330847048,-0.006579899064211137,-0.01693808363735606,-0.02072599146122712,0.0007290600203302756,-0.006579899064211137,-0.0010481171332912375,-0.003712820245738535,9.1262336496423e-05,0.000581797008861912,-0.0024772417939467146
2024-10-02,-0.00048078138494994605,-0.0005725427296186497,-0.0018636517588211151,-0.0035556968219536576,-0.006219165610628184,0.0007134758758423099,-0.0018636517588211151,0.0006029757060357373,-0.00048078138494994605,0.00228408883189959,0.0008820091972978018,-0.0011593359466216659
2024-10-03,-0.00522624377456946,-0.004792406051719343,-0.004562466231460033,-0.0019781536078226883,-0.0025494661787081856,-0.004638630782251296,-0.004562466231460033,-0.004564287975443704,-0.00522624377456946,-0.0027662999876450906,-0.00500832517640053,-0.003033678329420457
2024-10-04,0.003882195941399031,0.0030687231833929664,0.003498232260464115,0.010044807990568304,0.011253482023530815,-1.555119641537218e-06,0.003498232260464115,0.0014468295199944728,0.003882195941399031,0.0019451964561407087,0.0002477791805847709,-0.003819247950822094
2024-10-07,-0.00404215321519528,-0.004348512364841031,-0.004372475320938589,-0.0014778201211547725,-0.0002632915607349292,-0.003338968814850725,-0.004372475320938589,-0.005028434091769477,-0.00404215321519528,-0.0043004934219130495,-0.003920175667793283,-0.004153856470177134
2024-10-08,-0.006182868141641697,-0.0021792490748090447,0.0018752531466500323,0.0042432003174058186,0.004958426182071136,-0.0025644889309803438,0.0018752531466500323,-0.005770745670623344,-0.006182868141641697,-0.00847917193128431,-0.0028396141407861816,0.002640945531688551
2024-10-09,-0.0035708263253295095,-0.0024464529520472015,-0.00199443353028518,-0.008887256780371711,-0.009385933653836854,-0.0004688944816330288,-0.00199443353028518,-0.0027554186769992665,-0.0035708263253295095,-0.0028337824993219926,-0.000908660968783379,0.0009333306586274562
2024-10-10,0.0020255371942345343,0.00022559955011554951,-0.0014320469478307518,-0.002622475617640496,-0.0030003356578697685,0.00027840626502844665,-0.0014320469478307518,0.0025700855930655695,0.0020255371942345343,0.005802543467752908,0.0006111488614514185,0.0013017624565183513
2024-10-11,0.007676417467697239,0.007729355996418633,0.008646241000817824,0.015405075176387444,0.016069512036712457,0.0043207232625442505,0.008646241000817824,0.006327333296874573,0.007676417467697239,0.008139647862409609,0.004500399554683823,0.0028343599008479963
2024-10-14,0.004307916101886299,0.0052752623873255095,0.008118310029060145,0.020278379826914522,0.023195389812379952,0.001010472866814746,0.008118310029060145,0.0013032685634909184,0.004307916101886299,-0.00017023348600810886,0.0010809532921754723,-0.0005511757306102076
2024-10-15,-0.005513199679805576,-0.002697959039187206,-0.0008510284166501334,0.0021451433586173116,0.0012722638764443778,-0.0026874682094532396,-0.0008510284166501334,-0.0045304992480652995,-0.005513199679805576,-0.005222319192175715,-0.0028045750840617776,0.0010571546054364994
2024-10-16,0.0037562347084650065,0.004647624425268313,0.00488567221961151,0.007496583024488934,0.006126349941967768,0.003611453932129787,0.00488567221961151,0.003196415637074219,0.0037562347084650065,0.0028866090171376533,0.003584522685329365,-0.0005751249547488836
2024-10-17,-0.005095346017201699,-0.004285976520936455,-0.0038356907824990266,-0.005547333554858128,-0.006045866003494065,-0.0034999689807511457,-0.0038356907824990266,-0.004404575196812106,-0.005095346017201699,-0.0028234242798424423,-0.0036059393035959416,-0.0030994551439287076
2024-10-18,0.0072433435475509735,0.006191522129415962,0.005390987428473148,0.011215886476903466,0.00984323001748352,0.0036569772168414724,0.005390987428473148,0.006221129003460578,0.0072433435475509735,0.007100625300191652,0.0041369435667213085,0.00011475064429848267
2024-10-21,-0.005151013715935806,-0.0060440790955830805,-0.006359562064983,-0.00524480190342732,-0.0047355660316346,-0.006574099340317874,-0.006359562064983,-0.005457468579117992,-0.005151013715935806,-0.0035605439139153555,-0.006358947979816244,-0.004538245984286267
2024-10-22,0.0005501057061516026,-0.0003865258302306752,-0.0017480594799655666,-0.0017875205617830982,-0.003251916650379285,-0.0005383721473791813,-0.0017480594799655666,0.0015782425544235079,0.0005501057061516026,0.004957600544178285,-8.804239878838242e-05,-0.00032252630692517674
2024-10-23,-0.007547293619413649,-0.006065992008274068,-0.0061567124312846885,-0.011394569975082288,-0.013252314257395627,-0.0032688162960542244,-0.0061567124312846885,-0.006250264508718633,-0.007547293619413649,-0.007682634042092299,-0.003846789984107168,-0.0025175753527165055
2024-10-24,0.00333218697165472,0.0028363234362639893,0.0032240973623722025,0.009397254415254418,0.009336669395554673,0.00042078692471854103,0.0032240973623722025,0.0029256710823753434,0.00333218697165472,0.0019104257783413262,0.0013595147522289539,-0.0013923346238378593
2024-10-25,-0.007951187804870335,-0.007147846855152014,-0.00791090645228316,-0.015810936158564576,-0.017947896318724024,-0.003416325940609354,-0.00791090645228316,-0.005480808634750655,-0.007951187804870335,-0.003995833449954474,-0.0035947619798383217,-0.002199463577528906
2024-10-28,0.0064840207484497155,0.006967860160489763,0.009375437194246605,0.022196521910288366,0.02520514134774449,0.0021705882055829996,0.009375437194246605,0.0027901867582154185,0.0064840207484497155,0.0013776016822791123,0.0023392530608516817,0.001015110639082956
2024-10-29,0.0025059098670953536,0.0015166913101440774,0.002380292591743295,0.009995007662481865,0.01177793835308055,-0.0011083538602210214,0.002380292591743295,0.0012584662430033808,0.0025059098670953536,0.002836264648516402,-0.0007965899110251053,0.0019056585218619432
2024-10-30,-0.003163474221663263,-0.0023898387351260764,-0.0019978460715296084,-0.005555315683054956,-0.004576847049857592,-0.0010255555174188695,-0.0019978460715296084,-0.0027107766986467236,-0.003163474221663263,-0.002003265825068372,-0.001563493383575287,0.0007571014252168018
2024-10-31,-0.011564513950118177,-0.010054440393525932,-0.010701155764767744,-0.02148335787895954,-0.021940668131499072,-0.00430394020886894,-0.010701155764767744,-0.009529908649432628,-0.011564513950118177,-0.010193309105979048,-0.005193996380648748,-0.001612191184981641
2024-11-01,-0.001713328391286312,-0.002678213563140237,-0.0023152576130567423,-0.0050048243364194086,-0.002829346028814524,-0.0025761447309200157,-0.0023152576130567423,-0.002772158535241714,-0.001713328391286312,-0.003458963779960267,-0.002289883805997971,-0.002458451544795604
2024-11-04,-0.0019657845677975984,-0.0019217644175767011,-0.004080038150564069,-0.01384211237819247,-0.01707774010626125,0.002208755609891783,-0.004080038150564069,0.0012904235244770813,-0.0019657845677975984,0.0022286002911156124,0.001922325411546329,0.0010158394522804413
2024-11-05,0.00896516635113135,0.008517841769998886,0.008791671889867741,0.013865153058064832,0.014214853713788514,0.005628659280783469,0.008791671889867741,0.007357508962107767,0.00896516635113135,0.007106181785232836,0.005957412103491596,0.00217863875297591
2024-11-06,0.006954007851720956,0.005794150403683616,0.010483603879145844,0.030663269337026327,0.03739163816516583,-0.002333258901172118,0.010483603879145844,0.0011102082981003184,0.006954007851720956,-0.0031778321578206786,-0.0017279384989459484,-0.0036603005968386185
2024-11-07,0.01498528118042154,0.01074255248121022,0.008935023607222075,0.011789922488173942,0.015794464666811094,0.007253804898865035,0.008935023607222075,0.012338406848176064,0.01498528118042154,0.01372405996546272,0.00826374863149304,0.006497756219631553
2024-11-08,-0.0004498728159675121,0.00031090636772696916,0.002285100176404108,0.0029900296065745497,0.00636168952526903,-0.001073036928540676,0.002285100176404108,-0.0019018261138027315,-0.0004498728159675121,-0.0050002528531595,-0.0011130446317741355,-0.0007658637796797643
2024-11-11,0.0277363643199837,0.01848880837613015,0.02193085573651512,0.06020674100018688,0.07656717553338477,-0.000155544490940063,0.02193085573651512,0.015123872866589477,0.0277363643199837,0.009251396678951768,0.0022340903397674397,-0.0017853126294061772
2024-11-12,-0.009789577486513575,-0.010859065553477595,-0.013377640723249687,-0.022818562563468,-0.023200935993706217,-0.006993437127656851,-0.013389719914393968,-0.00957643575734883,-0.009789577486513575,-0.0072498146583534935,-0.00759389987009764,-0.0039144735934142855
2024-11-13,-0.0017368110345581298,-0.0004417565631523585,-0.00011960546538870905,0.0022586434164140376,0.0009458092360995929,-0.0006985658509237622,-0.00015462757823983173,-0.001816319478237234,-0.0017368110345581298,-0.0015959861522213874,-0.0010007762905797574,0.0006974421344599785
2024-11-14,-0.0019299713734434155,-0.003938133971613423,-0.005762020981804416,-0.010472837317080139,-0.00986027639632606,-0.002116884679555118,-0.005733330219729797,-0.0026017944881086066,-0.0019299713734434155,0.003361454002692806,-0.001993935299698036,-0.0031521603155630264
2024-11-15,0.008841641126453881,0.005976104315445291,0.0028308569097240943,0.018926419370108798,0.014245981085700646,0.0009154111384760544,0.0028264942464797565,0.004165607404333927,0.008841641126453881,0.0331031841976788,0.0008710615772493594,0.001665447198735855
2024-11-18,0.021075686314705085,0.013403649147810764,0.006774998075111063,0.015900133198916325,0.01181389196617138,0.006561381473233565,0.006844276786401776,0.015980385933007556,0.021075686314705085,0.046550855447433426,0.007371171191206766,0.004541888066616125
2024-11-19,0.0005989855840530299,0.001037595927178091,0.0013235645502928995,0.0014589260648064477,0.0012105540963097603,0.0008611755345619326,0.0013363473896058026,0.0013913158735422762,0.0005989855840530299,-0.00195449492408806,0.0010591388333483231,0.0040748855005212315
2024-11-20,0.0033484444235607628,0.0022583773603277626,0.0012283299665118747,0.007628634720418857,0.0053109754271284774,0.00016457887341567385,0.0011817642830459993,0.0024315580491752692,0.0033484444235607628,0.00656415869785744,0.00017299089046212708,0.0028283616178077188
2024-11-21,0.015059617863370546,0.01247039214453968,0.010114826267237345,0.02407099785402644,0.02149976406315312,0.004565118162094884,0.010104572599153944,0.010292413943468331,0.015059617863370546,0.040137143637239865,0.004811055214912284,0.006357077934586568
2024-11-22,0.019311418148915602,0.014842987077820002,0.009822109232185558,0.030229210607679413,0.024230023864085046,0.006157540142018827,0.009795316723018584,0.01152531648015196,0.019311418148915602,0.05318678985273818,0.0061050277775356225,0.006108198917554524
2024-11-25,-0.003594581595267643,-0.002099262449843578,-0.0011344972774844499,-0.013326044419797546,-0.011614822372700107,0.0029706579426020305,-0.001203414267858399,-0.0011095777860172544,-0.003594581595267643,-0.015536049914432795,0.0029188941721353797,-0.0072355114188561945
2024-11-26,-0.001763959063935259,-0.001571254791313041,-0.0022302465964476807,-0.0059334650799397134,-0.0073051227743199144,-0.00045697798561342433,-0.0022581736109283535,-0.001028764315783032,-0.001763959063935259,-0.006096511289379186,-0.0007643970155544134,0.0009282328103369527
2024-11-27,0.009774246303406547,0.00976831973991232,0.010234861315122058,0.02708890205730406,0.02666146097448656,0.004272615967758025,0.010214233456417974,0.004833116044669503,0.009774246303406547,0.031234646973666146,0.004163079090772367,0.003993464833361803
2024-11-28,0.0033407672203771962,0.002110542696700726,0.0008295244882962076,0.0033530892281342433,0.002499746109002263,0.0006988406123703604,0.000828583313445914,0.001882738935194263,0.0033407672203771962,0.010211893874368919,0.0007376022674469613,-0.00023987726995936782
2024-11-29,0.017905813971247495,0.01134080753352987,0.00519091939516419,0.012870598679144512,0.009334629174444088,0.005893854121871962,0.005242450980168362,0.012978189928018437,0.017905813971247495,0.04105283047229878,0.006561261325448331,0.0035248800431041775
2024-12-02,0.038534855106471914,0.01898894164054584,-0.0016160014504196171,0.0175251051436845,0.005951455819442086,0.006985488990363199,-0.0016046739347455267,0.01974441551090829,0.038534855106471914,0.12146697688088087,0.007208182113573385,-0.004416588793000038
2024-12-03,-0.004757649077039431,0.0004712407729084078,0.007899696797276142,0.016799915640790017,0.02280812990147083,-0.0017461882251212158,0.007890473282192837,-0.003071723933458099,-0.004757649077039431,-0.011489001026597005,-0.0016993795237950733,-0.0004682230805229287
2024-12-04,-0.00467901436261713,-0.0007507333759932567,0.003427073892068682,0.005951854184944973,0.007816240914485907,-9.229654888884796e-05,0.0033820805474341145,-0.0027953902306962295,-0.00467901436261713,-0.013817466698879925,-0.00014668456825236694,0.004792818301412755
2024-12-05,-0.003841462967475978,-0.0038781252771916256,-0.004041125929655189,-0.010226222240170968,-0.01005260479198983,-0.0011614574308060558,-0.004042742291290561,-0.002099127359917036,-0.003841462967475978,-0.012629142895969121,-0.00101549984445722,-0.00047263903036854813
2024-12-06,0.009228137154167947,0.007564555928787277,0.005580941984375832,0.019021725905781783,0.01679561486961319,0.0023672107327825497,0.005543121282530726,0.004470482891180671,0.009228137154167947,0.02682034719724173,0.002308529642768537,0.004412677170218345
2024-12-09,-0.017637436059538804,-0.01507973911141967,-0.011996557205652987,-0.04239882371310168,-0.036991397293883954,-0.004186172504550433,-0.011941054060470947,-0.008803777641032906,-0.017637436059538804,-0.05322547451324176,-0.004222350342786798,-0.0019145635863832167
2024-12-10,0.0014298503766300608,-0.0014058812737991605,-0.004954435741318605,-0.005893717269892188,-0.007752796791460044,-0.0016015165241247827,-0.004928799658768346,-6.641724043350821e-05,0.0014298503766300608,0.01285639764897014,-0.0015302126676984156,0.0017609934476516514
2024-12-11,0.010043886435552141,0.00902444178439197,0.008974493752181373,0.02786011490043161,0.026419956153587366,0.0011350693676833049,0.008941000406009645,0.0068978412372646845,0.010043886435552141,0.021656785937465922,0.001630044086590774,0.005900687836830652
2024-12-12,-0.004599912441876533,-0.0044021968332689145,-0.004378073048602065,-0.0009751804217586158,-0.0023346235377582334,-0.004080413667982717,-0.004384736475685175,-0.004568904704182813,-0.004599912441876533,-0.006072867424193398,-0.0041881067432310145,-0.005287935543419072
2024-12-13,0.00031018582415294244,0.0006945560542429168,0.0006601561380862951,0.00563456338987282,0.005687560242787736,-0.0014851940211521222,0.0006267566916367297,-0.0023929599519967653,0.00031018582415294244,0.01154082262724744,-0.0017755186280020963,8.786649061952052e-05
2024-12-16,0.0010463920495203285,0.0009928567183635434,0.0003834396496808928,0.002408757958150776,0.0020529394410832404,-0.00039965514766834517,0.00042748186141262,-0.00020639927814692597,0.0010463920495203285,0.007942625996086052,-0.00017944349810852182,0.00522507417125044
2024-12-17,0.0002703431743902862,-0.0016621760393272771,-0.0038565528922884225,-0.005643265277517155,-0.006414652577880821,-0.0012519430173002235,-0.00383757078256599,-0.00027182811158351847,0.0002703431743902862,0.003145288367254708,-0.001153026040305785,-0.0027941062925544886
2024-12-18,-0.03319921466784536,-0.030051503114090862,-0.02673447682836525,-0.044473788938553055,-0.040801401491000075,-0.017560092793115135,-0.0267174296814041,-0.025939502108089738,-0.03319921466784536,-0.058260192781174204,-0.017966937690303313,-0.015187917262357485
2024-12-19,-0.010077343885401293,-0.009756797648300449,-0.00965052083807206,-0.023416941083373565,-0.022740534606642736,-0.004553519626219746,-0.009613051023988153,-0.006541212666121676,-0.010077343885401293,-0.024202588036585686,-0.004596361073630791,-0.0041971026013084955
2024-12-20,0.01097229545439403,0.010359937208241079,0.009709428675266647,0.017403862978408152,0.01552451262307272,0.005936818897258189,0.009692114515639467,0.009603328933196103,0.01097229545439403,0.015651957603018782,0.006062970362061796,0.0065910316729173996
2024-12-23,-0.001896093746644599,-0.001320002914214528,-0.00046860053200746955,-0.004375348942778795,-0.0031514185974265653,-0.0005337131488968225,-0.00043811840665389706,-0.0012817252106031402,-0.001896093746644599,-0.00603888217139281,-0.000645299833296871,-0.0035916240676737658
2024-12-24,0.010260362420785688,0.009263973183707244,0.0081398948939486,0.014872091983099711,0.013241210651596036,0.0046287311440761005,0.008134082670710517,0.008242495985168031,0.010260362420785688,0.01752611162606577,0.005048493832195541,0.00690285629451993
2024-12-25,-0.0015552211828431819,-0.0005923576728663602,0.0004928619125255788,-0.00028904355880069984,0.0006405047710189619,-0.00028966924391113694,0.0004909069255539923,-0.0008904125657290588,-0.0015552211828431819,-0.003819123618719249,-0.00030687723745697953,0.00048188310470658575
2024-12-26,-0.011748111237969462,-0.00822411093073445,-0.004950397210284264,-0.019457617185463308,-0.016810302349194055,-0.0015315063751863984,-0.0049543227325631045,-0.007535310726105769,-0.011748111237969462,-0.02984318677028936,-0.0019462419212784385,-0.00289958225524509
2024-12-27,-0.003917311166088013,-0.004778965285541005,-0.005179813302181482,-0.0041454422925294495,-0.004328252903181628,-0.0036912332864249874,-0.005218218618524978,-0.0037355252463143725,-0.003917311166088013,-0.0037777613665759065,-0.0037853507691284344,-0.006915798276304131
2024-12-30,-0.0029076640526200723,-0.003608287769735986,-0.003474194487105962,-0.0036868880039876975,-0.002940294964591566,-0.0023762649644046554,-0.003516958608344972,0.0004720647631318252,-0.0029076640526200723,-0.01278570094851693,-0.0017976525288209784,-0.0007710755776861422
2024-12-31,-0.0016893104726318304,-0.00036936750691004617,0.00023794505635872776,-0.0021329150182150124,-0.0014759528562092847,0.0006614557571425815,0.00025047838638590086,-0.0022042828779149696,-0.0016893104726318304,0.0015658435730887782,0.00011639627460861872,0.003226690208335904
2025-01-01,0.013686413903139126,0.00849998605013676,0.0030317749966472796,0.01454408012411423,0.010467223795771183,0.002844289025288395,0.0030282351849673225,0.007773695862132278,0.013686413903139126,0.039107871962069225,0.0029876799270386967,0.0007713705290357546
2025-01-02,0.00768285775241505,0.004878699151491072,0.002776303664432364,0.010471418880363794,0.009391844719900894,0.0012850414971916503,0.0028204055223909385,0.006023122664076102,0.00768285775241505,0.017390421877843378,0.0017362410178662444,0.004797333735519244
2025-01-03,0.010719914507712782,0.010258327246123772,0.009512069287068724,0.02567044661112561,0.02233407745021978,0.004140380121493327,0.009522508438251115,0.0057253488191484295,0.010719914507712782,0.024252591255714266,0.004125934738494,0.0011595172016733589
2025-01-06,0.003341215063809943,0.0025305464618695815,0.0032591757955246436,0.010510064300762812,0.011292017164614561,-0.000761280744549768,0.0032445487064893565,0.003722024177359456,0.003341215063809943,0.003057492804339197,-2.562210455232187e-06,0.002544848145817528
2025-01-07,-0.01844531173816786,-0.015615891591266248,-0.012950174520567693,-0.036050460275681366,-0.03247994471583468,-0.005663218138826475,-0.012865624884338355,-0.012143325451178803,-0.01844531173816786,-0.040806852432631754,-0.005899233598683452,-0.004811829638344034
2025-01-08,0.0040557551965267925,0.0013397006030335646,-0.001376009554239561,-0.006933333113284163,-0.00759318317182628,0.001347390963370483,-0.0013547617608042468,0.004298332529553197,0.0040557551965267925,0.006137929258714133,0.0017155456292064623,-0.0009131677120243867
2025-01-09,-0.007661499076405724,-0.0058901604457941605,-0.004214367048372633,-0.014321354907709642,-0.01274679029135688,-0.0016223444931147398,-0.004204141131088699,-0.004375326034817396,-0.007661499076405724,-0.021348234620353283,-0.00170437940938403,-0.001986132374827951
2025-01-10,0.001764428843605087,-0.0021973906761615573,-0.005009818302901481,0.004675487543694189,0.0033910868068347698,-0.0061801457506958524,-0.0049886854272171285,0.0010453431285587609,0.001764428843605087,0.011022489415171442,-0.005086121877283245,-0.0015403974051629442
2025-01-13,0.00769087382023129,0.004604085385546704,0.0005309961770645956,0.0006145453686345298,-0.002131124045847068,0.0026672211807221512,0.0005097271087181148,0.004723347835337536,0.00769087382023129,0.020947782149755415,0.0027382266807858815,0.00034531747952338773
2025-01-14,0.012835587180992066,0.010369316899208518,0.007905240117219325,0.018004801118819424,0.015658335004818533,0.004577684924223951,0.007853367920974453,0.008751788777109658,0.012835587180992066,0.028098172019681976,0.004535595740014585,0.003821553682297257
2025-01-15,0.03600791804669381,0.026097476710946647,0.015896611229222122,0.03524121616107252,0.028813857057082844,0.013567201371162008,0.015858564453220612,0.025995964102991178,0.03600791804669381,0.07640058506937353,0.014493615614309084,0.010794493924488655
2025-01-16,0.006026177233826996,0.0046239439031060415,0.002624863916797369,0.000551674094109441,-0.001575268921595221,0.003490930484723054,0.0026035337746981215,0.0056124653953238774,0.006026177233826996,0.008956705931580829,0.00367363382824111,-0.0013360697583760896
2025-01-17,0.005769981866457389,0.007359481031973175,0.008382388764662387,0.020043407890836376,0.019399439857462918,0.00323352481616135,0.008378513468597443,0.0014854484431391032,0.005769981866457389,0.017961692925475076,0.002745126983906436,0.006296138967912931
2025-01-20,-0.01580352896453153,-0.012480341993316662,-0.009457989393063306,-0.03146456611334692,-0.028630316835431505,-0.0034083380348105537,-0.009435408458653344,-0.009196283231554001,-0.01580352896453153,-0.03983524041405333,-0.00356534895547896,-0.001866893758024819
2025-01-21,0.00948022817169862,0.010553816134683786,0.01148802398937868,0.014742366908431708,0.015057261374333959,0.006997034572073154,0.011469192376306668,0.007659942493474318,0.00948022817169862,0.016179910345963867,0.00698374684364195,0.009484109883375103
2025-01-22,-0.0034061827650830674,-0.004453916457884876,-0.005324591225757951,-0.008802722116026108,-0.008454525908435772,-0.003182381747094787,-0.005300497267232066,-0.0024813099527856656,-0.0034061827650830674,-0.0066075530163731185,-0.003085491120049662,0.001167188297019957
2025-01-23,0.00026980716524997554,0.001844482878209395,0.0034884995165446243,0.003048259609974753,0.0034907021312274105,0.0018931566168485182,0.0034789418554238708,0.00038508037419306693,0.00026980716524997554,-0.0020105432678176084,0.0016113195120801582,0.0014203863571792014
2025-01-24,-0.0001226739552359111,0.00015449772487052674,0.00041584845957461954,-0.0023978945764781,-0.0022091046955841956,0.0012465660223176902,0.00041594769313159114,0.000691840551843043,-0.0001226739552359111,-0.0033078173955873643,0.0012493542936525051,0.00176806246976321
2025-01-27,-0.008195070006333962,-0.005339158592666947,-0.003533744985492094,-0.013458642167334757,-0.011788418545304774,0.00048230695906007577,-0.003528895969300032,-0.006506610542788555,-0.008195070006333962,-0.012929011559177646,-8.42047420137632e-05,-0.006741192244985993
2025-01-28,-0.003567716555707934,-0.0038676006182735154,-0.004543527470904298,-0.009516306104977572,-0.009567644381145745,-0.0013724663765217492,-0.004548377155366407,-0.0034581696413386984,-0.003567716555707934,-0.006323765251941913,-0.0016152369438059118,0.00381538979709712
2025-01-29,0.0026987608634646827,0.0019018041355675463,0.0018625968544087042,0.007314634393225855,0.007849872230736703,-0.0004113820543097319,0.0018846380111673744,0.0022223819137291577,0.0026987608634646827,0.005707183426580109,-0.00019682041692759282,0.0024154247234883398
2025-01-30,0.010516117719055935,0.010046920207283337,0.009980641124198046,0.014336797821426325,0.014198731607428435,0.006379476619037965,0.01000839178020936,0.008557516218706495,0.010516117719055935,0.016238865548734313,0.006424612703515811,0.004129002113698049
2025-01-31,-0.008627579838136284,-0.007036352390960296,-0.005615140539927219,-0.008316932250470765,-0.0076696682511423605,-0.004434225399207311,-0.005568414670657799,-0.006612578161526552,-0.008627579838136284,-0.014909531393712936,-0.004462841335797501,-0.003358927157929354
2025-02-03,-0.022240743987588952,-0.017760966439331772,-0.013302041063794331,-0.04192367932591781,-0.03816105089736915,-0.0056989599239376425,-0.013316769997360523,-0.011163017445594666,-0.022240743987588952,-0.062108456540872575,-0.005673142415703264,-0.0014486367561347088
2025-02-04,-0.009492741255326334,-0.007580842296725478,-0.005611245590831583,-0.02581424809413564,-0.023300009777937586,0.0002862074891625721,-0.005592144363004267,-0.004334001652323687,-0.009492741255326334,-0.034895763207699486,0.0001352933605638897,0.0011403000813255645
2025-02-05,-0.0015807450878273957,0.0004935524086746867,0.0032974258896558304,-0.0022503256681236025,-0.0004852111176578942,0.00252414799757778,0.0033281472882116248,0.0024810513261532925,-0.0015807450878273957,-0.01761769984704517,0.0030460057397978997,0.0030772238480522903
2025-02-06,-0.0033661258289301816,-0.0019233922236972013,-0.0004470965957825329,-0.003982908398733357,-0.0032452828477635715,-0.001198733513129924,-0.00041818263683209163,-0.0018533706776789926,-0.0033661258289301816,-0.010728354516572197,-0.0009225706358838377,-0.001179283629973736
2025-02-07,-0.003621157472662878,-0.0017501351548675857,-0.001286158181469169,0.0025915001118338695,0.004706383050257739,-0.003443961113135786,-0.0013198508003291584,-0.004110513925191677,-0.003621157472662878,-0.002167278332654614,-0.003398467625554884,-0.0026082455222936414
2025-02-10,0.010167713972694727,0.009925582067459858,0.00981900340895342,0.013915332287282372,0.015583052010487536,0.003994749109052254,0.009585379537271912,0.009114801656941389,0.010167713972694727,0.01800460628728679,0.004818457563313368,0.00871243008008845
2025-02-11,0.0026474020283571483,0.0016467452924393158,0.00018946494249846195,0.007990272161244701,0.0014933351857081534,-5.677713016718171e-05,0.00012704992224644475,0.0014670931478699314,0.0026474020283571483,0.0059251570516649895,0.00013811584514706194,-0.0022211438397130366
2025-02-12,0.004879811214114375,0.006363420975555905,0.006258388317930487,0.01689713358658565,0.01769404655103076,-0.0013846538571165906,0.005993593533153201,0.0018824494308267293,0.004879811214114375,0.022977491553949334,-0.0008384532146716852,0.002278988466522511
2025-02-13,0.006676253161195456,0.007468417919091166,0.006670668002167207,0.008440600775138295,0.00886716543846485,0.006115740514991183,0.006678673378269382,0.0076637163227885885,0.006676253161195456,-0.002352141956892459,0.006593959908666304,0.007363962788744627
2025-02-14,0.000758317533169206,0.0038195629425475533,0.0039303633117674895,0.0138853284267051,0.017638369374174977,-0.00013146255638079435,0.003838980907241914,-0.0006558254139984507,0.000758317533169206,0.0007808066846856638,8.156678865034418e-05,-0.0007285450204242753
2025-02-17,-0.0005315499722136176,-0.0023941499523423785,-0.002738436246686238,-0.006469349722065873,-0.00868554499506703,-0.00019000872511189124,-0.0026788293175670766,-0.0002941678236575276,-0.0005315499722136176,-0.0009369532679515051,-0.00033474594692270107,-0.0023961578611556597
2025-02-18,0.00031353191116707986,-0.0008882686333095327,0.0004346191236695475,-0.011116360205852917,-0.008505851097819822,0.0010699567410751953,0.0003205583559363924,0.0028860759130472785,0.00031353191116707986,-0.010238060459652355,0.0005507593727532259,0.006262519472967001
2025-02-19,0.005902293024249612,0.007844183069572784,0.006678949800317488,0.02152329178258734,0.02242901948368286,0.0013027309104413588,0.006642214768718953,0.004806727968942528,0.005902293024249612,0.010534496831697375,0.001798809225466156,0.002374863876705221
2025-02-20,0.0019261237587739808,2.7215311007594166e-05,-0.0010518711941614697,0.0007216870520521971,-0.0028340903516855713,0.0008683752198976242,-0.0009590269618084562,0.0008949277402244839,0.0019261237587739808,0.005434063226654898,0.0011485014836055112,-0.003790818277437299
2025-02-21,-0.010229587209507503,-0.011932911694349057,-0.010445227161966088,-0.02098159648147005,-0.01991567834779582,-0.002689603223069625,-0.010153871280493575,-0.00818397212851462,-0.010229587209507503,-0.018173137742152026,-0.004387445432150083,-0.011127284350103694
2025-02-24,-0.013723725984037996,-0.018463942256387568,-0.016217131852474462,-0.0464595835005337,-0.04487076970222304,-0.001580037731222422,-0.015771678588583794,-0.008718614635752416,-0.013723725984037996,-0.03347684434162951,-0.003600822770388269,-0.011163623223996949
2025-02-25,0.0023335368092071754,0.0014186993255726735,0.0008651895331223291,0.0017938429281476604,0.0028665044612836738,0.0031110832765377768,0.0010426824823580195,0.002476635056346998,0.0023335368092071754,-0.0013027350659569972,0.0031547941210677676,-0.005951044537491934
2025-02-26,-0.0063213292159150095,-0.007497781664305977,-0.005882070880965966,-0.021379730547496176,-0.019541950070726236,-0.00028345106295137674,-0.005748908879651763,-0.004030826506824116,-0.0063213292159150095,-0.020748006769941787,-0.001411943327613286,-0.003545128162193258
2025-02-27,-0.006430075700917947,-0.006366392336953331,-0.0064514268206304305,-0.005119946181993386,-0.005483613855505939,-0.004024248886354996,-0.006360024025639262,-0.006127124601107159,-0.006430075700917947,-0.005473678890746344,-0.004358545836887997,-0.009768710975350517
2025-02-28,-0.0011440008048048693,-0.0014364242721869517,-0.000559382571250157,-0.008986400033113129,-0.00888655854404924,0.003206979366634933,-0.0003682816781236751,6.771743490058759e-05,-0.0011440008048048693,-0.01080111673521322,0.0025397094722606796,-0.0008118736254372418
2025-03-03,0.010472260025119726,0.013569441323107063,0.007537401408177949,0.05224748509750053,0.032144471455795645,0.0023960109480573675,0.0074539772928088706,0.007070018449796283,0.010472260025119726,0.02305804969651227,0.0024876192624839156,2.167642128687213e-06
2025-03-04,0.003168896129616989,0.003299300572235715,0.00028563463943134847,0.019207392445644608,0.01139718173782566,-0.0023616471586229413,0.00014950006148938878,0.0010978837203415221,0.003168896129616989,0.01428772190794541,-0.0019570969456758525,-1.4147769396956464e-05
2025-03-05,0.013607480010419878,0.013852598619533644,0.01206143742884391,0.02120718339297062,0.01982523337649584,0.004992292681601411,0.01176059023793945,0.01138833973851754,0.013607480010419878,0.020740970105127723,0.006240108361606163,0.008032241537137122
2025-03-06,-0.009411136999142842,-0.0069876122670278484,-0.0047546182838305775,-0.006817567339092584,0.0022452611295984146,-0.005113141113264765,-0.004678628558153608,-0.008755779344664998,-0.009411136999142842,-0.009908924869590566,-0.005149223653539464,-0.006712325971876414
2025-03-07,-0.004102070116192224,-0.008311786063253116,-0.006115787458554893,-0.03063518434403606,-0.026275209531622674,0.0009311537386643037,-0.006000003965798464,-0.0007438829418907917,-0.004102070116192224,-0.018469883002627974,-3.132290716993723e-05,-0.0025138792157240737
2025-03-10,-0.02544918374417056,-0.030872475454038106,-0.026860903205128923,-0.06951157810458979,-0.06503442688114953,-0.005924650387439348,-0.02620647795422495,-0.016588072736712214,-0.02544918374417056,-0.06073103577098625,-0.009390936707617002,-0.019701075197547317
2025-03-11,0.00518058016981311,0.008579151713008687,0.0076042558287177445,0.02718023271752555,0.02629607340724845,-0.0015598882017979748,0.007285550601740503,0.002402584172982441,0.00518058016981311,0.024071816060506762,-0.0004211504765378807,0.007053982020897199
2025-03-12,0.0011578326451281544,0.0033716543743240587,0.003927121146240831,0.008386068695214221,0.010739716264286629,-0.000505331979544128,0.003715046389464978,-0.0004298906247076791,0.0011578326451281544,0.008674051192192526,7.835617997624042e-05,0.0038589070550163773
2025-03-13,-0.00420706586510151,-0.003285622349266679,-0.0014066188540673898,-0.0061656804329373064,-0.0016281153308170793,-0.001714170403597054,-0.0013374997216077664,-0.0028925277374237577,-0.00420706586510151,-0.005429616942151827,-0.001779623387864758,0.00037977979245414724
2025-03-14,0.013171676939313532,0.014380103794989878,0.013073096926712926,0.024996164858923274,0.02381136959819568,0.00516490121072093,0.012764495855005858,0.010400156624465248,0.013171676939313532,0.016548134204614144,0.006573568647572456,0.008904093105208627
2025-03-17,0.008600198471320203,0.007782631162436373,0.008704722865654702,0.004504326341647448,0.008664996457130068,0.0049904347407198745,0.008612252393239338,0.007788814281276386,0.008600198471320203,0.013780463126826384,0.005934001506994959,0.0072163175693499585
2025-03-18,-0.0028793331133382346,-0.004082356977181822,-0.003781380976664888,-0.008969234545217331,-0.008735422354762436,-0.0012223748781878918,-0.003674568597251513,-0.001733117353413765,-0.0028793331133382346,-0.004759647696164697,-0.00133520142204289,-0.0002742356940634793
2025-03-19,0.012225236232065527,0.016102991990064493,0.01418355095281449,0.03564515924417537,0.03581771821318019,0.004872969548327195,0.013917667708276852,0.009761824511744708,0.012225236232065527,0.021069375162706995,0.006421658604644408,0.011240274380070435
2025-03-20,-0.007493894560603398,-0.008735229361799969,-0.007117247434192465,-0.019473865110495776,-0.01797889608532966,-0.0022628582590068433,-0.00693151914320732,-0.005928171416267267,-0.007493894560603398,-0.010836794133150387,-0.0027908379656708636,-0.0038133259710259595
2025-03-21,-0.005109390408133428,-0.005996407328559099,-0.005820386450745209,-0.009947324973785969,-0.009821565205903864,-0.0025959201403351955,-0.005728928546483105,-0.004763426250749741,-0.005109390408133428,-0.004955081786746587,-0.002826098465411356,-0.004272060224300162
2025-03-24,0.007550517130550726,0.008867915503723872,0.007732763410525877,0.016355028133655945,0.014733216417641453,0.0017999179384043293,0.0075086746000065695,0.005215632330027496,0.007550517130550726,0.014044244340914237,0.0030464818379238178,0.006424040624938057
2025-03-25,0.0005625686432337936,0.0011727706208251442,0.0007762316438643062,0.0016026594249095823,0.00038136422359813125,0.0004569822308910145,0.0006969170666448604,0.0008985821438518252,0.0005625686432337936,0.0013231906398206096,0.0005517216575364587,0.002636958423415389
2025-03-26,-0.005747301832747718,-0.0071001932345389675,-0.0062316636434192356,-0.014435317624935566,-0.014882170362181703,-0.0025138056045385963,-0.006159539599664676,-0.004257351591764786,-0.005747301832747718,-0.01066004055683299,-0.0032286518112200025,-0.006434645614594217
2025-03-27,0.0022970715735657794,0.0022135594248974847,0.002414731439524813,0.005157886855345633,0.003926614931134911,0.0006569013978109758,0.002354313617446749,0.0018855766216980484,0.0022970715735657794,0.006042241651077697,0.0008209609890461237,0.0016568429291841237
2025-03-28,-0.00897001183230835,-0.011556938767911747,-0.010533086262532678,-0.023255764183979788,-0.023574562215824935,-0.0016153363435403318,-0.010181224171356258,-0.0054502724889099715,-0.00897001183230835,-0.018651815516280576,-0.003221143286041641,-0.0064521156435983105
2025-03-31,-0.0007318975440941333,-0.0029960916936869436,-0.0018551662093845727,-0.016282954592899947,-0.01457799822922542,0.002466367106142239,-0.001685578795546773,0.0019941064775395303,-0.0007318975440941333,-0.0125615386500081,0.0018807007147908957,0.0019941925234852275
2025-04-01,0.002458858514850674,0.004450338887277076,0.004725975689682629,0.00930946944493528,0.008974273317800673,0.0012258870535202073,0.004559113005045632,0.000773137983207481,0.002458858514850674,0.010546663240206863,0.001883936470629008,0.0075976595427969616
2025-04-02,-0.002514094971252924,-0.003934793141803007,-0.003034709867540078,-0.017091898734310912,-0.016434831949548076,0.0009822751321162866,-0.002936130112653206,0.0001637958279857248,-0.002514094971252924,-0.01666326601153896,0.0004931529246023535,0.0011656108757468488
2025-04-03,-0.01780387129727849,-0.01681535158063485,-0.016229319723294198,-0.007938775566554547,-0.010186569675996095,-0.009290802905966837,-0.015754875411374755,-0.01836635180026283,-0.01780387129727849,-0.008519336190568178,-0.010803089355916947,-0.01518253085407193
2025-04-04,-0.03698179443469027,-0.032904736446725154,-0.031301252873071984,-0.01984555433679826,-0.021256957279285366,-0.023179085290283813,-0.03087923258608235,-0.03806747384270093,-0.03698179443469027,-0.019535578335970822,-0.025053497671484647,-0.029608980445421235
2025-04-07,-0.02876073778224217,-0.03014683390108188,-0.02694690574145866,-0.055258600457609774,-0.052767153196427094,-0.012923741817746226,-0.026582297858734727,-0.023662444117127875,-0.02876073778224217,-0.050498104753956635,-0.015438641994727678,-0.019296976514290957
2025-04-08,-0.01505796008420699,-0.014732657884460409,-0.012341789192959755,-0.024352851170783577,-0.023614614303459174,-0.007155163838568974,-0.01222976426263745,-0.013582287799717239,-0.01505796008420699,-0.01939235253970599,-0.008477931300494044,-0.006706949972762907
2025-04-09,0.055934318356758495,0.05816951387694237,0.05358440740893754,0.08038843180873043,0.08018577970440947,0.028101052558149132,0.052536671620027287,0.049837970832646857,0.055934318356758495,0.065313886786491,0.03266904219738764,0.0492181343329508
2025-04-10,-0.020078528312370524,-0.017798580762433493,-0.014313088059203208,-0.023738281426132088,-0.022373545310163903,-0.010977736743142272,-0.014303953591677023,-0.018297096598789912,-0.020078528312370524,-0.020616830777520138,-0.013067118800596154,-0.007560339740387294
2025-04-11,0.01768473833286116,0.018313099121895292,0.017485109265777003,0.024281508283309015,0.024885643657362476,0.007889981031878992,0.01709783271500267,0.016127374550730482,0.01768473833286116,0.02318242612680641,0.009703807529103485,0.018109176946220433
2025-04-14,0.00868131223271347,0.009749608815200591,0.00956579939646266,0.013566239541111878,0.01625124524011735,0.006912563496935751,0.009556315839805644,0.007303618620522288,0.00868131223271347,0.01048247951093298,0.0072631242859365515,0.0033057880870770084
2025-04-15,-0.0023353649601614277,-0.0030110680863972713,-0.00208675418815212,-0.009333959302688185,-0.007115283551838633,0.0005034696197252372,-0.002029713065092872,-0.0012177945670746324,-0.0023353649601614277,-0.00695471746614888,-4.617813705040739e-06,-0.00020587316791626116
2025-04-16,-0.0012427705911491694,-0.0007446369453237926,0.00020539738529471016,-0.001229096252477115,-0.001160863822438152,-5.3911395823861446e-05,0.0002075513235552974,1.2213328274249648e-05,-0.0012427705911491694,0.004657848989212175,9.506113226053446e-05,0.007743723945498103
2025-04-17,0.00591058034838766,0.004450406594061377,0.003984073809651272,0.0028498551701234753,0.0023789736511449842,0.003301684190293299,0.003798104892126418,0.005671648415178894,0.00591058034838766,0.006469831435829449,0.004109356951896194,0.0011630100916147704
2025-04-18,0.00042580097291174145,0.0001895131834053441,-0.0001597861037789089,0.0009434251910191403,-0.000338522146459229,1.54644099629981e-05,-0.0001561464041267744,0.00023145312928765999,0.00042580097291174145,0.0009319255550411288,6.12265395020115e-05,-0.0003919526095137323
2025-04-21,-0.006674474812871728,-0.0038343545186915375,-0.002312087168838254,0.000941173280393594,0.002357110209389647,-0.005722561706998942,-0.002504825220039689,-0.007288357819263789,-0.006674474812871728,0.0049125103549050265,-0.005566747924215964,0.006505219944382794
2025-04-22,0.019240645819634562,0.020388471528941018,0.017926303544681686,0.03616619748850411,0.033069422726213854,0.008137919449587666,0.017658899789273527,0.014674570362995625,0.019240645819634562,0.03288417657218538,0.010311767265136246,0.01191843593058372
2025-04-23,0.00350048139770193,0.003426610923257428,0.00227722095986978,0.00469416469421075,0.002389347604713863,0.0026128469955567874,0.002287972750030215,0.0029242018074900145,0.00350048139770193,2.0491062586142517e-05,0.002273562066523964,-0.0031207197626675304
2025-04-24,0.00825008001076895,0.007925785757087049,0.007110432659813502,0.006645432919900662,0.003931923799811248,0.006685918406506208,0.007123348522393847,0.008028269129516322,0.00825008001076895,0.004754748157414512,0.007256154093084711,0.0115947155772592
2025-04-25,-0.0002117788397193623,-0.0006900524988350659,-0.001027971882756456,-0.002418883225692863,-0.0026185940278240674,0.0012362967122868853,-0.0009081441630908936,-0.00015014953256882723,-0.0002117788397193623,-0.0008980313354512392,0.00042806902366570546,-0.0005922012670687012
2025-04-28,0.005884235706487643,0.007159430349020917,0.007187642992834548,0.012963378305889927,0.01643736850439873,0.0030755548772093654,0.00711940291553733,0.005748895944074442,0.005884235706487643,0.00693971452267936,0.0037189456992758017,0.004929427327586316
2025-04-29,-0.0005693537058930742,-0.0020491553237610427,-0.002113556526263975,-0.007121417887007158,-0.007736015531746581,0.0011809918407693384,-0.0019718062142221873,-0.00016569903662886688,-0.0005693537058930742,-0.006319825115146235,0.0011306952393104924,-0.004407515245991673
2025-04-30,-0.005032377907619174,-0.00550988415235332,-0.004777286571870592,-0.008548197912307506,-0.008764431472101548,-0.001712725284046092,-0.004605081373800867,-0.005392287190482953,-0.005032377907619174,-0.0076295886205875445,-0.0021812680446438837,-0.003756500550316722
2025-05-01,0.0016769006836574911,0.0015590727144417526,0.00015710117247673253,0.0075161619274964255,0.005264743137945789,-0.00211454222020148,-9.493515606999372e-05,0.00046660239312359747,0.0016769006836574911,0.006133308621604502,-0.0016097773503682797,-0.00429764981415262
2025-05-02,0.008669821156440962,0.008089780558000224,0.007491351822931014,0.0068706798952057665,0.007510951140280996,0.003892237480131368,0.007295107278335973,0.00826174501154344,0.008669821156440962,0.004443839505411188,0.004477729196472633,0.007031215896107359
2025-05-05,-0.004286808420358236,-0.004456930970403363,-0.002513948732795177,-0.01372228502470799,-0.011070248326117313,-0.0006419811522871885,-0.0025102915850706417,-0.00280863333149658,-0.004286808420358236,-0.008258742464868811,-0.0013316084947779996,0.0032749531495849396
2025-05-06,0.0029464071918504937,0.004763013997974866,0.005656359349077312,0.0087447077967705,0.008276929593439678,0.001632591585715637,0.005397146245511233,0.0028542628155141915,0.0029464071918504937,0.010069481200951063,0.001513355142395878,0.009778429233388987
2025-05-07,-0.002423601426390555,-0.004370678676807455,-0.004348956781309391,-0.006571269595017803,-0.007454786060053864,-0.0023542916785586916,-0.004314235905977059,-0.002426653768037852,-0.0031377601236912155,-0.0045048910908526574,-0.0017235418706291006,-0.003714752327667652
2025-05-08,0.014365845845670825,0.013740106387405138,0.0127364668709305,0.035614620092253205,0.04184535617540641,-0.001979798644576538,0.012565212751186229,0.006563780535874155,0.008599593891806959,0.04628467400506833,-0.0010515967366480222,0.0012117389619151478
2025-05-09,0.009149017746729248,0.0061092471383809134,0.0031947003930116917,0.007847894263701437,0.0052493632097944465,0.0030921196856391418,0.0034574629003022916,0.008174504729042546,0.009074811498015997,0.019689919533099665,0.0033795683408137404,0.0030884109377141687
2025-05-12,0.012240341415666739,0.011759717391512475,0.01135014086473416,0.022561557253066324,0.029671845376586764,0.0010659275829308986,0.011493243168964497,0.0066899286263585244,0.005736483127218021,0.013304978520239508,0.0011298158653840163,-0.001216455013220684
2025-05-13,0.005562780559452338,0.0048785518222096225,0.003918375181697074,0.008149494823902021,0.008267405123146412,0.0012079879472234154,0.00391316123893806,0.0038854751695440322,0.0055405144543163205,0.015796600680972845,0.0015243125221079863,0.0052724812080183715
2025-05-14,-0.009059233008688279,-0.008092620459267143,-0.006565015585248414,-0.01255122926118752,-0.01103857296619349,-0.004077890863784576,-0.00654867302939206,-0.00912200379997035,-0.009753969443810384,-0.014633059054149414,-0.0049630988465505736,-0.0075534872177376354
2025-05-15,0.0006609667564827063,-0.003561054995586505,-0.004120939900560871,-0.016246138321929497,-0.019456829066694003,0.005178756092661121,-0.003990546972301881,0.0030605891871489984,0.001329187407141884,-0.006334218272704386,0.004536687201820649,0.00576663787494085
2025-05-16,0.0016278285231322656,0.00038920627922148416,0.0007315930985590574,-0.0009155204268599549,0.0003980880929680241,0.0005655110385420081,0.0006885912285674064,0.001329916419170221,0.00011300566766692955,-0.002205697845683448,0.0007925292132319498,-0.002318113848109182
2025-05-19,0.00119546779581155,0.0025500070572041103,0.003400347202323969,0.001754061479056062,0.0027221947005879325,0.0022605416340081117,0.003389578728299837,0.0012895973112013993,0.0007019775000179193,0.004220638011198945,0.0016499033005907763,0.006276007029076723
2025-05-20,0.0038891213881854176,0.0030894553043295976,0.0013288113183181891,0.005513420445927975,0.0010115080860827249,0.0028700440351839235,0.0012306331546117432,0.005461590998354254,0.006692295351081619,0.006159571630106649,0.0022009867454624065,0.0042488613295929515
2025-05-21,-0.0037199177890816565,-0.0006652400161624363,-0.0005499904568998495,0.006932091856568923,0.00691739644165949,-0.002947958704806225,-0.00046702469733935804,-0.004705227262472568,-0.0031335060075609717,0.011293593661123475,-0.0043280612548275005,0.00039463122142484753
2025-05-22,0.0020643995768639817,0.0014892030611381552,0.0014614059129360664,0.005985160236209312,0.008098279124954377,-0.00047698984820518923,0.0014891920433582893,-0.0002310248963700519,0.0004422019776707274,0.011459489181125621,9.831777953542991e-05,-0.00237534439941479
2025-05-23,-0.004798683444048459,-0.006585814305839375,-0.00785508605002628,-0.019911597965497515,-0.025080284894800423,0.002513350821744387,-0.007862656098575959,0.0001836656335671291,-0.00039834485709120397,-0.02153694206197954,0.0017609376199043826,-0.00047127308524161143
2025-05-26,0.0026253833236697414,0.0023076007845994157,0.0021225538526087233,0.005302269162127228,0.005805143508224677,0.0003469985387245908,0.0021958861776626187,0.0014590560567820051,0.0017206966352701597,0.009570220788516645,0.0004055910253908351,0.0016696294479796453
2025-05-27,0.007163651425675153,0.0034350657202531472,0.0024020243235329543,0.0012652879540577932,0.002159696082118751,0.0023633889178007413,0.0024882910641989275,0.005310633900665796,0.004145737292884536,0.0062690837662837725,0.0032698477559912047,-0.0020108867839323205
2025-05-28,-0.0070414925460570476,-0.007322547071213197,-0.006626865399718673,-0.011771395918905145,-0.010973958554398863,-0.004383209869572851,-0.006582432308491877,-0.006865919542756209,-0.006964982058596735,-0.005469169481731848,-0.0038581297176484832,-0.0050909775259466265
2025-05-29,-0.0003064770500738334,-0.00047138898431901583,-0.00035090686999983737,-0.005565439182059521,-0.006423433613726912,0.0021801246418106735,-0.0003764484022015979,0.0009478976467999389,0.00014023498040196836,-0.009150353029345743,0.002216975409847647,7.97473212890466e-05
2025-05-30,-0.006650386848892509,-0.007544090716779183,-0.006804300271031177,-0.017367844996417914,-0.018892465987652807,-0.00020005660129976277,-0.0068678524781540275,-0.004118057340166137,-0.005071728590879102,-0.017119012181130686,-0.0004364304782908562,-0.002201454509528488
2025-06-02,0.010884738080720328,0.010433520843172006,0.007637828784406557,0.016564442027063413,0.013227203652369925,0.0038263034167789036,0.007653395030665837,0.010902067800706116,0.012056048401025008,0.01680950819558166,0.0036896086167819597,0.007820907293277562
2025-06-03,0.0007209882859328399,0.0011729539478188113,0.0014338513971122045,0.002597296270915473,0.003955982445430032,-0.0006980679698610475,0.0013604787674951627,0.0002082142762578928,0.0006736083523756627,-0.0015574065454518169,-6.267125357844982e-05,-0.0015532237679854051
2025-06-04,0.0009590540012746872,7.488305518762463e-05,-0.0005456716402321247,-0.004554889023606119,-0.006475749075771469,0.0029996235072714495,-0.0005294819638990531,0.0020588137673476473,0.002326472000615712,-0.0002021272715127163,0.003455556721615235,0.0013812600671274807
2025-06-05,-0.006548160278293268,-0.007711826706619731,-0.008458782247772063,-0.016797169285818755,-0.020713954854805178,0.0002598651853057547,-0.00849787517290963,-0.002121851765609968,-0.0023662993570755485,-0.020612326387753413,-0.0004820576675694467,-0.0028472140867782224
2025-06-06,0.007801420135963344,0.00598211127619133,0.004785210584746434,0.013833473751051203,0.015088160697675025,0.0008410314995132163,0.004882134928895525,0.005734362435654299,0.00570208448410444,0.015162070743958402,0.0003281953324984515,0.002542719417514606
2025-06-09,0.012099863398671293,0.013537704983933443,0.013235585634173519,0.027530178777919974,0.03222851087467365,0.003859657691077562,0.013249150298524734,0.008145384983840534,0.009582178661460564,0.03301072918846587,0.004153735778479638,0.005607168417180885
2025-06-10,0.003939688743183906,0.001238606387559741,0.00021250623600835755,0.00016543526991490165,0.0005975701601735293,0.0004818966034014888,0.00026575483545621413,0.0020097761702660842,0.0017092970279434423,0.007752258168282447,0.001166413400554851,-0.0016630809024532189
2025-06-11,-0.0008082339733842204,-0.0016526044092474376,-0.002099066302075076,-0.005973454655410111,-0.007547437296273828,0.001386174970174807,-0.002103426792614775,0.000836639847408345,0.001170819018140605,-0.004862728621997247,0.0018994687988730928,-5.2593009031813576e-06
2025-06-12,-0.001023342852934565,-0.0022918273214341104,-0.003012004699777875,-0.010577620699269128,-0.013761593907847355,0.002777152285143843,-0.003073959610677606,0.002004640193323968,0.0016682386351413634,-0.01225001131188949,0.003163514737818749,0.00030406262943879526
2025-06-13,-0.007447569892723063,-0.006526261214652659,-0.005995529974855324,-0.00934838215142035,-0.01128057439859559,-0.0064674799985106075,-0.006044942520781676,-0.006014234174522308,-0.004980541094865442,-0.008925450375283,-0.004566888039632232,-0.0012871306349489622
2025-06-16,0.0036391765721546614,0.0052545433245891815,0.005341835424058721,0.009450619583916537,0.011071349155098543,0.0023884835550586118,0.005349607681851384,0.003172192370874712,0.0029378916237315362,0.0012835205739640675,0.0011205447658119902,0.0010398830708220588
2025-06-17,-0.003474587426785636,-0.006227349212870005,-0.00792222504655223,-0.013050212689957697,-0.017359304979319104,-0.0013344411940005578,-0.007938073659201067,-0.0005426081551004636,0.0011608466224005466,-0.0067901091468409586,0.0005296615099122324,-0.005145905577653682
2025-06-18,0.0018159282134646954,0.0006349026791374275,-0.00031230307374611435,-0.00029425537824279797,-0.0008336846504171126,0.0018619499542572955,-0.0003303539703153547,0.0027719816026054644,0.0030860830264694042,0.0024786770522077536,0.0016992335145790654,-0.001548608343930953
2025-06-19,-0.00019064854693614524,-0.00027770792313879054,-0.0003156204130501417,-0.0006894964821822648,-0.0008237795373609989,-3.631710094524739e-05,-0.0003126115883082295,-0.00010514351959453769,-0.00012365417437083437,-0.0005951556791259902,-3.188718315239131e-05,-0.00017379958490896158
2025-06-20,-0.006929936426525386,-0.006195009018603322,-0.004610727853998822,-0.012154610733377664,-0.011512767010349577,-0.0027795257539776296,-0.004570651159146801,-0.0060518503593578465,-0.006786168305041867,-0.015082200974947335,-0.0024080059098793515,-0.0028594130185118174
2025-06-23,0.0037725595157208046,0.0060936415574280684,0.008353844856863584,0.009388202946489791,0.013596690112995202,0.005025987916125851,0.008324540167357035,0.0019721356840265063,0.0004312006536433602,0.005842467665380364,0.0028674795821483656,0.005909743388387111
2025-06-24,0.003926347959339466,0.0033290293532930787,0.0033767122723907016,0.003988272090088415,0.006185447495337172,0.0038654491346193816,0.0034454209022166896,0.0022856125741026485,0.0008569609489857871,0.0028956100131491925,0.0024499036821086714,-0.0015190694468415037
2025-06-25,-0.002774831914324571,-0.0022946669053325883,-0.0028178812561630868,-0.0036764081511573,-0.004731800210781283,3.58249322213786e-05,-0.00273109235262036,-0.0018543261186123288,-0.0007848169085165036,-3.5898146991487044e-05,-0.00020090321601897137,-0.00022895755410321395
2025-06-26,0.004545992309524618,0.00021963430394458718,-0.0020337462745113775,-0.00619059310572954,-0.009162674205571973,0.005341373334286265,-0.0019347126276804425,0.005715316369703894,0.005575235377351351,0.000977818939231814,0.004562893525830459,0.0012472901237313868
2025-06-27,0.00013413189444365928,0.0006851237946888,0.0010833399302240692,0.0032587616010872154,0.004300964326771107,-0.002045464586761539,0.0011041663958808036,-0.0009807192316035511,-0.0018431053844135186,-0.0013935638058211529,-0.0023193110108388616,-0.0023651073267780924
2025-06-30,0.0036260595876108706,0.006477005246716505,0.00803154079993414,0.010453115963386276,0.015076900215535854,0.0022408591022865317,0.007997866504168182,0.0021141295728836313,0.0017742889077955507,0.008901091635199705,0.002714230687378645,0.004256659969863547
2025-07-01,-0.0017169021685295269,-0.003773125205223804,-0.00427171119590398,-0.01053013970473134,-0.01206404096915085,-0.0005398427693169832,-0.00428171381474899,-0.00038848651949929667,-0.0012842069395829542,-0.010920924518601155,-9.930452566977058e-05,-0.0018851977706994517
2025-07-02,0.011565889222953488,0.009216815264481669,0.006822619624527015,0.017408836001966927,0.01743902267726382,0.0037376377356393574,0.006813798462053637,0.009606831719429868,0.011396449102437298,0.025992990623789198,0.004077154282815214,0.005204903839666121
2025-07-03,0.00030370107497039466,0.0007538765140049018,0.0015221648996059886,0.0035389426005879385,0.005505273268337926,-0.0016161347710438652,0.0015735191799081702,-0.0012667956084107626,-0.0020842244334073794,0.0014095808819111796,-0.0020083331008924257,0.0008889260846670445
2025-07-04,-0.003384112712926674,-0.003408453649975352,-0.003220467934557749,-0.008286533338532298,-0.009332591936589741,-0.0003998129979711425,-0.003233090857940002,-0.001876043129909103,-0.002215029685501623,-0.010546047532339228,-0.000456501587510788,-0.001450637614959872
2025-07-07,-0.0035527253477553073,-0.0010894513827882125,1.4882274531656005e-05,0.0032001924543585583,0.004607606748505798,-0.0036387446863543746,-1.2093615198488852e-05,-0.00427631443600848,-0.003494967415211425,0.002550851658953814,-0.003347998870982789,-0.0022851368947228376
2025-07-08,0.0047735138850709714,0.003213259799519398,0.0009582030880235932,0.00485507531555095,0.004960908008690898,0.0009966059080944918,0.0009940582464951283,0.0037761644553173223,0.004380736681707536,0.007586747072314116,0.0011795070697669685,-0.0029635462946956915
2025-07-09,0.00647804605216015,0.008266804716365237,0.009066726016891295,0.01548530542640325,0.01908016518574342,0.0023749624378911847,0.009014321380078308,0.00396288183548834,0.0041224983141958955,0.01658696427353277,0.0028897723507440784,0.005811962172798528
2025-07-10,0.011369646347542015,0.012345558167869707,0.011949870290038397,0.026538270087975963,0.029349963559897812,0.0026864669377404146,0.011845187200843162,0.007914928277951401,0.00881666580125375,0.0262953468721386,0.0026350199349359314,0.004774450370885352
2025-07-11,0.004198753825047849,0.009120796316128527,0.010268123629122071,0.02201515836596526,0.025778875086148074,0.0001826144071428317,0.01011700936721432,0.0033021151819665464,0.004966432965853048,0.012407765586436078,0.0005242104640285296,0.0029751112649374746
2025-07-14,0.003990540180023559,0.010812926943724481,0.013743143343117837,0.023875220551286654,0.02960486493160599,0.00042508302684768725,0.013582516704061659,0.0013492728623398322,0.0010008393598729911,0.009164661707273552,-5.829930084361092e-05,0.0045736789398300665
2025-07-15,-0.0035117048969689024,-0.0048917230293087505,-0.006264465748145571,-0.005098302481660594,-0.006923215711728338,-0.003669567356478343,-0.006173331830173394,-0.004222025443416143,-0.003261673339649441,0.0005551218324550628,-0.003930079830938616,-0.007501496643253822
2025-07-16,0.010461680539047558,0.010660377870577135,0.00972076032451424,0.016284669525913252,0.017601812873559806,0.004640657940138526,0.00974960496652421,0.008649959600405831,0.009132210702876491,0.02238245573913162,0.004818920923163678,0.006258855341764666
2025-07-17,0.012432950799035202,0.022278968912786423,0.024776214417970684,0.044525276427202345,0.05424939146539504,0.003462877351310956,0.024548911375632757,0.008461974282558769,0.009531609005467163,0.023028907381359404,0.003764806694229234,0.004416375683280475
2025-07-18,0.0001839526328483805,-0.0017890437098293465,-0.0023013366501026472,-0.00564744306663665,-0.007599579343281309,8.755015334560741e-05,-0.0022829837960137806,0.00015446913729743488,0.0003585080119597431,0.0005740306506433648,0.00041463782025593255,0.0009154336794973989
2025-07-21,0.009720123498501614,0.011142477457295397,0.010881770035691758,0.020274408396003127,0.023624249125234136,0.0033831064105323983,0.010968157318444657,0.006078666813737671,0.006604520190315092,0.024183089526852317,0.003674092424079625,0.003604567662186647
2025-07-22,0.00612000920612083,0.005203985195275903,0.005208523031770239,0.006724690552317087,0.006940464668260359,0.0034153344556956348,0.0052091061409501975,0.005503924342032472,0.005067433529740351,0.008908364566747241,0.0036352817258852067,0.005646467114373469
2025-07-23,-0.006651809613764447,-0.015983433932729912,-0.018857221225516526,-0.037111156397308935,-0.043412841948748546,-0.0002851758025625178,-0.018661833812036486,-0.0035439184825561514,-0.006038151429848926,-0.020195549238531327,-0.0015715883617377652,-0.004511287568051644
2025-07-24,-0.002300950405766979,-0.0038534676899094696,-0.004584581162117457,-0.0064566841528072485,-0.007661948203137587,-0.0024205616646195372,-0.0046159452324311,-0.0020710095683322796,-0.001566210714566123,-0.0008541460450580147,-0.0018766658940035084,-0.002811436128703013
2025-07-25,0.00016047799678786662,-0.0008748325330286876,-0.0007013191977209637,-0.0012484633584851058,-0.0003362676745159081,-0.0006441480581420684,-0.0006419162747515869,-0.000975601755348666,-0.001365043156296721,0.0008630837512794002,-0.0002284326129490269,-0.0023131948937110676
2025-07-28,-0.003529808446454869,-0.00472191938740057,-0.004979041829269289,-0.007649201794015322,-0.008246465660955611,-0.004635079314055156,-0.00477657641371976,-0.0045917725445498506,-0.003356183740296281,0.004033783662866511,-0.0031592806081837373,-0.0022217421044246457
2025-07-29,0.002625632097716735,0.0021380992221754543,0.0017314683932088256,0.0007242306416348923,0.0005884306370945967,0.0023605602673030133,0.0016507996782894618,0.004085497393984559,0.004418340516827932,-0.0005541286837909893,0.003588630522219927,-0.0008099049708545362
2025-07-30,-0.014885810936867862,-0.011134761929466289,-0.006430855071250293,-0.012167562569316132,-0.0092652385841995,-0.01076776001550982,-0.006489210835026006,-0.017364162157846936,-0.019325102881400772,-0.015943139849569576,-0.010312909700928668,-0.00572383889539033
2025-07-31,-0.009191461578617006,-0.007803752492932256,-0.006530388368227806,-0.012382945905164837,-0.013802959596949087,-0.002603804636632313,-0.006524967941931165,-0.007405559984837951,-0.007202889155887802,-0.014696694019539843,-0.0032034718812338206,-0.0017623780428697008
2025-08-01,-0.007838397382982693,-0.004500850888162404,-0.002915385215789084,-0.010656937529191932,-0.012123280226428558,0.0031932763046844644,-0.003059317825905859,-0.0034363870324188145,-0.003495336002519097,-0.018421777898191233,0.002907031165136403,-0.0004285922263418529
2025-08-04,0.009772176137456,0.012716771218883515,0.016824772886413507,0.022178604400558823,0.025125634343319866,0.004872697911290965,0.01615340432250687,0.00677112172862136,0.005833260586980356,0.018347439188469195,0.0041416271904606596,0.0053240989615845336
2025-08-05,-0.0038850478872976147,-0.006527085083550205,-0.010356981780426995,-0.01470178957792095,-0.01717502699576936,-0.001182465246373653,-0.009849915051646058,-0.002288831937222513,-0.0026432637992677387,-0.010334304055712534,-0.0008080236627070034,-0.001992768470752999
2025-08-06,0.0037205418002591722,0.005071512974931294,0.006746877835275824,0.00867935242538319,0.010104860044220943,0.0017301455669317283,0.006445932781441888,0.0026567104557094576,0.0031528457035115507,0.008502998364852167,0.0009618873309055146,0.0011282822323663978
2025-08-07,0.009422923916186678,0.01702093431714961,0.028452075040497446,0.03558616632985664,0.04217695343991332,0.002764444284952429,0.02709072210848726,0.006232205066726292,0.006673751646646813,0.02455133595704318,0.0023910871246663147,0.00646233932278484
2025-08-08,0.0006728173277293202,-1.6214884018215473e-05,-0.0009503184875195244,-0.00028382087498647797,-0.0006003655762343266,-0.0001401657988089981,-0.0010074865212115283,-5.03211479052231e-05,-0.0003567953580472655,0.0016948007288349848,-0.0004718856856188567,-2.43588226850718e-05
2025-08-11,-0.001471801788272516,-0.004887383701302844,-0.009855854133675467,-0.008506286062660797,-0.012507632598865736,-0.0007547207035339396,-0.009378952927168761,-0.0016649794886363228,-0.0015204437139487996,0.0028320159433080938,-0.0004813782606703631,-0.0023049669145539416
2025-08-12,0.01110020236714701,0.014523543702375592,0.01998561469630567,0.02891500927378253,0.03259110829395248,0.00401308141113977,0.019054516610757265,0.00681698905670752,0.0063433357604071195,0.025328344458445985,0.003360005129447125,0.004666211547738574
2025-08-13,0.010502286739723905,0.010608416471909405,0.012152490003231162,0.019050210323719625,0.02081820891617596,0.004725531833255378,0.011751345968903102,0.008043508269732467,0.008198072935998245,0.018108584539837862,0.00489741691693704,0.004653326573085997
2025-08-14,-0.0068231940151125235,-0.011517448866927437,-0.017909236105016484,-0.019043776766758853,-0.02053880654007978,-0.004312858742708664,-0.017253120375186608,-0.004931136468176092,-0.00491219788208521,-0.016070558286094015,-0.0037991391584059307,-0.007062973204636477
2025-08-15,-3.834682200673707e-05,-0.001179178788860221,-0.0012544310635994875,-0.0021237071787345053,-0.0005856899082525191,-0.0013545969094809064,-0.0012262052949177991,0.0004976922609514874,2.307583390671647e-05,-0.0025663404203166503,-0.000302926097167124,-0.0007489386132021469
2025-08-18,-0.002204473616995866,-0.002046758061432116,-0.002476157391198247,-0.004794546571739087,-0.0055766227840330345,-0.0007384903426991173,-0.0024465779522492223,-0.0018422112653737489,-0.002026852020340901,-0.0021198504507718317,-0.0008876082978243002,-0.0006481839150494571
2025-08-19,-0.00930966142225724,-0.01481778320042704,-0.023487713357834103,-0.0336071886296186,-0.03869864500647093,-0.0009768288416702685,-0.02217260749838273,-0.006050236718396249,-0.008269397292298735,-0.02313379100942303,-0.001054397560577169,-0.004280494734309102
2025-08-20,0.009001076265252808,0.011633079040864209,0.014953900671240073,0.022913583122461924,0.023381215554098774,0.003270405688945237,0.01432203314490152,0.006916299211193888,0.007764794974553339,0.021073953771108635,0.0033262707730123747,0.0065418661565496165
2025-08-21,-0.005255924976698727,-0.008026600800677753,-0.011739958294643147,-0.015551397166288406,-0.01811053151497818,-0.003248586284861679,-0.011349974447599475,-0.003052596928817379,-0.0026554705700403765,-0.015214100981982122,-0.002285364234820331,-0.004404410754950689
2025-08-22,0.021636980907967666,0.026602630822998873,0.03478337378588435,0.04803427519924078,0.0521646927729337,0.010606338340877647,0.0334029014561694,0.015465207761353364,0.015692143659664495,0.04489431422666139,0.00951141537396634,0.013263299286624002
2025-08-25,-0.01638084461592903,-0.02197290056923544,-0.03020630925634029,-0.0436011573036253,-0.04820414804375528,-0.006298422453336804,-0.028970811131027407,-0.011166515298579495,-0.011286550449172414,-0.04037631840794692,-0.005363293961445838,-0.008824020825192964
2025-08-26,0.005572429613037201,0.009849488092600426,0.01567461311216707,0.02118177041575664,0.02390151951750233,0.002195918137081698,0.014887121261674734,0.0030908909257963404,0.003674286365417769,0.015226310213285212,0.0016959918501047609,0.005566904325897399
2025-08-27,-0.001459918752164724,-0.0036206021471075853,-0.0060449920895631355,-0.00862173555893713,-0.009844066501586049,-0.00010362519117450571,-0.005671291245525989,-0.00015667974917751967,-0.00022463484110155275,-0.00678360517782991,0.0005821938446305657,0.0010436659546833493
2025-08-28,0.00403981576728926,0.004328181808363269,0.004511426590146906,0.0062471621090173825,0.005973789665781294,0.0018544012438054115,0.00430540681170774,0.0038160463294675583,0.004686804924596223,0.006391284003450489,0.001787693367771237,0.002524296117689604
2025-08-29,-0.00434720062957796,-0.007950139727259078,-0.01332811405123749,-0.017664513262133228,-0.02162204305362361,-0.0018835105200148503,-0.012699231299224468,-0.0016398956406788634,-0.0015057777043720397,-0.015698789828715146,-0.0007716648706237355,-8.985075350619477e-05
2025-09-01,-0.002336649377006495,-0.003780180361725084,-0.006146009099847866,-0.00926482753123011,-0.011063267154374782,-0.0003728928624319901,-0.005847592059289293,-0.0012934447000731355,-0.0015299083091900579,-0.006476686885698723,-0.00038340268586472957,-0.0008410566038147458
2025-09-02,0.002241391733687659,0.006459919572684638,0.012036531949401838,0.016649274631903053,0.019302485337173454,-0.0009559428228460895,0.011281342653338742,0.0016029993236177818,0.0033840371673149816,0.007285326326929081,-0.00039181303862089714,0.005582068270546227
2025-09-03,0.0013290816886641172,0.0016650356491552702,0.0010251207192353425,0.002616024948949954,0.0015834181428397895,0.002058149111870854,0.0010987104617124512,0.001431706551447223,0.0018952995326000578,0.003834360801028384,0.0018108955788396857,0.0022607707328458626
2025-09-04,-0.002246116823775835,-0.004844505365980273,-0.007761496522678678,-0.01326387534754319,-0.01347848580172659,0.0012864238320741594,-0.007177838092869045,-0.0013427790593788346,-0.0025206078781076797,-0.008736810257104063,0.0007754856928485873,-0.0009059708850019162
2025-09-05,0.002995512778498118,0.00439355233106356,0.005221801250640767,0.00703640414875089,0.007677345335299164,0.0036393640795718864,0.005208185946040769,0.0026928714352110012,0.0025439136769434215,0.005690949034778139,0.003276389975243989,0.002434704082312519
2025-09-08,0.007625772918937096,0.011431556540089354,0.017094775692189253,0.020369647328994572,0.024347459102556923,0.003856647372599357,0.0163388666488161,0.006221556099867099,0.00692521294777643,0.015733832971196654,0.0037037185012003503,0.006374856344298902
2025-09-09,-0.0009469252196108401,-0.0014691065398022712,-0.0021402998977534476,-0.001999867500197791,-0.002407565684055883,-0.0011212564237894945,-0.0020982467360210087,-0.0012874860543414816,-0.001331210535005574,-0.0011794302563928796,-0.001523204691297473,-0.0013307567660246176
2025-09-10,0.004380863014198773,0.005847984937474914,0.0075068958679973125,0.010581295937170073,0.010972596659810223,0.0024288294780388216,0.007184080217839778,0.003463171488154074,0.0038435824735988697,0.009126813725773834,0.002485372478255176,0.0035789544242106025
2025-09-11,0.008205701323588926,0.009044987934516576,0.011080468721757438,0.012032238718813006,0.01346642128266926,0.004822606437845816,0.010751284081459474,0.006556468457267345,0.005275174793226945,0.012171093664899019,0.004261035789092506,0.003941422788957713
2025-09-12,0.003014158204172899,0.005230290240573322,0.00799313317751835,0.013179440536146853,0.01364110707465741,0.00010153892138400376,0.007517135952372104,0.0014294561829698155,0.0025304236464982234,0.011294728233631774,-5.211768762963435e-05,0.0018660602208083036
2025-09-15,-0.0006560899564170327,-0.0030042738652602662,-0.006916340068550148,-0.013692081724020522,-0.016858683963837582,0.0017499522804485914,-0.006582369530349298,0.0019964909929680126,0.002311845773730052,-0.008830960474181346,0.002073538279598482,0.0028937471639587215
2025-09-16,0.002974380730324666,0.003519725627963114,0.004848595053294736,0.007707123090340333,0.008639487452641878,0.0005478265847863087,0.004643377165416656,0.0017912286449220747,0.0024767853232342115,0.009268198794653322,0.0006389826988941268,0.0015300096053525696
2025-09-17,0.0005555822683519542,0.0017888626789873898,0.0035045222051725247,0.008076849316171857,0.009503889240693175,-0.0008126937392529503,0.0032990388272045954,-0.002013189572712456,-0.002672025622318673,0.009196717022393566,-0.0018669681140247901,-0.0015965256005831732
2025-09-18,-0.0008226959441890983,-4.602311643601368e-06,0.0006682081727260843,0.0014388217312486988,0.001977944310605568,-0.0009462383013993831,0.0004877284003477572,-0.001177899449867825,-0.0015184785110943398,-0.0005707900798012039,-0.0011541887558891722,-0.0015299800745827558
2025-09-19,-0.0026965113168392254,-0.003184313386324371,-0.005472983804960797,-0.008973613384170154,-0.011827762496489754,2.156786522173606e-05,-0.005279540812230254,-0.000994456476391094,-0.000796802593303402,-0.008403133884058894,6.68042995667005e-05,0.0017514489068241393
2025-09-22,-0.005099110066414473,-0.006499878583535408,-0.011084260483313369,-0.018671340739024253,-0.023343407639724808,-0.00015522278674306474,-0.010686143377564253,-0.002435263947693645,-0.0030216755220297013,-0.014363590921220967,-0.0005505782053099114,0.0021138502752379666
2025-09-23,0.0017560035384469104,0.0010850028352549208,-0.0012327661352662114,-0.0008388220960923991,-0.003861072809232758,0.0018362931142301944,-0.001021858937447775,0.002897459262692817,0.0034008879873035805,0.0003347101823431473,0.0020657157602697535,0.0012946050325796134
2025-09-24,0.0006793660339639187,0.002512941327800959,0.006406921017727411,0.007334300323595158,0.009880745149797426,-0.0015939610320929794,0.005990465792874332,-3.98663737995273e-05,0.0010795622725310646,0.002459929781484377,-0.0012427810552710001,-0.0011847937529066701
2025-09-25,-0.009499118176905599,-0.013027001344865563,-0.01927537297044106,-0.02744333288097805,-0.03191592577128485,-0.003475600499649594,-0.018492383544673797,-0.00478243404099813,-0.0040510053331722405,-0.030975215955948723,-0.0024956823146744193,-0.006084825747277859
2025-09-26,0.008018887485191445,0.009080871499227407,0.010713099613985672,0.014929544988539413,0.015648600486026887,0.00376441567763266,0.01027931990614828,0.0067410156055110896,0.006633986626490889,0.01195648037276683,0.0036041357444975223,0.004751738706087088
2025-09-29,0.010102539935906233,0.013979645375995399,0.01836219235122517,0.024272820851409728,0.024871057208553482,0.004808921735556334,0.017571820297140793,0.008019046702816512,0.008922477305276625,0.025490019690563765,0.004285275182310403,0.01038309464203899
2025-09-30,-0.0010021281280777128,-0.0022457433510226755,-0.0035875031603265395,-0.005378078539300056,-0.005441693550879003,-0.00019568711629491667,-0.0034092240300576805,-0.00043161251308150225,-0.0014001650795931017,-0.005129167508954261,-0.0002939844010965854,0.0002944409560826837
2025-10-01,0.009424156391557595,0.011261229422509442,0.014960106442853505,0.02120026403365747,0.02373062362014816,0.003628297077758796,0.014358386925540225,0.007220206852291891,0.007764991490228647,0.019782274421646158,0.0037759097563679475,0.003968166773834189
2025-10-02,0.0044070061920531535,0.007667714154285507,0.011176425211319604,0.016709905435522816,0.017656274501509583,0.0013850697319555884,0.010637308062231328,0.0019788890411735907,0.002270054108013229,0.01820302574999855,0.0009368853634275055,0.0024230959281379473
2025-10-03,0.0069458082685748355,0.008638999876481757,0.00889118736948778,0.01224960654011297,0.010039560811061431,0.0031370120849966254,0.008460809304363564,0.005954306119675219,0.005931829554225384,0.01909943832112275,0.0028715672331337053,0.007042489217308224
2025-10-06,0.0048832577640655905,0.0050700770681002365,0.004550297227388035,0.00767692553541959,0.005593642686988301,0.0014437777591113116,0.004180430895728692,0.003906457005735981,0.004674056346486426,0.011192833109171785,0.0012794894822063727,0.007111173268278119
2025-10-07,-0.003671486734080906,-0.006450826798525058,-0.012372660646895984,-0.014282243073245552,-0.02028394033563541,-0.0005500198796891322,-0.011700507789548797,-0.001898276624635082,-0.0015428394401644208,-0.0035410544738479193,-0.00016826873059705547,0.002141057809128675
2025-10-08,0.0037669149879025303,0.006433557206476957,0.008923991949404611,0.01097086933189996,0.011525804766916888,0.0023797130990869104,0.008457537703785498,0.0031741819596209447,0.0035932005549906346,0.005696764683871975,0.0020754097856336817,0.0051240852602960334
2025-10-09,-0.010040661014930884,-0.012094675947279088,-0.014492968724672258,-0.01936314687256866,-0.019421164831913695,-0.0044875523338606185,-0.013894216170306364,-0.008379741220294652,-0.008859704394261059,-0.018138674160204257,-0.004343081785472151,-0.009273692687062261
2025-10-10,-0.032518294832127356,-0.040889118610554734,-0.057214600762709726,-0.08000238167301638,-0.09206632890807996,-0.00832270160457866,-0.05452144528222019,-0.022162838957890077,-0.02312886221305764,-0.07059508498362511,-0.007283515628405521,-0.0116097694588769
2025-10-13,0.025600893886262625,0.03292429030894498,0.04314991233132971,0.06150315928796123,0.06593486908597415,0.01043111840037562,0.04114281655894805,0.01882254027606037,0.02067429050043041,0.05915609298418221,0.009686899712658625,0.018645062452582534
2025-10-14,-0.005037561897631757,-0.007804509139003001,-0.01176634573643333,-0.01909083004578158,-0.020529318716298012,8.073353211927251e-06,-0.011006486346193294,-0.002459066049038229,-0.004171601813334212,-0.020392371661760098,-0.0001475487018469387,-0.0005985905296306132
2025-10-15,-0.00011624183057731821,-0.0020427837664759806,-0.005464789627895179,-0.011408229650795692,-0.014318485862462288,0.0018310865766751822,-0.00515140005600838,0.0024150897010308536,0.001585301684643224,-0.012545021216436554,0.001912706135072786,0.002119775610186234
2025-10-16,-0.0026397416091800195,-0.0026161109173649926,-0.0053832559181866396,-0.008671176092538773,-0.012020167989037166,0.001161042485737559,-0.005068475041608097,-0.00032545440130119375,0.00021190332917537911,-0.008980395435449961,0.0017953545594084036,0.0022299956317722936
2025-10-17,-0.006555095777421171,-0.011327713985117872,-0.01480650250910991,-0.021145805629087428,-0.02005510276919576,-0.003411354151828227,-0.014038967928279635,-0.005986026444135282,-0.007943480561385472,-0.01734631267762163,-0.0037816099395656722,-0.008921716870602373
2025-10-20,0.015895304402446245,0.0199477751861267,0.027368790721756214,0.03387165152386009,0.038166467713096175,0.0060618009672685986,0.02614360101421896,0.014161087182179044,0.015261804621184209,0.02492043637519619,0.0065823894504947475,0.016849255307898662
2025-10-21,-0.012575650993127158,-0.01842552440632235,-0.02339581739262259,-0.028224620724022015,-0.0275939579263057,-0.0064767270800060485,-0.022283062659094396,-0.012717808939618826,-0.014450960923846437,-0.019405061062934492,-0.0067658045976473,-0.022080762279581338
2025-10-22,0.0015834709617312099,0.00020950103079901184,-0.003009721350583692,-0.003068826121442408,-0.006745746454164239,0.0008996139141013585,-0.0027649195151562087,0.0031956152174518245,0.003754146868342606,-0.001098392492154464,0.0019563092274226803,-0.0005119165657536563
2025-10-23,0.007033680101648349,0.008392977538223543,0.01041549225026382,0.01470170169682087,0.015396690982703548,0.002207067693607209,0.009829247444563172,0.005053015204841545,0.005433079867183577,0.01639681086360829,0.0016521705686881735,0.00410836136737643
2025-10-24,0.0020474306593860217,0.004199067672843049,0.0079061152323477,0.008978767685396434,0.012194309938407949,0.0013470060904963613,0.007558255410076352,0.0010846680610616813,0.0008048179510989085,0.003551411508407595,0.000454188652341866,0.0005499058416745604
2025-10-27,0.005141107236855435,0.006917407389909583,0.010473220817653625,0.014786459058303345,0.01771159153237991,0.0017479228870291813,0.010020140682342544,0.0017842458591621206,0.0010805265041178391,0.016990620103521543,0.00037727832101257664,-0.004821394420853609
2025-10-28,-0.007492780309966689,-0.0068114464846011046,-0.007041538462401286,-0.011658953983125716,-0.01134780871658135,-0.0023931560109639064,-0.006860903106824754,-0.006321496619815485,-0.006202218960469953,-0.013593930872431503,-0.0024070019341632543,-0.005502110172488422
2025-10-29,-0.0055517754322774015,-0.005343758706293805,-0.005990236984515185,-0.006930321484023632,-0.008397508785487076,-0.0047087959906772225,-0.006158338258624992,-0.00498076084920065,-0.0039206338907951995,-0.007748572601560451,-0.004093130799474376,-0.00488274150886056
2025-10-30,-0.005712288952171303,-0.006472095551845514,-0.007851838521452839,-0.013751228687449142,-0.014671855425463204,-0.0035452371459617623,-0.007779012738329746,-0.0025774035382895404,-0.006248179215161252,-0.016332657955078825,-0.003563767056935836,0.0005586728527205468
2025-10-31,0.0021342506537341626,0.001232872034274591,0.0011214861228762132,0.004785405792920921,0.0049293660932374535,-0.000501571917072933,0.001094368346050836,0.0010472263125677601,0.0021342506537341626,0.005567148505045477,5.1068724325631246e-05,-8.414826764480924e-06
2025-11-03,-0.008240476343297531,-0.009630015010975568,-0.011950965073448252,-0.031154341832370053,-0.030502349148680444,-0.0015895549822581348,-0.011849197161711518,-0.003949482760853152,-0.008240476343297531,-0.028296070397930008,-0.0021482429586067156,-0.0035645296821159873
2025-11-04,-0.012885526749019598,-0.014713523229467985,-0.015371264818491152,-0.030288482592290944,-0.02724643264018347,-0.004505649695793315,-0.0152336669738745,-0.009725353877816208,-0.012885526749019598,-0.02902539465770881,-0.005415793822597733,-0.006813733325446383
2025-11-05,0.006574126163732536,0.00853947935740476,0.011482581934989843,0.022240702060950676,0.023476532264890795,0.0014688371563620142,0.011299663919474574,0.0041116947140627715,0.006574126163732536,0.017449460356299466,0.0018516600185881473,0.003015681100466976
2025-11-06,-0.005196742672590583,-0.006884161745867451,-0.009226897526147955,-0.018440348039205478,-0.01946142004755208,-0.00044633758464338974,-0.00910644499495106,-0.0031823733368309425,-0.005196742672590583,-0.014670652394518677,-0.001648790167355721,-0.0022009674908807135
2025-11-07,0.008574421630877209,0.007877798736896618,0.008362094065489085,0.0185469091821766,0.01813400823547684,0.0022817449475383044,0.00828006716139934,0.005949153653223255,0.008574421630877209,0.01960646101188395,0.0036612023551734103,0.004951180703008454
2025-11-10,0.01309294089202209,0.015808574238946608,0.020517390892414365,0.03263470171890988,0.03596313058710096,0.005166196057294514,0.020346193263553372,0.011541492133367321,0.01309294089202209,0.02059228411436853,0.006061739207483822,0.008322936261994854
2025-11-11,-5.955214235757e-05,-0.002080945624548554,-0.0048516086179286495,-0.015473270996556758,-0.015989454678697328,0.0029142268715886266,-0.004747908044655042,0.0028337245299454236,-5.955214235757e-05,-0.015073624811630246,0.0028111813631850743,-0.00018980495754540496
2025-11-12,0.0006739578143328285,0.002742694674095834,0.004440150188073382,0.004720825347163494,0.005618189915573371,0.0012880601913493684,0.004367625237764938,0.0016192860797514027,0.0006739578143328285,-0.0027522841731389483,0.0005332531808919951,0.002824192452853187
2025-11-13,-0.010910019661246422,-0.01232821672146017,-0.012341949915784679,-0.019887199778732483,-0.018107320379210524,-0.006424606762903526,-0.012293964372647096,-0.009455866996460175,-0.010910019661246422,-0.01698509420468764,-0.00711290886732737,-0.0062998002162209825
2025-11-14,-0.0076110169152501595,-0.008156914534476662,-0.009865066160553219,-0.018777513360770683,-0.018894544281517562,-0.002340870017163369,-0.009780466198558123,-0.005985068107147759,-0.0076110169152501595,-0.01913582337304983,-0.0026866780070684774,-0.005772755741322991
2025-11-17,-0.010066029206719514,-0.00971295681156088,-0.010161709673882276,-0.016477039412385912,-0.016498669813382178,-0.0040236191424775575,-0.010053011851544042,-0.008286798863698187,-0.010066029206719514,-0.016749004991985134,-0.004549043761819099,-0.0032248449369657204
2025-11-18,0.0020307906235503144,0.001163989395286813,0.0010620799406489906,0.009049044536912224,0.00773314770356758,-0.0009234029640595501,0.001065123242603747,0.0013685281849771813,0.0020307906235503144,0.006462050685747692,-0.000244059195047555,0.0024820226293199897
2025-11-19,-0.00453247398047495,-0.005197858225434145,-0.006885103105486022,-0.015169374926457167,-0.015290798074626688,-0.0010834278362009642,-0.0068502884234659936,-0.002357698271530671,-0.00453247398047495,-0.01424504849744515,-0.002190781632862418,-0.002807687870561562
2025-11-20,-0.013140572637271974,-0.013877487494089992,-0.014353686328489282,-0.026805778300747637,-0.025223269830753306,-0.0046870507311463395,-0.014207745626638197,-0.010418508721240475,-0.013140572637271974,-0.026712118499612976,-0.005589761092482891,-0.0031047245932177823
2025-11-21,0.0026081165984211973,0.001663141622653193,0.0004959634061560013,-0.0075462560255778926,-0.006977811953447849,0.004325631779232576,0.0004844661292971853,0.003875118762863729,0.0026081165984211973,-0.007726121783900379,0.0042412468531637494,-0.00017705900895037584
2025-11-24,0.011197101361187942,0.015294195091886818,0.021039794670723096,0.04112292391960771,0.04402847595398232,0.00414964997482168,0.02089646068381891,0.008132280897686807,0.011197101361187942,0.026565877820269757,0.004682668631473852,0.0071208069855398445
2025-11-25,0.002709730379088642,0.0030952138600894227,0.002701978105722981,-3.9752380953995015e-05,-0.0002849414867555121,0.004040453677170668,0.0026799831162763912,0.002537966773542091,0.002709730379088642,0.00046197525430199693,0.004050482105753088,0.0016729730903487598
2025-11-26,0.011100190128991763,0.010836063444377736,0.010248403955759834,0.016642049891276944,0.015794939221941473,0.004816094919633048,0.010205634466370385,0.010663083494753579,0.011100190128991763,0.016682789634851605,0.0058105132502366645,0.0054472865500763325
2025-11-27,-0.0001434283507469576,-0.0003348596694247875,-0.0008166976130581238,-0.0016577117932308491,-0.0019733175043491476,7.042447077399654e-05,-0.0008091842892085559,-7.766110342955678e-05,-0.0001434283507469576,0.00030271877185298875,1.4960727841486312e-05,4.5722927756219404e-05
2025-11-28,0.0066474649564374575,0.007193758476768524,0.006850195081322887,0.009753311078986863,0.009398256040513746,0.002243209577865865,0.006770518301094403,0.008062778426991294,0.0066474649564374575,-5.976424445070293e-05,0.003213386312303156,0.0035007489817138523
2025-12-01,-0.009638755995473827,-0.009985108337961434,-0.010926436404204721,-0.02460557095940576,-0.02319496557632298,-0.004701094439083222,-0.010919875508060912,-0.006198448858979398,-0.009638755995473827,-0.028846539703480386,-0.005428818594543378,-0.005584442063735572
2025-12-02,0.005576806318829498,0.007016969878568216,0.008858685535611671,0.021939609052085925,0.020570213307169138,0.00102339758225205,0.008755818138396215,0.002232936824957609,0.005576806318829498,0.026687645836810155,0.0014440503155611832,0.0018006902693943631
2025-12-03,0.008968643266938508,0.00790306579797678,0.006272345676119437,0.016066020620988757,0.01302271886547713,0.003326702891793193,0.006226339505254936,0.007344097149842776,0.008968643266938508,0.01668752001283557,0.0038423504041727075,0.003107636735492912
2025-12-04,-0.003761136188343968,-0.005021526057677455,-0.007186114887843501,-0.014799454541357643,-0.016179039679054232,-0.00140825134579666,-0.007136626583401582,-0.0026796458511123902,-0.003761136188343968,-0.009831860284179397,-0.0016605585299527728,-0.0014898740103880012
2025-12-05,-0.00047391883447422343,-0.0007864481623612797,-0.0014669003779628756,-0.0066324508629430345,-0.005920394082819752,-0.0004481141326976297,-0.0014705033956278317,0.0015409006510423624,-0.00047391883447422343,-0.010974462597088917,-0.0002963255855880357,-0.001887484308673764
2025-12-08,-0.005355187329263137,-0.0024048604025972246,-0.00018195004292582018,0.0044270957099944875,0.00393500620955037,-0.0030017360753424698,-0.0002469532591378818,-0.006949040227084899,-0.005355187329263137,0.004462391964415693,-0.0035159382476294843,-0.0016951832902174506
2025-12-09,0.0023552162324135457,0.004392277520968366,0.00520907402178385,0.014368691081218517,0.011848251588811264,7.743685350382974e-05,0.00516614837415298,0.0005730624958346783,0.0023552162324135457,0.012084100828396485,0.0003079860698239932,0.0006104188928136424
2025-12-10,0.004450568399757184,0.0036161255334583925,0.0016937925690083014,-0.0033848801569179216,-0.0045901615744640585,0.005249542211293373,0.0017152297026136903,0.005133625239155431,0.004450568399757184,-0.0010125831280545536,0.004914814035628908,0.002817918592803625
2025-12-11,1.0913105089570952e-05,0.00223843593948951,0.004268970431737602,0.0018522402863339485,0.005050384728479177,0.0025163973384942145,0.004211027365624381,0.0007451559888985655,1.0913105089570952e-05,-0.0035620945770813367,0.0021245202210233927,0.0037675271084635508
2025-12-12,-0.007041037817094092,-0.00676869766446298,-0.005749563310754067,-0.009939449491045013,-0.007582365152456524,-0.003547699842957731,-0.005778621601249754,-0.006224625905936742,-0.007041037817094092,-0.012528375222920305,-0.003767360933252753,-0.0006551422552621676
2025-12-15,-0.002218811081388178,-0.0013606555609539312,-0.0020531062108419384,-0.009865103901436587,-0.009010531193691504,0.001293850255891578,-0.002043918561589615,0.0002084811312237678,-0.002218811081388178,-0.01551868097456804,0.0007147419085455104,-0.0011846710577404504
2025-12-16,-0.003010778361180448,-0.0006797899608686725,0.0013988883781849027,0.004790654572204601,0.005760448755867918,-0.0009538755899460511,0.0013943580370443336,-0.0031078391184346256,-0.003010778361180448,0.0019110715609862682,-0.0015525830274223666,0.0004175653261114622
2025-12-17,-0.0004330933463640366,-0.0019432572960419881,-0.002996188301304133,-0.006917984569471044,-0.005808219945228728,-0.0010483081280463827,-0.002950816550660539,0.002348148505333414,-0.0004330933463640366,-0.013698191105848254,-0.000682213451703342,-0.0006050482066431672
2025-12-18,-0.001298459762573999,0.0007310684683982439,0.0008607237978426104,-0.003924589147649104,-0.0041342450886618625,0.002859762196909721,0.0008824775344403032,-0.0009204328407973755,-0.001298459762573999,-0.004017068694045247,0.0018089353722986765,0.0001730850062480057
2025-12-19,0.009154571923322277,0.010295775904055986,0.011357966252561214,0.02393253114904566,0.02265059492985387,0.0024467215256598765,0.011269094843362935,0.007515031756085056,0.009154571923322277,0.02012536600526343,0.0030593477662857168,0.0014680900566789688
2025-12-22,0.006685658740781328,0.008174800061377259,0.00846302439942121,0.01316272286411697,0.01306766781274692,0.003218849649744635,0.00839787817074095,0.007320800329405481,0.006685658740781328,0.0036938600818109224,0.0038028703922851075,0.00612096005665393
2025-12-23,0.0076969266358006515,0.008513540271795248,0.00841795624504808,0.01137570716981044,0.01165909034267307,0.0030524751347367385,0.008369651203350092,0.010195287472362684,0.0076969266358006515,-0.0016802374824631977,0.00351372639933162,0.002542388608884524
2025-12-24,-0.00012057535899196966,0.0001518999128659851,0.00015654707939204848,-0.002301383367678193,-0.0019430913596242393,0.0015640248277440567,0.0001787003667904705,-0.0001940603954717812,-0.00012057535899196966,-0.0004640929141928582,0.0016736782924238888,0.0010278033057200232
2025-12-25,-0.0016630098794409786,-0.0016538595662730438,-0.001832777675756551,-0.005108905268070453,-0.004755228192695502,-0.00016432918184627857,-0.0018167268454398792,-0.0008925291177040752,-0.0016630098794409786,-0.005636391745340761,-0.0003553522084106501,-0.0007894131642896236
2025-12-26,0.009864146087584244,0.012432816211856731,0.014182713668402213,0.022958675447357267,0.024227976782726337,0.0035531440572392214,0.014010276507921816,0.011457744192390743,0.009864146087584244,0.005810990307533037,0.004122264274599167,0.002791043077828689
2025-12-29,-0.010248106876697055,-0.01446289283601617,-0.01723799522762201,-0.025562809121075773,-0.028226146514308804,-0.0044239275593997585,-0.017062289922697337,-0.01254656737523137,-0.010248106876697055,-0.002344495810172679,-0.004704192146437625,-0.008651278376018033
2025-12-30,0.00529454479572243,0.0064669367758352905,0.007428000580451405,0.013276357779782911,0.013935586200802416,0.0017290026154828362,0.0073542241552091185,0.005589861426357788,0.00529454479572243,0.006389970370759593,0.0020184840615614557,0.00043098671992164884
2025-12-31,-0.012496387893220008,-0.013104950652832207,-0.013387705032922057,-0.020757255338763554,-0.021373239821275203,-0.005008864918191149,-0.013316932752942212,-0.013407153561811205,-0.012496387893220008,-0.008854657521244381,-0.006178670696540291,-0.0032084576976121916
2026-01-01,0.0019346263609761423,0.001588504210315535,0.0019029551691477674,0.004410431050565258,0.004608223577875829,0.00013853517820268786,0.001886245787085046,0.0010389334251360185,0.0019346263609761423,0.006650814021135565,0.0003376560086486,0.00020199977444207667
2026-01-02,0.011672578800857217,0.013676749450748735,0.01629490428588721,0.027427426752234786,0.02805140116638425,0.005248755019223209,0.016154788549298648,0.00929130228019867,0.011672578800857217,0.021430865440314327,0.005742928977887559,0.00345669478220562
2026-01-05,0.01723395824383647,0.021286087043904445,0.028738344199508357,0.04851874144218813,0.05550435683433307,0.006923309751115147,0.02852954760638323,0.014782244225772626,0.01723395824383647,0.030927046250047732,0.007952544863626046,0.01081525620698871
2026-01-06,0.0074657683038213685,0.010472543667121291,0.010699874388083617,0.016870754839049762,0.015658117242157273,0.004052303202884446,0.010570068230693655,0.008833282922840548,0.0074657683038213685,0.0033126191611971448,0.004466899081318069,0.0030579586345935725
2026-01-07,-0.011612837659606983,-0.013577700664577936,-0.015965827254138063,-0.027847087024854306,-0.02955383502916218,-0.0040046713320828296,-0.01580406178081225,-0.010254113760204707,-0.011612837659606983,-0.01753331581990811,-0.005216781568362481,-0.005241759704253655
2026-01-08,-0.0007243335383027632,-0.002779295081010361,-0.004473680465978137,-0.009739446298751163,-0.009508726944983783,-0.00026852813261062135,-0.0044451397884420416,-0.0011997873796762224,-0.0007243335383027632,-0.0040240707343378096,0.0004728422500105765,0.0007942630047355957
2026-01-09,0.002903106982462768,0.005202111260615323,0.005784182374415704,0.004758237632772361,0.0054772555221774,0.0035709084831909554,0.005763569392614723,0.003225120680835052,0.002903106982462768,-2.0870401197305394e-05,0.003367702885325279,0.0017459724200065195
2026-01-12,0.009217144986073652,0.010087963501981118,0.009992323391923604,0.013153072467665353,0.012731541781736667,0.0035674680493778532,0.009906659756124175,0.010516943805190835,0.009217144986073652,0.005661272522939645,0.0043236808783187865,0.0033957148764990025
2026-01-13,0.00715779700151992,0.0061593120020974204,0.005693012552427169,0.01863876544667361,0.01607469147691401,0.0002840851347399155,0.0056684805116270255,0.0047735843803245045,0.00715779700151992,0.020326471048924835,0.0016970934193409107,0.0007641467621906793
2026-01-14,0.005346149012058937,0.007962641404928233,0.00909101093699415,0.013126062595796637,0.01326960511735101,0.003926425944806463,0.00904483536735373,0.0059503557144532605,0.005346149012058937,0.005167380496190131,0.004212442885403454,0.0026634153243021014
2026-01-15,-0.003210643009897214,-0.0031824707378911798,-0.004057414708448729,-0.008993201371726748,-0.009709392540796067,-0.0005712928078765566,-0.0040439874524217335,-0.002480503123688262,-0.003210643009897214,-0.008294466588577007,-0.0005959039776528745,-0.0017560234625066287
2026-01-16,-0.004138440805115524,-0.0055601532950381016,-0.006375567883307089,-0.010047789186317206,-0.010768583865723243,-0.0025447657182828794,-0.006360807065612935,-0.004846913316066225,-0.004138440805115524,-0.0011094062204589597,-0.0021756005445016883,-0.0014566555534825248
2026-01-19,-0.003667150502030702,-0.0035972724133029954,-0.004321397783060036,-0.010692664334722754,-0.010323314336935658,-0.0004385441543086688,-0.004285338071545942,-0.0019763380521323577,-0.003667150502030702,-0.013362998810473686,-0.0008062760251118475,-0.001016527769666502
2026-01-20,-0.0024579953859913944,-0.0022918409211978618,-0.001501778460356172,-0.00409944835053806,-0.0015678751528395544,-0.004851010370916025,-0.0015964061335944286,0.0028917288154406235,-0.0024579953859913944,-0.023946280265565875,-0.004564505190514814,0.0025959346102825687
2026-01-21,0.010998906999838857,0.008880191422689875,0.007630547338175074,0.010041219561930702,0.009394320075437858,0.005668829309675149,0.007626280395686122,0.010303310600872653,0.010998906999838857,0.011079352714035031,0.006195963401350856,0.0052621596286121595
2026-01-22,0.0046635932146311225,0.007839820087861242,0.009400301026059155,0.012836662406227932,0.013525346593793154,0.003428677927271831,0.0093364425842101,0.005658714225846548,0.0046635932146311225,0.0015168062083701249,0.0030071362732472864,0.004402483666908592
2026-01-23,0.009548043979749654,0.010904934332108143,0.011552057174669398,0.01766373318921313,0.017919764173373202,0.003130707766857646,0.011484329664745744,0.011351291146748401,0.009548043979749654,0.00425041281832491,0.0043504225824827405,0.0029273669554007774
2026-01-26,0.0046095132957659326,0.0050553415083396044,0.0055992958348829985,0.004047057687484744,0.00467722711973215,0.002922294598103079,0.005581417747887935,0.006245323477548403,0.0046095132957659326,-0.0019265694302125088,0.002889656099279866,0.004139685763004683
2026-01-27,0.006551879472957966,0.007241539149823463,0.007841012721432086,0.00723506082110566,0.00827754279185254,0.002077955800560687,0.0077116456419598625,0.005234889976481593,0.006662638728083453,0.008489412273132336,0.002825642125897478,0.0022930700106069384
2026-01-28,0.0015615504132328387,0.005892410824774976,0.008422545591380151,0.01686259392257596,0.0192077719906923,-0.000318044710992306,0.008243182280737895,0.0022890587031169905,0.001307806511837613,0.005467435591309972,0.000274705124197265,0.004216803211213849
2026-01-29,-0.0028457350895139534,-0.000466560053298313,0.0004935744168216222,-0.0037034368796977006,-0.004569970157561985,0.002370739418313083,0.0005649191880892613,0.0013612654470854723,-0.002486123185650827,0.004504413851015159,0.0016902654553080415,5.81145989623597e-05
2026-01-30,-0.020866258773704578,-0.045480171951996724,-0.05814999871991411,-0.10644522276292731,-0.12375311526358546,-0.005982205818616922,-0.057444066638655554,-0.022915459829337254,-0.02001506252526304,-0.03303540636202254,-0.010398814580698452,-0.018270588495829368
2026-02-02,-0.021703463502189352,-0.013358095847050482,-0.007842005416478644,-0.020846963946539204,-0.019867116816504788,-0.0031175478810898175,-0.007748579853670438,-0.020025636499216896,-0.020248510767964828,-0.020334737570868712,-0.0035948263646175113,-0.006543598664079215
2026-02-03,0.003927485875940991,0.010828883015584604,0.01433440977593878,0.02371947978118345,0.02654321516313981,0.003166220177942583,0.014136107232387712,0.0077724900580470845,0.004214260950809697,0.0126807051917151,0.0036205044623356594,0.0070187479675560705
2026-02-04,-0.0022820637316812624,-0.0003234821403916302,1.099880341858461e-05,-0.0020173208925908567,-0.0007539437214028179,0.0008429838548324123,9.316345711818863e-05,0.00022598336263357792,-0.001645912531477469,-0.0019868312789840716,0.000746407502830039,-0.0001354458819339807
2026-02-05,-0.02865713718115359,-0.029479721328317058,-0.02851035256430683,-0.059974507206086505,-0.06713712379703812,-0.003363749379043656,-0.02811626689607244,-0.022123954865584102,-0.027645775926660978,-0.024343466283233195,-0.006769089331369008,-0.006316839362562286
2026-02-06,0.0265492858081086,0.024001671435647715,0.021820988929505354,0.036293862933333074,0.03745210544199295,0.0076316165291484776,0.021640502226428833,0.02021151342693264,0.026267415307793134,0.021338194697919012,0.009604404841173135,0.006290983347307051
2026-02-09,0.002990037688123323,0.010008505828520788,0.0140120869430688,0.02077507923789812,0.02511511263805965,0.002744173807514935,0.013858843414534087,0.003753992185871784,0.003387415999321493,0.007676031342840433,0.003542562115002434,0.0036001300727820395
2026-02-10,-0.0021923523783184875,-0.003291487266580188,-0.003710238092893771,-0.011314478985155434,-0.013003646285667895,0.0019122419303663272,-0.0035103005586423182,-0.0012831066058215628,-0.0018882982557145767,-0.0028735700506223975,0.0012971646987688461,-0.0011357156891286175
2026-02-11,0.0024958963924982965,0.006921636926241736,0.00912308422841826,0.014178839838204168,0.016352735844417942,0.0015550777322673706,0.00894083700338232,0.004043136258051386,0.0031721447351326306,0.006007518772697697,0.0018553812508914189,0.0011316747956122775
2026-02-12,-0.00908935241253175,-0.01654912659040171,-0.019807699234212276,-0.03795258655547892,-0.043608976338721676,-0.0018942137965343988,-0.01949450590541123,-0.009876800976639805,-0.009105241057000876,-0.014917004707957322,-0.0035295942875721567,-0.003942041094374658
2026-02-13,0.008441098964848813,0.008529086689500198,0.008241721251549516,0.014063320290764328,0.01558042286040044,0.0036962305199634586,0.008235159099790777,0.007485155236394404,0.008217417125271801,0.005748148832658284,0.004175032416247805,0.0044282172259130816
2026-02-16,0.0019347515116352296,0.0008502696469659075,0.00011168118367390487,0.000945120965074299,0.00038329192238515395,3.5146417372234306e-05,0.00011016804300022285,0.001051864054708234,0.0018047602734768437,0.0007298417349158778,0.00011707881480095489,0.00022587653583611676
2026-02-17,-0.00563597257027463,-0.007992588543648399,-0.008943598320734098,-0.016774819808280956,-0.018705353974684993,-0.0014802916487584264,-0.008739874302332376,-0.006035436114246364,-0.005625547651114733,-0.008032611044371668,-0.0020263623260222885,-0.004650891154419452
2026-02-18,0.002161170259036247,0.006559628115570497,0.008555188362286007,0.017038474776526997,0.01948546392242443,0.0007738737822183144,0.008344988421095764,0.003888543356609037,0.002381433295508639,0.008519867183584322,0.0012785898609605929,0.0027234689519783604
2026-02-19,-0.000281779740953011,0.0003182944741321093,0.0007516872622289299,0.0013198976238419568,0.0021546776495258474,0.00017599532900037295,0.000688169865447101,0.00011432532963277846,-0.0002960594745105757,0.0006101965172777483,-0.00020400354115377806,0.0007318363965123427
2026-02-20,0.010213151785080778,0.013569356621798584,0.01517969424315605,0.027333099410778446,0.030830194335590862,0.0032623247770055394,0.01505596433252533,0.009939600680640403,0.009963706990832783,0.01295656577023092,0.004681544506456969,0.004313194234614666
2026-02-23,-0.0072586259762550676,-0.000469108785567076,0.0033209159495592045,0.005636143014277829,0.009233244265605898,-0.0003707803986541663,0.0032649028644999955,-0.003693697116413341,-0.006871462917871687,-0.003088960147764165,-0.0007560516616780159,0.003040651535639034
2026-02-24,0.0008880785897439134,0.0004303542290425551,0.0001370199847503758,-0.0025353348164516335,-0.003332725061435692,0.0013797348619027212,0.00016230067564399452,0.0008080363528825469,0.0011176235765713402,0.00014276692494348867,0.0012264367135441266,-0.0014978054301656816
2026-02-25,0.012145780508490911,0.009530537736094233,0.008172801278266424,0.01776235633065836,0.017627527027921478,0.0015781073752595969,0.008043348900277681,0.008290711995754981,0.011655951777384283,0.008847552948216835,0.0025960384966454766,0.0015277838056384496
2026-02-26,-0.0023546574941234193,-0.0008764220833412683,-0.00017203794984855739,-0.0006449515093042142,-7.663770590997463e-06,0.0004476064936116783,-0.0001210081384500029,-0.0010637604796457198,-0.002285905332249363,-0.0016995832967426955,0.00024360547554006187,0.0013985445850035459
2026-02-27,0.0016115841416654679,0.006286364642856651,0.008319654427823585,0.015873833747374444,0.0192052103483879,0.002338903275147832,0.00824529667222155,0.0041850908545171695,0.0018444435049102571,0.004538115769294756,0.0024808653387219113,0.0030797576896727684
2026-03-02,-0.0005574673034021145,-0.0066376448201400425,-0.01018227383126782,-0.01197308425669735,-0.01458810471383111,-0.003772627696057886,-0.010142362670185548,-0.001813229059315756,-0.0011808170059100296,-0.0013946593095360443,-0.0044501233421877315,-0.001756272931700121
2026-03-03,-0.016470882978693376,-0.025427607030862352,-0.0304938793065387,-0.04575060432894041,-0.05053242143055296,-0.007751849910410585,-0.030161961168454952,-0.015858631107544617,-0.01730344212429471,-0.01908645860194593,-0.009715681305552133,-0.007361432359557638
2026-03-04,0.00897672943938638,0.007776930377044969,0.007092981859035452,0.012043017843247645,0.012160528682928117,0.0019019361140296615,0.006989690872188293,0.006185982255100215,0.008773260491509897,0.008735927175938542,0.0026792851860979587,0.0014662304702168622
2026-03-05,-0.008307314411793002,-0.011045685274136581,-0.01271730966912186,-0.013587688584678308,-0.015215220958364304,-0.005350954158945344,-0.012622346377561683,-0.006839331871679821,-0.00898961744783685,-0.003967790496841191,-0.0059074804402601926,-0.0030401942739937083
2026-03-06,-0.0005977902726698992,-0.0006037634169685341,-0.0006794559710204219,0.0033251208612086938,0.0029184135985191864,-0.0006315381358946359,-0.0007705796910759317,0.0035174947878921954,-0.0010732017924686061,0.012048898445496234,-0.001109637736605158,0.0014965608078855224
2026-03-09,0.0022596637666412933,0.0063128964527890095,0.008780192154596843,0.012409521602885762,0.015065203273591609,0.0027603352693517528,0.008721568768985449,0.001649680939576341,0.0026201254522509173,-0.0008941224796840126,0.003153420365211553,0.0022520296302114867
2026-03-10,0.001975495149350259,0.0025729360252378483,0.0029289125397240334,0.007613595642981813,0.008495251768687503,-0.0016364677534434317,0.0028213658049400254,0.0014543088405818058,0.001720646551391528,0.004838792247965582,-0.0011206949398586625,1.9058310928559015e-05
2026-03-11,-0.0010612223692546988,-0.0034253946658265016,-0.0048492176133632355,-0.006124446905848213,-0.008234640580144947,-0.0028152305067431814,-0.004945403692689855,-0.0015594556304513708,-0.0007875222679307049,0.00028040971724323737,-0.003120626418087181,-0.0027518257721545203
2026-03-12,-0.004267133206946159,-0.009947452590669438,-0.013374561055046905,-0.013894574707434448,-0.016038909736632242,-0.0049381410295258315,-0.013279361139494511,-0.0034151433865099324,-0.004903450381485623,-0.0004044998716068171,-0.00575984745842558,-0.004823127102673589
2026-03-13,-0.004472165720349512,-0.009273217027944137,-0.011845364673838236,-0.020689163503604925,-0.02348982146119277,-0.002280702421251211,-0.011722718512576861,-0.005763229918943259,-0.004581678897957183,-0.006946373336878175,-0.0031168570693500533,-0.0028252487182414297
2026-03-16,0.014251782161187302,0.013412734030623636,0.013069556006336799,0.01886856390927724,0.019047730924196163,0.005170698692193696,0.013006145896094763,0.009501443191600512,0.014322950419781568,0.006472072861259825,0.0064379483104322075,0.002438429315438608
2026-03-17,0.0013988989738182313,0.00042267638212381174,5.441614018034487e-05,-0.002588673468549127,-0.004120409360876575,0.002584066022854557,9.03375291123001e-05,0.002085849920876932,0.0015054989141131108,0.0035075739935339994,0.0021392422887048213,0.0013208118496183718
2026-03-18,-0.014370432926224051,-0.01694175298387887,-0.017904595641850835,-0.026559043242868136,-0.02866537640142446,-0.007171458395038462,-0.01782038362427241,-0.012282481008390932,-0.014421773045834401,-0.011350465758431029,-0.008507076761526216,-0.006622411077279278
2026-03-19,-0.0072749823553016095,-0.00833730165260089,-0.008721938113532028,-0.016589995067397303,-0.01907842838357661,-0.0015211532309795392,-0.008600384760425269,-0.007474692115689177,-0.0067852342986302674,-0.0104982060711135,-0.002254680185042884,-0.004193864267488729
2026-03-20,-0.015337977256644323,-0.020730934201148077,-0.02383810840546295,-0.02884970108141082,-0.0317227147010878,-0.012009501738967938,-0.023846444292637752,-0.015680520163899814,-0.01578532787519018,-0.015720733364837057,-0.012914507724921606,-0.009688895608931162
2026-03-23,0.002112777851589464,0.006242278581225047,0.008683957855936786,0.004197695723674276,0.00556080564208564,0.004511441253082576,0.008694937845462037,0.00029847091783948617,0.0032606285422819804,-0.0035474543010806945,0.00519765045211078,0.0007232229172196578
2026-03-24,0.00016629893692344762,-0.0006257677778750373,-0.0014557461707582736,0.0008468419941140143,0.0014894356126063468,-0.0014039983125679412,-0.0015586228387324983,0.00031415408514059,0.00020534226178795466,0.0006004480912696222,-0.0018548316370056446,-0.0017282214446400095
2026-03-25,0.008287605985957937,0.011004013393102304,0.012507496358637595,0.01722621729627771,0.01920596268463241,0.004906048292324492,0.01243456511122428,0.008274087561321242,0.008464985279965214,0.00973779629910944,0.0058304530603768764,0.005587816825015005
2026-03-26,-0.01452697967971998,-0.0193989607237832,-0.022674903606043302,-0.033106870566821045,-0.03717020249044149,-0.007337894414519989,-0.022456999176493672,-0.012620052071487678,-0.014428506141395337,-0.012518630102243434,-0.008867100649628864,-0.008113827895795862
2026-03-27,-0.0015316553340082517,0.0013534511125015678,0.003119966515784904,0.00986973343912334,0.01131830315211457,-0.0006128184746033708,0.0029646981464387756,0.001857397946069933,-0.001669977271280073,0.00707165778317334,-0.0009298150629170966,0.003235427727826753
2026-03-30,0.002067950169083449,0.0014406530206109143,0.0010120546087703831,0.0019833214087942174,0.0018155221765309528,0.003069734167273785,0.0010786805610023735,0.003097335547949308,0.0018180320449564758,0.004429642191843246,0.0026725708751784865,0.002627718263970164
2026-03-31,0.01601725317349638,0.021442668701718993,0.024416000124908036,0.032492020214461015,0.036595294746188625,0.008806149894939344,0.02423547210741741,0.015054629319776596,0.016384779589630354,0.017792164402862718,0.010499950825766977,0.007838751945394032
2026-04-01,0.001123854512145547,0.003587678756580869,0.005495977320220126,0.003140094513854121,0.004368917663295822,0.001326102660310967,0.0054308576556323694,0.0007797014441674893,0.0013016875258707306,-0.00042642159956904064,0.0015433136564619574,0.001297730711654656
2026-04-02,0.0015646280820665792,-0.0027056896600953853,-0.005435331656815453,-0.007312500366205559,-0.010755587032090945,0.0026640342785347673,-0.005247780843261544,0.004395014514034718,0.0011222480543630852,0.008286346809189967,0.001693668694222029,-0.000606740694772301
2026-04-03,0.0006801611353140724,0.00032873342253141296,0.00010585710392104256,0.0004798181679916923,0.00038855748204018597,2.36207582486566e-05,0.00010442669491715707,0.00036684169560921467,0.0006354776563131685,0.00025577446884511806,4.8993754792627024e-05,5.0412772189139634e-05
2026-04-06,0.004078945713706953,0.002942854845399212,0.0022041071344276447,0.002874405677864212,0.0026460131838398704,0.0009625601427057734,0.0022053122963604727,0.003076006005600345,0.004099156093307912,0.004407888789663206,0.0014085226380419992,3.542581266526918e-05
2026-04-07,0.00462587418474935,0.00201840806727091,0.0005297987343563677,0.0016170745374048015,0.0008539581219218922,-1.916933924240067e-06,0.000530338912983285,0.002114119938506848,0.004418729994117246,0.00031116264685591565,0.000452653718870832,0.0009091251544181293
2026-04-08,0.00702070425278651,0.016187368057543478,0.022131050699738586,0.021136430969751038,0.024880811123222036,0.008279607031136848,0.022039805047844,0.0068759628449587004,0.00834068830044907,0.003528221510910961,0.009675826194874997,0.0032438957874289594
2026-04-09,0.0027252549152329522,0.0029921127715907695,0.003068249796530564,0.007643361272338049,0.008888198469128195,0.0010770283239037377,0.0030464201510311643,0.002907229748275622,0.002246143462338105,0.0032484249514243826,0.0011440112335928403,0.0017173064371678974
2026-04-10,-0.0006388283421880571,-0.0006726590496672376,-0.0007020844294257538,-0.0018044111835095104,-0.0017795838136108154,-0.0014300119005457275,-0.0006812359808781392,-0.0014964036162310212,-0.000645248412505269,-0.00027311605818839443,-0.0010908586199948659,-0.0015976745654374914
2026-04-13,0.006537718398994403,0.0047868439722222504,0.0035404058864139474,0.0047555982487827615,0.0035776976876819027,0.003325008697161528,0.0035336786976533515,0.005839004802227011,0.006463474855126971,0.007599465816224401,0.0034411707298820722,0.0013088287018932889
2026-04-14,0.0031970364080396566,0.00878834993667784,0.012071061810615659,0.01679109418687475,0.020129244616608703,0.003723995571919568,0.012009257586190009,0.0038608919772813036,0.003253504941994063,0.004768063189558864,0.004323239365493893,0.004934564044523127
2026-04-15,0.0003019918543935657,-0.0009942346663736987,-0.0017698390325729114,0.00012328473069947703,-0.00047710270290289136,-0.0013512129712482655,-0.0017554711995391662,-0.001038562903938777,-4.4318344321756117e-05,-0.0011788884259491584,-0.0011177108400006047,-0.0013310633382798238
2026-04-16,0.004318488542731941,0.0011200080707341887,-0.0008821512487822808,-0.0006945260314576256,-0.0022703815744460594,0.00020315274158793582,-0.000848064988361436,0.0029063278920145215,0.004200354038607802,0.0032504168322637847,0.00020135088796919905,-0.0009468806930974108
2026-04-17,0.0061099253202354506,0.009392640495933914,0.01128286339521289,0.01322125127127426,0.015927390854773432,0.004556902697030574,0.011329056102100358,0.004618162587041893,0.006149306987225227,0.0003740003979333566,0.005686255294130809,0.004261194185129815
2026-04-20,-0.0038586111129035867,-0.004945620318890081,-0.005657908873363296,-0.009508266849254137,-0.010816687984537034,-0.0005721275165130116,-0.00559292965551444,-0.002079489729127244,-0.003836408858418741,-0.0005990615039901518,-0.001492897994482249,-0.001780051659987107
2026-04-21,-0.006129945500484958,-0.012230124489836559,-0.015926232560126468,-0.020681286925603358,-0.024332853740511317,-0.005410423112282409,-0.015882495989812933,-0.006384688754823795,-0.006515869741144554,-0.004561122513538145,-0.006307721540215895,-0.005339559978438745
2026-04-22,0.005902671505385204,0.008105572907697426,0.009265641723853276,0.015623490394935418,0.01654473368025195,0.002453877925941336,0.009109985292153433,0.005767599728628003,0.00606094496515467,0.007732580574679112,0.003107702073771198,0.002605653121512678
2026-04-23,-0.0011617293286868154,-0.005226647777939098,-0.007662501244388853,-0.013529167084077453,-0.01501326975512719,-3.6903395569609494e-05,-0.007531787629978302,-0.0009571576351642666,-0.0014282363466581922,-0.0004411896842272927,-0.0009002062178046183,-0.0009859432913769633
2026-04-24,0.0002179120406651779,0.0006127688647325001,0.0015608190076164383,0.00017651736811758075,0.0008677722134202368,0.0013673163651617116,0.001590885311737772,-0.00038821945244151164,-0.000840682262327586,-0.0017930860396764496,0.0009202135496612088,0.0004173136751006015
2026-04-27,-0.0028912553451833807,-0.0017209037865858379,-0.001408924866001018,-0.000992028616168325,-0.0017852579607492971,-0.0012942796113571038,-0.0013588090081509672,-0.0023058532282342076,-0.0018752394263446869,-0.0005672822970884629,-0.0014884721966175814,-2.974525451075532e-05
2026-04-28,-0.003412841362741014,-0.0020052984568786803,-0.002714630383670249,-0.00435536677023489,-0.005649464697784198,-0.00039619905408214183,-0.0025373755817314245,-0.0029055639935929144,-0.003661367619375429,-0.00022075396747862127,-0.00042521474195410974,0.0011495992799719769
2026-04-29,-0.0038723202420981122,-0.0005194158084668395,-5.726366276431532e-05,0.0051565360547828065,0.0020801467513557534,-0.0030247929604210254,-0.00021095524251230112,-0.003392503382985967,-0.0031882206154766517,-0.001088733927195878,-0.0028474845400238823,-0.000472058435701203
2026-04-30,0.01197885842006546,0.011928451877342018,0.01308248865830591,0.013799933905561033,0.01556313924275841,0.006404525859084354,0.012136864878087749,0.012120336459093755,0.011045496351531507,0.010459325385068222,0.006717162175905464,0.0013393943851274215
2026-05-01,0.0007396277815597317,-0.001302839302125329,-0.001646328944068166,-0.0021554250066029303,-0.0008152301973448762,4.087460963673594e-05,-0.001479651761726133,-9.45253100059554e-05,0.0007067586547490768,-0.0004935753304191148,-0.00012063944249147754,0.0003537036861250535
2026-05-04,-0.002779764726911305,-0.0034625094407795157,-0.004490863671191305,-0.004566175808706252,-0.00558274173789221,-0.0035856581798810578,-0.0042930117458019655,-0.003925700041106264,-0.0030788929648586506,-0.002270714371163352,-0.0034689863740844885,-0.0012381507357128612
2026-05-05,0.006665154309385606,0.005704602930509175,0.005975275932494529,0.003226105397356166,0.00358432367003235,0.0034696411190868375,0.005595284297678504,0.0046360744499466255,0.0041324307542521255,0.004806594647376119,0.0035704882169737984,0.0006346757320991401
2026-05-06,0.01104840601633899,0.009127629809932935,0.010799313335866376,0.011611692813593786,0.01474994676305275,0.0057959859461219326,0.010127291801459999,0.009941626959460144,0.009705165505066265,0.006638786990602047,0.005982870703296975,0.00017221735089050145
2026-05-07,-0.007774613578959491,-0.0071792173868983015,-0.007350687647907371,-0.0037038881160398832,-0.004216180056478184,-0.004839109117459724,-0.006891521692817709,-0.006171356646881874,-0.004972106675992424,-0.00664617487197274,-0.005047662522756369,-0.002339337367613498
2026-05-08,0.006712962016968563,0.006237446529684956,0.006980783782672879,0.008405481107999265,0.00871669055183602,0.0037144365371588875,0.006547418468639258,0.005043596022905012,0.006041665882108066,0.005635490944947178,0.0033807669912989755,0.0022952645091818195
2026-05-11,0.010856964661897993,0.011339386516198771,0.011601034612274434,0.025453595826561017,0.024532674192278146,0.0014469376515110785,0.010603451605999547,0.010661515402149232,0.012928421289926537,0.01358144352243968,0.0017595347650410454,-0.00040049535489563616
2026-05-12,-0.004487703862363387,-0.0014252613183285364,-0.0012266241019719102,0.0036292250396081057,0.0023681428877939223,-0.0016396810133224797,-0.0012379571540123097,-0.0019836073610822527,-0.0020791611540914544,0.002400399551634597,-0.001584063906575106,8.947915444931808e-06
2026-05-13,0.0007980339904783242,0.0012491967531817272,0.0023518254640239058,0.002386266387222973,0.0030286823163453054,0.0006136293300961906,0.0021815040743718246,0.0007620294382203667,0.0007549351766689269,0.00039270091903364384,0.0007592575207466338,0.00036676184815991763
2026-05-14,-0.00046978507700991214,-0.0026346781242452006,-0.004086670902660585,-0.010425482485397814,-0.011845659056369263,-0.0016598380546219784,-0.0037934627729562707,-0.0027202036559923187,-0.003076410884904469,-0.005599226507884369,-0.0013914494925452564,-0.0012297153633515146
2026-05-15,-0.016640160329339952,-0.015099376462717407,-0.016299819736162305,-0.021671338950555126,-0.02423015214194279,-0.008702485149739602,-0.015277134086976688,-0.015619135923156169,-0.01610155353640718,-0.017006689554117334,-0.00921785760418503,-0.003956137855827229
2026-05-18,-0.0015164281339349176,0.0017781382272520716,0.002409989991215707,0.00339731498082864,0.002317333227783406,0.0019654231012833194,0.002249882173459516,0.0013204333116477729,0.00044295944574118727,0.004085494073988097,0.0017077395047173432,0.001339110362897519
2026-05-19,-0.00501863075175616,-0.004788752039093902,-0.005741317325468374,-0.00859920074225716,-0.009658325665122161,-0.0030833383886849355,-0.00540721252186023,-0.004550661973568017,-0.004875349850418608,-0.003380233199767688,-0.0030231228281854235,-0.0016004635520672132
2026-05-20,0.00592694045603245,0.004391748980698213,0.005754232544809055,0.0010474108111236105,0.003957147819721533,0.0051518066130267146,0.005493725625200488,0.004792427792354938,0.004031852379374257,0.0017752213798787944,0.004915766319006859,0.0014491210417846134
2026-05-21,0.0014482679729879238,0.0012043684445854634,0.001996149507014044,0.0014763183556466132,0.002504446264682725,0.0005641041007444926,0.0018662410397977864,0.0006853581207736062,0.0005476527074108805,-0.0020472926195083943,0.0005850576504961801,-0.0010316836792531687
2026-05-22,-0.004470283576597568,-0.002388963440337784,-0.0012638205543537937,-0.006252258714410903,-0.006252773527782656,0.0003020837817576926,-0.001139638251830248,-0.003541406130679975,-0.0048152947129005575,-0.003216912042903464,0.0001663044333755274,-0.00011320871541009095
2026-05-25,0.0021044452593393086,0.000834759224991675,0.00029442514121715566,0.0005187389049297333,0.0008088504862778507,0.0,0.0002720330423252592,0.0011580623698896303,0.0013688082957043863,0.0011088932104147949,0.00023226775145173615,3.457341069824827e-05
2026-05-26,0.002168004016302981,0.0037024347261358195,0.006270466820719702,0.004536523112069272,0.005863136751462623,0.003754285443526746,0.005908853023485483,0.002005992647488755,0.002082842091722827,3.6778848852000523e-06,0.003047425037647872,0.0012524418806534267
2026-05-27,-0.005324436793810234,-0.0065458410129967575,-0.0072269352684461935,-0.016144627827766798,-0.015404242021058043,-0.0007332587587884743,-0.0066523030469949705,-0.004862831952448258,-0.005724212471304568,-0.005482104030742008,-0.0013390242469857334,-0.0007978982446282853
2026-05-28,0.0027632450200949215,0.002622533147196587,0.0027169728524700423,0.004269772309349302,0.0037362247807134963,0.0014372743938733002,0.0025857247533039997,0.003735651194249506,0.004946315063897384,0.004215300438382893,0.0016774733251913284,0.0016079411023265245
2026-05-29,-0.0012051039988748712,-0.001783004780450714,-0.0010792423859923002,-0.0017514692221309394,-0.0013089352814780932,-0.0010667983511346625,-0.0009621926134909004,-0.0017718577189035644,-0.001078592633084075,-0.00411967912326886,-0.0011425602651549802,-0.000865595854422379
2026-06-01,-0.0007911718158241867,0.0019405224550214446,0.0037429046669867983,0.009036681986262455,0.007321120636487552,-0.0013946688042325898,0.0034232155060787235,-0.0017284774375198272,-0.00016737316660387605,-0.0007266954046512596,-0.0013124070056685167,0.00021489887277959137
2026-06-02,-0.004516841651453397,0.001658073589954393,0.005103822299805893,0.005318786491904715,0.004599994152761611,0.00205720738109037,0.00473379848576032,-0.0008146069672851033,-0.0020908492475779764,-0.0012324463264878408,0.0013882318094107556,0.00017895642374861836
2026-06-03,-0.009080068254782843,-0.005841840105637465,-0.005486671330884591,-0.007401306214493546,-0.00903854739255669,-0.0030387374081668047,-0.005137672952059649,-0.0073447100635337555,-0.007868029886836533,-0.008646578847372417,-0.0036222686591315077,-0.0017564525501028118
2026-06-04,0.0002997115844699369,0.0007071443584364947,0.0009571648369244151,-0.0014217716864771677,-0.0002070212085636641,0.0017675537044524714,0.0009524760008761787,0.003119381267361978,0.0016471319350288417,0.0020400399388178147,0.0025529494733786467,6.625397750369469e-05
2026-06-05,-0.0268236875526782,-0.025457046295058447,-0.02803034113345649,-0.04167052520489789,-0.04293922195676257,-0.009441652761985553,-0.026085462314603496,-0.022464287708139158,-0.02561226034343778,-0.022216266955363155,-0.010227706268010867,-0.005083660795775671
2026-06-08,0.006058181996726765,0.00402051446810086,0.0037944271301833957,0.006025295928917259,0.0057861208777963725,-2.8901551291556798e-05,0.00348933995834498,0.0022324350971228016,0.003375899193062184,0.0017301552495445156,0.0001783189713144706,0.00023138318819506063
2026-06-09,-0.002178668662862403,-0.002629434912208409,-0.00345732020669998,-0.013335839608521045,-0.012940053469581918,0.0021577757092318506,-0.0031060236825523314,-0.0012101495015341324,-0.0034309525648797247,-0.0017285186692971614,0.002132200137472794,0.0006671753524065329
2026-06-10,-0.008356002293209614,-0.008135683475988581,-0.009808892269164432,-0.011130350295946523,-0.012319746240163607,-0.0033208367868177366,-0.009069717678040799,-0.007202134287301218,-0.007469659212572593,-0.007234877795189257,-0.003534901834727959,-1.632894141931083e-05
2026-06-11,0.015855792449302353,0.014692492101832507,0.016965418244661322,0.017890228457598484,0.020082661732372935,0.008356743427834226,0.015872625458055067,0.012830007965302516,0.012893268383508363,0.010963259597872827,0.008570131592787786,0.0030370471015045888
2026-06-12,0.0034642779562193476,0.00289109124581571,0.0028394413919663798,0.0002918341041697539,0.0007648083240781524,0.0016253796181614774,0.0025817886537646416,0.0033954783952060592,0.002336989640969626,0.00314454592039309,0.001906097860175585,-0.0007914832910940605
2026-06-15,0.011569786672014507,0.007531813922273152,0.007879229834366567,0.0099532238685519,0.012696034147259713,0.0025433209304254155,0.0072990810899312,0.00792405920809046,0.00936219518677234,0.007808150120343091,0.002967840074205773,0.0008168654037907092
2026-06-16,-0.002018651212502152,-0.0028852830833626837,-0.003662535287135344,-0.00714518854434718,-0.005956435066127112,0.00031358161034800993,-0.0033187711607732357,-0.00023350640950597825,-0.0006075471723124548,0.0011965073777708527,0.00029273570991708044,0.00014473173329853305
2026-06-17,-0.013263167556469774,-0.012349518651345709,-0.012173215535221275,-0.018111564228567075,-0.01925943383839178,-0.007029881749930238,-0.011430245312660958,-0.013336071891518565,-0.012990285176369163,-0.011958812174580448,-0.007485174613927474,-0.004387775788642586
2026-06-18,-0.00034081483257476504,0.0019023751327127366,0.004155198783927948,0.0003930505244132852,0.00039927566153042434,0.002937144775567978,0.003966891072359869,-0.00018426876663616445,-7.93189466745907e-05,-0.002346919884748607,0.0020911199685433495,0.002030928057563513
2026-06-19,6.024024146021454e-05,2.3737387059826146e-05,2.402174603109274e-05,1.5319258805904537e-05,5.878304781796802e-05,0.0,2.2158489357324946e-05,3.2981248117044286e-05,3.9157378497225184e-05,0.00010381834746398872,2.7479536479689664e-05,1.0715808245573485e-05
2026-06-22,0.00024356868407272362,-7.883836332007207e-07,-4.254008486076651e-05,-0.0033448904582454465,-0.002915714777443266,-0.0008758251658507857,-0.00017198322445463246,-0.0004711539552779883,-0.0014315918247709732,0.00013108607839196014,-0.0004920635904725398,-0.002338140614262632
2026-06-23,-0.013361850664139996,-0.013898660362231969,-0.016545224923835616,-0.024642115544665145,-0.024539628788851835,-0.0036498718486967724,-0.015202508910537772,-0.010796356261065829,-0.012556213885302654,-0.010274346849647991,-0.003996580932505284,-0.00017806012792610207
2026-06-24,-0.006217190272164815,-0.007118009785984722,-0.007630443602088161,-0.022767742498403694,-0.022440640206993767,0.0010509850845082304,-0.006825628153448666,-0.005705805727014908,-0.007528346780696665,-0.00811640782276735,0.0007364294747575165,0.0014733365276473555
